blind_id,task,condition,round,source,brief,visual_concept_imagery_score,visual_concept_imagery_reason,composition_hierarchy_score,composition_hierarchy_reason,typography_integration_score,typography_integration_reason,color_atmosphere_craft_score,color_atmosphere_craft_reason,overall_score,overall_reason
PG01_I01,task_01,SELF,4,results_b200_3/poster_aesthetic5/qwen36/experiment/SELF/task_01/round_04/render.png,"Create a visually striking public-awareness poster for a wildfire prevention campaign. The poster should communicate that a single careless action can threaten an entire mountain landscape. Develop a memorable central visual involving a forested mountain, smoke, fire, or another meaningful representation of wildfire risk. The image may be realistic, illustrative, symbolic, or abstract, but it should feel emotionally immediate and specific to the subject. Required text: ONE SPARK IS ENOUGH; Check conditions. Extinguish completely. Protect the wild.; National Forest Safety Initiative. The poster should feel urgent without becoming sensational, graphic, or visually chaotic. It must work as a compelling campaign image when seen from a distance, while keeping every required line readable. Do not design a dashboard, webpage, collection of cards, or informational interface. Create one unified poster composition.",68,"The glowing spark path cutting across a dark mountain makes the risk legible, but the zigzag device remains schematic rather than emotionally vivid.",78,"The centered headline and rising spark line establish a clear diagonal eye path, though the small central copy and footer compress into the mountain silhouette.",88,"All required copy is present and sharply legible; the large stacked headline, centered action lines, and restrained agency line form a clear distance-readable hierarchy.",80,"The navy field and restrained orange spark line create urgent, controlled contrast; subtle mountain layers and glow are polished, though the haze is slightly flat.",78,"Typographically all required copy is present and sharply legible; the large stacked headline, centered action lines, and restrained agency line form a clear distance-readable hierarchy. However, conceptually the glowing spark path cutting across a dark mountain makes the risk legible, but the zigzag device remains schematic rather than emotionally vivid."
PG01_I02,task_01,CEN_MAD,5,results_b200_3/poster_aesthetic5/qwen36/experiment/CEN_MAD/task_01/round_05/render.png,"Create a visually striking public-awareness poster for a wildfire prevention campaign. The poster should communicate that a single careless action can threaten an entire mountain landscape. Develop a memorable central visual involving a forested mountain, smoke, fire, or another meaningful representation of wildfire risk. The image may be realistic, illustrative, symbolic, or abstract, but it should feel emotionally immediate and specific to the subject. Required text: ONE SPARK IS ENOUGH; Check conditions. Extinguish completely. Protect the wild.; National Forest Safety Initiative. The poster should feel urgent without becoming sensational, graphic, or visually chaotic. It must work as a compelling campaign image when seen from a distance, while keeping every required line readable. Do not design a dashboard, webpage, collection of cards, or informational interface. Create one unified poster composition.",61,"The rising ember line suggests escalation, yet it overwhelms the faint mountain and reads more like an abstract chart than a wildfire-specific image.",74,"The steep diagonal gives strong directional energy, but the body copy is stranded in the lower-left corner and the large empty center weakens balance.",67,"The headline is forceful, but the action copy is cramped into the lower-left edge and the agency line is extremely small, weakening normal-viewing legibility.",78,"The near-black palette and crisp orange-yellow diagonal feel purposeful and energetic, but the sparse field and hard digital line leave the atmosphere somewhat synthetic.",69,"In color and craft the near-black palette and crisp orange-yellow diagonal feel purposeful and energetic, but the sparse field and hard digital line leave the atmosphere somewhat synthetic. However, conceptually the rising ember line suggests escalation, yet it overwhelms the faint mountain and reads more like an abstract chart than a wildfire-specific image."
PG01_I03,task_01,SELF,2,results_b200_3/poster_aesthetic5/qwen36/experiment/SELF/task_01/round_02/render.png,"Create a visually striking public-awareness poster for a wildfire prevention campaign. The poster should communicate that a single careless action can threaten an entire mountain landscape. Develop a memorable central visual involving a forested mountain, smoke, fire, or another meaningful representation of wildfire risk. The image may be realistic, illustrative, symbolic, or abstract, but it should feel emotionally immediate and specific to the subject. Required text: ONE SPARK IS ENOUGH; Check conditions. Extinguish completely. Protect the wild.; National Forest Safety Initiative. The poster should feel urgent without becoming sensational, graphic, or visually chaotic. It must work as a compelling campaign image when seen from a distance, while keeping every required line readable. Do not design a dashboard, webpage, collection of cards, or informational interface. Create one unified poster composition.",66,"A spark traveling along a mountain edge clearly connects one ignition to landscape-scale danger, though the concept is familiar and minimally developed.",78,"A clear top-left headline and ascending line create immediate hierarchy, while the lower-left copy sits too close to the active diagonal.",86,Complete copy and strong headline/action hierarchy; only the very small widely tracked agency line limits close-reading comfort.,75,"Deep navy with amber accents is coherent and readable, yet the very faint mountain and modest glow make the finish feel less dimensional than the stronger variants.",76,"Typographically complete copy and strong headline/action hierarchy; only the very small widely tracked agency line limits close-reading comfort. However, conceptually a spark traveling along a mountain edge clearly connects one ignition to landscape-scale danger, though the concept is familiar and minimally developed."
PG01_I04,task_01,CEN_MAD,2,results_b200_3/poster_aesthetic5/qwen36/experiment/CEN_MAD/task_01/round_02/render.png,"Create a visually striking public-awareness poster for a wildfire prevention campaign. The poster should communicate that a single careless action can threaten an entire mountain landscape. Develop a memorable central visual involving a forested mountain, smoke, fire, or another meaningful representation of wildfire risk. The image may be realistic, illustrative, symbolic, or abstract, but it should feel emotionally immediate and specific to the subject. Required text: ONE SPARK IS ENOUGH; Check conditions. Extinguish completely. Protect the wild.; National Forest Safety Initiative. The poster should feel urgent without becoming sensational, graphic, or visually chaotic. It must work as a compelling campaign image when seen from a distance, while keeping every required line readable. Do not design a dashboard, webpage, collection of cards, or informational interface. Create one unified poster composition.",60,"The diagonal flame-like trace conveys danger, but the landscape is nearly incidental and the central idea feels generic rather than forest-specific.",79,"The large left headline and broad zigzag produce a readable two-level structure, with a slightly congested cluster at the lower-left spark origin.",64,"The bold headline reads immediately, but the action block is tiny and crowded against the lower-left corner while the agency credit is nearly microscopic.",77,"The warm zigzag against cool black-blue is sharp and campaign-appropriate, but the overscaled diagonal and limited tonal modeling feel slightly raw.",69,"Compositionally the large left headline and broad zigzag produce a readable two-level structure, with a slightly congested cluster at the lower-left spark origin. However, conceptually the diagonal flame-like trace conveys danger, but the landscape is nearly incidental and the central idea feels generic rather than forest-specific."
PG01_I05,task_01,MAD,2,results_b200_3/poster_aesthetic5/qwen36/experiment/MAD/task_01/round_02/render.png,"Create a visually striking public-awareness poster for a wildfire prevention campaign. The poster should communicate that a single careless action can threaten an entire mountain landscape. Develop a memorable central visual involving a forested mountain, smoke, fire, or another meaningful representation of wildfire risk. The image may be realistic, illustrative, symbolic, or abstract, but it should feel emotionally immediate and specific to the subject. Required text: ONE SPARK IS ENOUGH; Check conditions. Extinguish completely. Protect the wild.; National Forest Safety Initiative. The poster should feel urgent without becoming sensational, graphic, or visually chaotic. It must work as a compelling campaign image when seen from a distance, while keeping every required line readable. Do not design a dashboard, webpage, collection of cards, or informational interface. Create one unified poster composition.",70,"The ember pulse crossing a repeated forest ridge gives the campaign a clear causal image, albeit through a somewhat generic signal-line metaphor.",76,"The central headline and glowing diagonal are well balanced, but secondary copy is pushed low and the visual weight gathers heavily across the bottom.",76,"The title is excellent at distance and all lines appear present, though the small lower-left instructions and far-right agency line are visually disconnected.",79,Cool charcoal-blue and bright yellow-orange form a disciplined warning palette with clean contrast; the background remains a little empty and generic.,75,"In color and craft cool charcoal-blue and bright yellow-orange form a disciplined warning palette with clean contrast; the background remains a little empty and generic. However, conceptually the ember pulse crossing a repeated forest ridge gives the campaign a clear causal image, albeit through a somewhat generic signal-line metaphor."
PG01_I06,task_01,MAD,5,results_b200_3/poster_aesthetic5/qwen36/experiment/MAD/task_01/round_05/render.png,"Create a visually striking public-awareness poster for a wildfire prevention campaign. The poster should communicate that a single careless action can threaten an entire mountain landscape. Develop a memorable central visual involving a forested mountain, smoke, fire, or another meaningful representation of wildfire risk. The image may be realistic, illustrative, symbolic, or abstract, but it should feel emotionally immediate and specific to the subject. Required text: ONE SPARK IS ENOUGH; Check conditions. Extinguish completely. Protect the wild.; National Forest Safety Initiative. The poster should feel urgent without becoming sensational, graphic, or visually chaotic. It must work as a compelling campaign image when seen from a distance, while keeping every required line readable. Do not design a dashboard, webpage, collection of cards, or informational interface. Create one unified poster composition.",73,The bright ignition moving through a visible tree-covered ridge directly embodies a small spark threatening an entire forest and feels immediately on-topic.,84,"Headline, yellow action copy, mountain, and rising spark form a strong staged eye path with good separation and poster-scale readability.",72,"The centered title is readable, but the instruction block is undersized at the bottom edge and the agency credit lacks sufficient prominence.",82,"Smoky brown-gray atmosphere, layered glow, and white-to-amber spark line produce convincing heat and depth with a well-finished cinematic surface.",77,"Compositionally headline, yellow action copy, mountain, and rising spark form a strong staged eye path with good separation and poster-scale readability. However, typographically the centered title is readable, but the instruction block is undersized at the bottom edge and the agency credit lacks sufficient prominence."
PG01_I07,task_01,FUSED,1,results_b200_3/poster_aesthetic5/qwen36/experiment/FUSED/task_01/round_01/render.png,"Create a visually striking public-awareness poster for a wildfire prevention campaign. The poster should communicate that a single careless action can threaten an entire mountain landscape. Develop a memorable central visual involving a forested mountain, smoke, fire, or another meaningful representation of wildfire risk. The image may be realistic, illustrative, symbolic, or abstract, but it should feel emotionally immediate and specific to the subject. Required text: ONE SPARK IS ENOUGH; Check conditions. Extinguish completely. Protect the wild.; National Forest Safety Initiative. The poster should feel urgent without becoming sensational, graphic, or visually chaotic. It must work as a compelling campaign image when seen from a distance, while keeping every required line readable. Do not design a dashboard, webpage, collection of cards, or informational interface. Create one unified poster composition.",72,"A glowing fire path sweeping beneath a looming mountain provides a direct, urgent landscape metaphor, even if the visual language is conventional.",75,"The oversized upper-left title and long diagonal read quickly, but the cramped lower-left copy and largely unused middle make the composition feel split.",89,"The title, yellow action lines, and agency credit are complete, cleanly tiered, and well integrated into the dark mountain field.",83,"The concentrated flame glow, dark mountain silhouette, and lime-amber text accents feel vivid and cohesive, with strong contrast and polished light falloff.",80,"Typographically the title, yellow action lines, and agency credit are complete, cleanly tiered, and well integrated into the dark mountain field. However, conceptually a glowing fire path sweeping beneath a looming mountain provides a direct, urgent landscape metaphor, even if the visual language is conventional."
PG01_I08,task_01,CEN_MAD,3,results_b200_3/poster_aesthetic5/qwen36/experiment/CEN_MAD/task_01/round_03/render.png,"Create a visually striking public-awareness poster for a wildfire prevention campaign. The poster should communicate that a single careless action can threaten an entire mountain landscape. Develop a memorable central visual involving a forested mountain, smoke, fire, or another meaningful representation of wildfire risk. The image may be realistic, illustrative, symbolic, or abstract, but it should feel emotionally immediate and specific to the subject. Required text: ONE SPARK IS ENOUGH; Check conditions. Extinguish completely. Protect the wild.; National Forest Safety Initiative. The poster should feel urgent without becoming sensational, graphic, or visually chaotic. It must work as a compelling campaign image when seen from a distance, while keeping every required line readable. Do not design a dashboard, webpage, collection of cards, or informational interface. Create one unified poster composition.",58,"The ascending spark trace communicates increase or danger, but the barely visible landscape leaves the image conceptually thin and chart-like.",73,"The headline dominates effectively at distance, yet its extreme scale crowds the upper-left and leaves secondary information too small and detached below.",63,"The headline dominates effectively, but the lower-left action copy is too small and edge-bound, and the agency line is barely readable.",76,"The black-blue ground and thin orange/yellow ascent are coherent, but the treatment is austere and graph-like, limiting material richness and atmospheric specificity.",66,"In color and craft the black-blue ground and thin orange/yellow ascent are coherent, but the treatment is austere and graph-like, limiting material richness and atmospheric specificity. However, conceptually the ascending spark trace communicates increase or danger, but the barely visible landscape leaves the image conceptually thin and chart-like."
PG01_I09,task_01,CEN_MAD,4,results_b200_3/poster_aesthetic5/qwen36/experiment/CEN_MAD/task_01/round_04/render.png,"Create a visually striking public-awareness poster for a wildfire prevention campaign. The poster should communicate that a single careless action can threaten an entire mountain landscape. Develop a memorable central visual involving a forested mountain, smoke, fire, or another meaningful representation of wildfire risk. The image may be realistic, illustrative, symbolic, or abstract, but it should feel emotionally immediate and specific to the subject. Required text: ONE SPARK IS ENOUGH; Check conditions. Extinguish completely. Protect the wild.; National Forest Safety Initiative. The poster should feel urgent without becoming sensational, graphic, or visually chaotic. It must work as a compelling campaign image when seen from a distance, while keeping every required line readable. Do not design a dashboard, webpage, collection of cards, or informational interface. Create one unified poster composition.",59,"The fiery diagonal line has urgency, yet it functions mostly as abstract decoration because the threatened mountain environment is too weakly instantiated.",72,"The centered arrangement is stable, but the low-contrast second title line and dense lower band reduce focal clarity and interrupt the eye path.",61,"The headline is partly crowded by the upper/right edge and the required supporting copy is tiny at the bottom, producing weak information access.",78,"A clean nocturnal palette and controlled warm diagonal provide urgency, though the largely uniform dark field and narrow tonal range reduce depth.",66,"In color and craft a clean nocturnal palette and controlled warm diagonal provide urgency, though the largely uniform dark field and narrow tonal range reduce depth. However, conceptually the fiery diagonal line has urgency, yet it functions mostly as abstract decoration because the threatened mountain environment is too weakly instantiated."
PG01_I10,task_01,MAD,4,results_b200_3/poster_aesthetic5/qwen36/experiment/MAD/task_01/round_04/render.png,"Create a visually striking public-awareness poster for a wildfire prevention campaign. The poster should communicate that a single careless action can threaten an entire mountain landscape. Develop a memorable central visual involving a forested mountain, smoke, fire, or another meaningful representation of wildfire risk. The image may be realistic, illustrative, symbolic, or abstract, but it should feel emotionally immediate and specific to the subject. Required text: ONE SPARK IS ENOUGH; Check conditions. Extinguish completely. Protect the wild.; National Forest Safety Initiative. The poster should feel urgent without becoming sensational, graphic, or visually chaotic. It must work as a compelling campaign image when seen from a distance, while keeping every required line readable. Do not design a dashboard, webpage, collection of cards, or informational interface. Create one unified poster composition.",70,"The glowing line, ignition point, and layered forest silhouettes create a clear wildfire-risk narrative, though without a particularly novel metaphor.",82,"A centered headline, compact copy block, mountain peak, and spark line form a coherent descending-to-rising sequence with controlled spacing.",70,"All copy is visible, but the dark second headline line loses contrast and the small instruction/agency lines sit as detached footer details.",81,"Muted smoke-brown color, repeated embers, and a bright central flare create a persuasive wildfire atmosphere; slight softness reduces crisp finish.",75,"Compositionally a centered headline, compact copy block, mountain peak, and spark line form a coherent descending-to-rising sequence with controlled spacing. However, conceptually the glowing line, ignition point, and layered forest silhouettes create a clear wildfire-risk narrative, though without a particularly novel metaphor."
PG01_I11,task_01,SELF,5,results_b200_3/poster_aesthetic5/qwen36/experiment/SELF/task_01/round_05/render.png,"Create a visually striking public-awareness poster for a wildfire prevention campaign. The poster should communicate that a single careless action can threaten an entire mountain landscape. Develop a memorable central visual involving a forested mountain, smoke, fire, or another meaningful representation of wildfire risk. The image may be realistic, illustrative, symbolic, or abstract, but it should feel emotionally immediate and specific to the subject. Required text: ONE SPARK IS ENOUGH; Check conditions. Extinguish completely. Protect the wild.; National Forest Safety Initiative. The poster should feel urgent without becoming sensational, graphic, or visually chaotic. It must work as a compelling campaign image when seen from a distance, while keeping every required line readable. Do not design a dashboard, webpage, collection of cards, or informational interface. Create one unified poster composition.",68,"The spark traveling along the mountain boundary makes the campaign message understandable, but the limited landscape detail keeps the concept modest.",83,The left-aligned hierarchy is clear and the sweeping light trail carries attention across the frame without competing with the main message.,87,A crisp centered headline and clearly separated instructions establish strong hierarchy; the agency line is small but still orderly and readable.,79,"Dark blue mountain layering and a precise orange trace are professionally restrained, but the glow and texture are comparatively subdued.",79,"Typographically a crisp centered headline and clearly separated instructions establish strong hierarchy; the agency line is small but still orderly and readable. However, conceptually the spark traveling along the mountain boundary makes the campaign message understandable, but the limited landscape detail keeps the concept modest."
PG01_I12,task_01,FUSED,3,results_b200_3/poster_aesthetic5/qwen36/experiment/FUSED/task_01/round_03/render.png,"Create a visually striking public-awareness poster for a wildfire prevention campaign. The poster should communicate that a single careless action can threaten an entire mountain landscape. Develop a memorable central visual involving a forested mountain, smoke, fire, or another meaningful representation of wildfire risk. The image may be realistic, illustrative, symbolic, or abstract, but it should feel emotionally immediate and specific to the subject. Required text: ONE SPARK IS ENOUGH; Check conditions. Extinguish completely. Protect the wild.; National Forest Safety Initiative. The poster should feel urgent without becoming sensational, graphic, or visually chaotic. It must work as a compelling campaign image when seen from a distance, while keeping every required line readable. Do not design a dashboard, webpage, collection of cards, or informational interface. Create one unified poster composition.",64,"A bright ember trail racing through angular terrain is relevant and urgent, but it resembles a generic light streak more than a memorable wildfire image.",86,"Strong left anchoring, generous breathing room, and a decisive lower sweep create excellent distance hierarchy and a unified campaign-poster silhouette.",91,"All required wording is exceptionally clear, with excellent title-to-action contrast and disciplined supporting-label treatment.",86,"The sweeping incandescent streak, ember core, and warm spill over a deep navy field are richly finished and visually dramatic without becoming chaotic.",81,"Typographically all required wording is exceptionally clear, with excellent title-to-action contrast and disciplined supporting-label treatment. However, conceptually a bright ember trail racing through angular terrain is relevant and urgent, but it resembles a generic light streak more than a memorable wildfire image."
PG01_I13,task_01,FUSED,4,results_b200_3/poster_aesthetic5/qwen36/experiment/FUSED/task_01/round_04/render.png,"Create a visually striking public-awareness poster for a wildfire prevention campaign. The poster should communicate that a single careless action can threaten an entire mountain landscape. Develop a memorable central visual involving a forested mountain, smoke, fire, or another meaningful representation of wildfire risk. The image may be realistic, illustrative, symbolic, or abstract, but it should feel emotionally immediate and specific to the subject. Required text: ONE SPARK IS ENOUGH; Check conditions. Extinguish completely. Protect the wild.; National Forest Safety Initiative. The poster should feel urgent without becoming sensational, graphic, or visually chaotic. It must work as a compelling campaign image when seen from a distance, while keeping every required line readable. Do not design a dashboard, webpage, collection of cards, or informational interface. Create one unified poster composition.",66,"The luminous trail across geometric mountains implies rapid fire spread, offering relevant imagery but only a lightly developed central metaphor.",85,"The large left headline and glowing lower curve make a balanced, legible structure, with secondary information cleanly nested beneath the focal message.",90,"The large headline and high-contrast yellow action block are immediately readable, with the agency identity cleanly separated below.",87,"Multiple luminous orange bands, subtle magenta planes, and controlled bloom create the most dimensional and crafted heat treatment in the set.",81,"Typographically the large headline and high-contrast yellow action block are immediately readable, with the agency identity cleanly separated below. However, conceptually the luminous trail across geometric mountains implies rapid fire spread, offering relevant imagery but only a lightly developed central metaphor."
PG01_I14,task_01,R0,0,results_b200_3/poster_aesthetic5/qwen36/experiment/SELF/task_01/r0.png,"Create a visually striking public-awareness poster for a wildfire prevention campaign. The poster should communicate that a single careless action can threaten an entire mountain landscape. Develop a memorable central visual involving a forested mountain, smoke, fire, or another meaningful representation of wildfire risk. The image may be realistic, illustrative, symbolic, or abstract, but it should feel emotionally immediate and specific to the subject. Required text: ONE SPARK IS ENOUGH; Check conditions. Extinguish completely. Protect the wild.; National Forest Safety Initiative. The poster should feel urgent without becoming sensational, graphic, or visually chaotic. It must work as a compelling campaign image when seen from a distance, while keeping every required line readable. Do not design a dashboard, webpage, collection of cards, or informational interface. Create one unified poster composition.",67,"A signal-like spark line climbing over a dark mountain conveys escalation and risk, though the abstraction limits emotional immediacy.",81,"The centered stack and broad mountain wedge are cohesive, though the institutional line and spark path compete slightly across the same horizontal zone.",82,"Complete, centered copy with a strong headline, though the narrow action and agency lines become somewhat small against the bright diagonal.",81,"Layered charcoal facets and a bright yellow waveform give a refined, modern warning palette; the low-contrast center is slightly murky.",77,"Typographically complete, centered copy with a strong headline, though the narrow action and agency lines become somewhat small against the bright diagonal. However, conceptually a signal-like spark line climbing over a dark mountain conveys escalation and risk, though the abstraction limits emotional immediacy."
PG01_I15,task_01,MAD,3,results_b200_3/poster_aesthetic5/qwen36/experiment/MAD/task_01/round_03/render.png,"Create a visually striking public-awareness poster for a wildfire prevention campaign. The poster should communicate that a single careless action can threaten an entire mountain landscape. Develop a memorable central visual involving a forested mountain, smoke, fire, or another meaningful representation of wildfire risk. The image may be realistic, illustrative, symbolic, or abstract, but it should feel emotionally immediate and specific to the subject. Required text: ONE SPARK IS ENOUGH; Check conditions. Extinguish completely. Protect the wild.; National Forest Safety Initiative. The poster should feel urgent without becoming sensational, graphic, or visually chaotic. It must work as a compelling campaign image when seen from a distance, while keeping every required line readable. Do not design a dashboard, webpage, collection of cards, or informational interface. Create one unified poster composition.",71,The hot pulse traversing a recognizable forest ridge clearly links one ignition to the wild landscape and works as a focused campaign image.,72,"The centered title is readable, but the zigzag divides the poster into disconnected upper and lower regions and leaves supporting copy weakly anchored.",75,"The title reads well and all copy appears present, but the lower-left instructions and far-right agency credit are too small and spatially disconnected.",81,"The smoky neutral atmosphere and red-to-yellow spark progression are cohesive and evocative, with convincing glow despite some overall softness.",74,"In color and craft the smoky neutral atmosphere and red-to-yellow spark progression are cohesive and evocative, with convincing glow despite some overall softness. However, conceptually the hot pulse traversing a recognizable forest ridge clearly links one ignition to the wild landscape and works as a focused campaign image."
PG01_I16,task_01,SELF,3,results_b200_3/poster_aesthetic5/qwen36/experiment/SELF/task_01/round_03/render.png,"Create a visually striking public-awareness poster for a wildfire prevention campaign. The poster should communicate that a single careless action can threaten an entire mountain landscape. Develop a memorable central visual involving a forested mountain, smoke, fire, or another meaningful representation of wildfire risk. The image may be realistic, illustrative, symbolic, or abstract, but it should feel emotionally immediate and specific to the subject. Required text: ONE SPARK IS ENOUGH; Check conditions. Extinguish completely. Protect the wild.; National Forest Safety Initiative. The poster should feel urgent without becoming sensational, graphic, or visually chaotic. It must work as a compelling campaign image when seen from a distance, while keeping every required line readable. Do not design a dashboard, webpage, collection of cards, or informational interface. Create one unified poster composition.",67,"The glowing point and mountain-crossing trace communicate ignition and spread, but the same schematic device carries most of the conceptual burden.",83,"The centered hierarchy and diagonal spark lead naturally toward the mountain, with clear separation among headline, instructions, and footer.",87,"Complete copy, direct hierarchy, and solid contrast make the message easy to scan; only the agency line is unusually small.",79,"The navy mountain scene and ember-orange baseline feel controlled and polished, though the illumination is comparatively restrained and flat.",79,"Typographically complete copy, direct hierarchy, and solid contrast make the message easy to scan; only the agency line is unusually small. However, conceptually the glowing point and mountain-crossing trace communicate ignition and spread, but the same schematic device carries most of the conceptual burden."
PG01_I17,task_01,CEN_MAD,1,results_b200_3/poster_aesthetic5/qwen36/experiment/CEN_MAD/task_01/round_01/render.png,"Create a visually striking public-awareness poster for a wildfire prevention campaign. The poster should communicate that a single careless action can threaten an entire mountain landscape. Develop a memorable central visual involving a forested mountain, smoke, fire, or another meaningful representation of wildfire risk. The image may be realistic, illustrative, symbolic, or abstract, but it should feel emotionally immediate and specific to the subject. Required text: ONE SPARK IS ENOUGH; Check conditions. Extinguish completely. Protect the wild.; National Forest Safety Initiative. The poster should feel urgent without becoming sensational, graphic, or visually chaotic. It must work as a compelling campaign image when seen from a distance, while keeping every required line readable. Do not design a dashboard, webpage, collection of cards, or informational interface. Create one unified poster composition.",60,"The steep ember trace supplies urgency, yet the forest is too abstract and secondary for the image to feel specifically about wildfire prevention.",70,"The diagonal is energetic, but title, instruction copy, and spark origin crowd the left edge while the right half carries little informational weight.",48,"The title is clipped at the left edge and the supporting lines are crowded into tiny edge positions, causing a major readability and finish failure.",77,"Strong orange/yellow contrast and layered diagonal energy work well, but line crossings and compressed elements give the finish a slightly mechanical feel.",61,"In color and craft strong orange/yellow contrast and layered diagonal energy work well, but line crossings and compressed elements give the finish a slightly mechanical feel. However, typographically the title is clipped at the left edge and the supporting lines are crowded into tiny edge positions, causing a major readability and finish failure."
PG01_I18,task_01,AXES,1,results_b200_3/poster_aesthetic5/qwen36/experiment/AXES/task_01/round_01/render.png,"Create a visually striking public-awareness poster for a wildfire prevention campaign. The poster should communicate that a single careless action can threaten an entire mountain landscape. Develop a memorable central visual involving a forested mountain, smoke, fire, or another meaningful representation of wildfire risk. The image may be realistic, illustrative, symbolic, or abstract, but it should feel emotionally immediate and specific to the subject. Required text: ONE SPARK IS ENOUGH; Check conditions. Extinguish completely. Protect the wild.; National Forest Safety Initiative. The poster should feel urgent without becoming sensational, graphic, or visually chaotic. It must work as a compelling campaign image when seen from a distance, while keeping every required line readable. Do not design a dashboard, webpage, collection of cards, or informational interface. Create one unified poster composition.",69,"The bright spreading line against a pointed forest ridge gives a concise image of fire advancing through the wild, if not an especially original one.",86,"A disciplined left column is counterbalanced by the sweeping line and forest edge, producing a clear focal order and strong panoramic unity.",77,"All required text is present with a clear headline, but monospaced small copy and the dim agency line reduce refinement and distance legibility.",82,A glowing ridge emerging from black mountain silhouettes creates convincing danger and depth; the warm/cool balance is disciplined and atmospheric.,78,"Compositionally a disciplined left column is counterbalanced by the sweeping line and forest edge, producing a clear focal order and strong panoramic unity. However, conceptually the bright spreading line against a pointed forest ridge gives a concise image of fire advancing through the wild, if not an especially original one."
PG01_I19,task_01,AXES,2,results_b200_3/poster_aesthetic5/qwen36/experiment/AXES/task_01/round_02/render.png,"Create a visually striking public-awareness poster for a wildfire prevention campaign. The poster should communicate that a single careless action can threaten an entire mountain landscape. Develop a memorable central visual involving a forested mountain, smoke, fire, or another meaningful representation of wildfire risk. The image may be realistic, illustrative, symbolic, or abstract, but it should feel emotionally immediate and specific to the subject. Required text: ONE SPARK IS ENOUGH; Check conditions. Extinguish completely. Protect the wild.; National Forest Safety Initiative. The poster should feel urgent without becoming sensational, graphic, or visually chaotic. It must work as a compelling campaign image when seen from a distance, while keeping every required line readable. Do not design a dashboard, webpage, collection of cards, or informational interface. Create one unified poster composition.",70,"The ignition point and glowing boundary moving across a forested silhouette form a coherent, subject-specific warning image.",74,"The title holds the upper-left well, but the instruction block collides with the bright spark origin and the bottom-left becomes visually congested.",84,The title and yellow italic instruction block are readable and expressive; the tiny agency line is the primary hierarchy weakness.,84,The ember-lit mountain contour and soft smoke layers produce an immersive nocturnal wildfire mood with excellent controlled bloom and tonal depth.,78,"In color and craft the ember-lit mountain contour and soft smoke layers produce an immersive nocturnal wildfire mood with excellent controlled bloom and tonal depth. However, conceptually the ignition point and glowing boundary moving across a forested silhouette form a coherent, subject-specific warning image."
PG01_I20,task_01,FUSED,2,results_b200_3/poster_aesthetic5/qwen36/experiment/FUSED/task_01/round_02/render.png,"Create a visually striking public-awareness poster for a wildfire prevention campaign. The poster should communicate that a single careless action can threaten an entire mountain landscape. Develop a memorable central visual involving a forested mountain, smoke, fire, or another meaningful representation of wildfire risk. The image may be realistic, illustrative, symbolic, or abstract, but it should feel emotionally immediate and specific to the subject. Required text: ONE SPARK IS ENOUGH; Check conditions. Extinguish completely. Protect the wild.; National Forest Safety Initiative. The poster should feel urgent without becoming sensational, graphic, or visually chaotic. It must work as a compelling campaign image when seen from a distance, while keeping every required line readable. Do not design a dashboard, webpage, collection of cards, or informational interface. Create one unified poster composition.",68,"A concentrated spark launching a long hot trail across the landscape effectively signals rapid spread, but remains visually generic.",86,"The compact upper-left hierarchy and luminous lower sweep create a clean, forceful eye path with excellent open-space control.",90,"A very clear title-action-agency sequence uses scale and color effectively, and every required line remains readable.",84,"The hot diagonal streak, bright ignition point, and lime-amber accents are crisp and vivid, with a polished high-contrast finish.",81,"Typographically a very clear title-action-agency sequence uses scale and color effectively, and every required line remains readable. However, conceptually a concentrated spark launching a long hot trail across the landscape effectively signals rapid spread, but remains visually generic."
PG01_I21,task_01,AXES,3,results_b200_3/poster_aesthetic5/qwen36/experiment/AXES/task_01/round_03/render.png,"Create a visually striking public-awareness poster for a wildfire prevention campaign. The poster should communicate that a single careless action can threaten an entire mountain landscape. Develop a memorable central visual involving a forested mountain, smoke, fire, or another meaningful representation of wildfire risk. The image may be realistic, illustrative, symbolic, or abstract, but it should feel emotionally immediate and specific to the subject. Required text: ONE SPARK IS ENOUGH; Check conditions. Extinguish completely. Protect the wild.; National Forest Safety Initiative. The poster should feel urgent without becoming sensational, graphic, or visually chaotic. It must work as a compelling campaign image when seen from a distance, while keeping every required line readable. Do not design a dashboard, webpage, collection of cards, or informational interface. Create one unified poster composition.",76,The hot line visibly cutting into a green forest ridge creates a stronger intact-nature-versus-fire contrast and a memorable sense of imminent loss.,75,"The right-aligned title and rising forest offer tension, but the headline sits uncomfortably close to the edge and the lower-left copy feels detached.",82,"Complete copy with strong headline scale and readable instructions, although the small italic action block and minute agency footer are less robust at distance.",85,"Deep forest green, smoky navy, and a living fire ridge create strong subject-specific atmosphere and nuanced depth while preserving excellent contrast.",79,"In color and craft deep forest green, smoky navy, and a living fire ridge create strong subject-specific atmosphere and nuanced depth while preserving excellent contrast. However, compositionally the right-aligned title and rising forest offer tension, but the headline sits uncomfortably close to the edge and the lower-left copy feels detached."
PG01_I22,task_01,AXES,5,results_b200_3/poster_aesthetic5/qwen36/experiment/AXES/task_01/round_05/render.png,"Create a visually striking public-awareness poster for a wildfire prevention campaign. The poster should communicate that a single careless action can threaten an entire mountain landscape. Develop a memorable central visual involving a forested mountain, smoke, fire, or another meaningful representation of wildfire risk. The image may be realistic, illustrative, symbolic, or abstract, but it should feel emotionally immediate and specific to the subject. Required text: ONE SPARK IS ENOUGH; Check conditions. Extinguish completely. Protect the wild.; National Forest Safety Initiative. The poster should feel urgent without becoming sensational, graphic, or visually chaotic. It must work as a compelling campaign image when seen from a distance, while keeping every required line readable. Do not design a dashboard, webpage, collection of cards, or informational interface. Create one unified poster composition.",81,"The distinct forested mountain forms, warm horizon, and small ignition produce the clearest task-specific story of one spark endangering a whole landscape.",80,"The oversized headline, landscape band, and small lower copy create a convincing cinematic hierarchy, though the supporting text is compressed near the spark.",84,"The warm headline is highly readable and the action copy remains clear, but the agency line is undersized and the lower copy competes with the illustration.",74,"The cream, orange, and green illustration is coherent and clean, but its flat cheerful palette weakens the requested urgency and atmospheric intensity.",80,"Typographically the warm headline is highly readable and the action copy remains clear, but the agency line is undersized and the lower copy competes with the illustration. However, in color and craft the cream, orange, and green illustration is coherent and clean, but its flat cheerful palette weakens the requested urgency and atmospheric intensity."
PG01_I23,task_01,MAD,1,results_b200_3/poster_aesthetic5/qwen36/experiment/MAD/task_01/round_01/render.png,"Create a visually striking public-awareness poster for a wildfire prevention campaign. The poster should communicate that a single careless action can threaten an entire mountain landscape. Develop a memorable central visual involving a forested mountain, smoke, fire, or another meaningful representation of wildfire risk. The image may be realistic, illustrative, symbolic, or abstract, but it should feel emotionally immediate and specific to the subject. Required text: ONE SPARK IS ENOUGH; Check conditions. Extinguish completely. Protect the wild.; National Forest Safety Initiative. The poster should feel urgent without becoming sensational, graphic, or visually chaotic. It must work as a compelling campaign image when seen from a distance, while keeping every required line readable. Do not design a dashboard, webpage, collection of cards, or informational interface. Create one unified poster composition.",65,"The central spark and forest-like waveform are relevant, but the crowded signal motif feels more decorative than like a fully realized wildfire concept.",62,"Headline, instructions, footer, and zigzag overlap through the center, producing competing focal points and a muddled reading sequence.",52,"Although all wording appears present, the headline, instructions, glowing zigzag, and agency line collide in the center, seriously impairing hierarchy and legibility.",80,"The central glowing waveform reads crisply against black and the warm palette is controlled, though the stippled line and sparse field feel less naturalistic.",62,"In color and craft the central glowing waveform reads crisply against black and the warm palette is controlled, though the stippled line and sparse field feel less naturalistic. However, typographically although all wording appears present, the headline, instructions, glowing zigzag, and agency line collide in the center, seriously impairing hierarchy and legibility."
PG01_I24,task_01,FUSED,5,results_b200_3/poster_aesthetic5/qwen36/experiment/FUSED/task_01/round_05/render.png,"Create a visually striking public-awareness poster for a wildfire prevention campaign. The poster should communicate that a single careless action can threaten an entire mountain landscape. Develop a memorable central visual involving a forested mountain, smoke, fire, or another meaningful representation of wildfire risk. The image may be realistic, illustrative, symbolic, or abstract, but it should feel emotionally immediate and specific to the subject. Required text: ONE SPARK IS ENOUGH; Check conditions. Extinguish completely. Protect the wild.; National Forest Safety Initiative. The poster should feel urgent without becoming sensational, graphic, or visually chaotic. It must work as a compelling campaign image when seen from a distance, while keeping every required line readable. Do not design a dashboard, webpage, collection of cards, or informational interface. Create one unified poster composition.",63,"The sweeping orange trail implies ignition spreading fast, yet the mountain context is too subdued to make the idea distinctive or emotionally specific.",88,"The strong upper-left headline, clearly grouped action text, and broad orange arc form the most controlled and immediately readable spatial hierarchy.",91,"Excellent hierarchy and contrast: a large clean headline, readable yellow action block, and controlled agency footer communicate immediately.",85,"A rich ember-orange sweep, dark faceted mountain, and subtle edge glow create a sleek, premium finish with strong heat-versus-night contrast.",81,"Typographically excellent hierarchy and contrast: a large clean headline, readable yellow action block, and controlled agency footer communicate immediately. However, conceptually the sweeping orange trail implies ignition spreading fast, yet the mountain context is too subdued to make the idea distinctive or emotionally specific."
PG01_I25,task_01,AXES,4,results_b200_3/poster_aesthetic5/qwen36/experiment/AXES/task_01/round_04/render.png,"Create a visually striking public-awareness poster for a wildfire prevention campaign. The poster should communicate that a single careless action can threaten an entire mountain landscape. Develop a memorable central visual involving a forested mountain, smoke, fire, or another meaningful representation of wildfire risk. The image may be realistic, illustrative, symbolic, or abstract, but it should feel emotionally immediate and specific to the subject. Required text: ONE SPARK IS ENOUGH; Check conditions. Extinguish completely. Protect the wild.; National Forest Safety Initiative. The poster should feel urgent without becoming sensational, graphic, or visually chaotic. It must work as a compelling campaign image when seen from a distance, while keeping every required line readable. Do not design a dashboard, webpage, collection of cards, or informational interface. Create one unified poster composition.",77,"A small ignition becoming a bright advancing line across clearly visible trees creates a direct, compelling image of preventable landscape-scale danger.",70,"The large title anchors the left, but diagonally rotated body copy crosses the main visual path and makes the lower half feel unstable and crowded.",58,"The headline is clear, but the required action text is rotated across bright imagery and overlaps other elements, while the agency line is too small.",76,"The red-orange line and dark green mountain shapes are subject-relevant, but the flat vector forms and uneven glow feel less sophisticated than the photographic variants.",70,"Conceptually a small ignition becoming a bright advancing line across clearly visible trees creates a direct, compelling image of preventable landscape-scale danger. However, typographically the headline is clear, but the required action text is rotated across bright imagery and overlaps other elements, while the agency line is too small."
PG01_I26,task_01,SELF,1,results_b200_3/poster_aesthetic5/qwen36/experiment/SELF/task_01/round_01/render.png,"Create a visually striking public-awareness poster for a wildfire prevention campaign. The poster should communicate that a single careless action can threaten an entire mountain landscape. Develop a memorable central visual involving a forested mountain, smoke, fire, or another meaningful representation of wildfire risk. The image may be realistic, illustrative, symbolic, or abstract, but it should feel emotionally immediate and specific to the subject. Required text: ONE SPARK IS ENOUGH; Check conditions. Extinguish completely. Protect the wild.; National Forest Safety Initiative. The poster should feel urgent without becoming sensational, graphic, or visually chaotic. It must work as a compelling campaign image when seen from a distance, while keeping every required line readable. Do not design a dashboard, webpage, collection of cards, or informational interface. Create one unified poster composition.",65,"The ascending ember signal against mountain silhouettes communicates escalating threat, but the familiar graphic metaphor remains conceptually limited.",78,"The centered stack and continuous diagonal create a coherent single gesture, although the line cuts through the supporting copy and footer zones.",83,"Complete centered text and a strong headline make the message clear, though the rising bright line crosses close to the action copy and the agency line is small.",82,"The concentrated golden flare and ascending warm trace are highly legible and polished, with good haze and restraint across the dark field.",76,"Typographically complete centered text and a strong headline make the message clear, though the rising bright line crosses close to the action copy and the agency line is small. However, conceptually the ascending ember signal against mountain silhouettes communicates escalating threat, but the familiar graphic metaphor remains conceptually limited."
PG02_I01,task_02,MAD,5,results_b200_3/poster_aesthetic5/qwen36/experiment/MAD/task_02/round_05/render.png,"Create an expressive promotional poster for a contemporary dance performance about the tension between physical control and emotional release. Develop a distinctive central visual suggesting a human body in motion, balance, collapse, repetition, or restrained energy. The figure does not need to be anatomically realistic; silhouette, fragmentation, gesture, line, shadow, or abstraction may be used if they create a convincing sense of movement. Required text: THE WEIGHT OF AIR; A contemporary movement performance; October 18–20 · 8 PM; Meridian Arts Theatre. The poster should feel sophisticated, physical, and emotionally charged. Avoid generic luxury branding, conventional event-card layouts, and decorative motion effects that have no relationship to the performance. Do not design a schedule, webpage, collection of cards, or informational interface. Create one unified poster composition.",70,"The fractured white dancer suggests a body simultaneously controlled and breaking apart, giving the performance a relevant if somewhat literal visual premise.",83,The bold left title and fractured figure establish a strong counterweight and an immediate left-to-right focal path.,80,The title is exceptionally strong and integrated with the figure; required supporting lines are present but compressed into a very small footer.,82,"Stark black, white, and cool gray create a precise gallery-like finish; crisp shard highlights give the monochrome palette material tension.",78,"Compositionally the bold left title and fractured figure establish a strong counterweight and an immediate left-to-right focal path. However, conceptually the fractured white dancer suggests a body simultaneously controlled and breaking apart, giving the performance a relevant if somewhat literal visual premise."
PG02_I02,task_02,AXES,3,results_b200_3/poster_aesthetic5/qwen36/experiment/AXES/task_02/round_03/render.png,"Create an expressive promotional poster for a contemporary dance performance about the tension between physical control and emotional release. Develop a distinctive central visual suggesting a human body in motion, balance, collapse, repetition, or restrained energy. The figure does not need to be anatomically realistic; silhouette, fragmentation, gesture, line, shadow, or abstraction may be used if they create a convincing sense of movement. Required text: THE WEIGHT OF AIR; A contemporary movement performance; October 18–20 · 8 PM; Meridian Arts Theatre. The poster should feel sophisticated, physical, and emotionally charged. Avoid generic luxury branding, conventional event-card layouts, and decorative motion effects that have no relationship to the performance. Do not design a schedule, webpage, collection of cards, or informational interface. Create one unified poster composition.",78,"The sculptural, folded torso-like form feels bodily yet abstract, convincingly evoking weight, restraint, and release without relying on a generic dancer photograph.",78,"The sweeping central form creates elegant balance, but the title is visually understated and the lower-right details feel remote from the focal area.",24,"The required title is absent, leaving only a tiny subtitle and date block; this is a major message-completeness failure regardless of the elegant styling.",84,"The sculpted silver form has excellent gradient modeling and velvety blacks, producing a refined, atmospheric exhibition finish despite minimal color.",45,"In color and craft the sculpted silver form has excellent gradient modeling and velvety blacks, producing a refined, atmospheric exhibition finish despite minimal color. However, typographically the required title is absent, leaving only a tiny subtitle and date block; this is a major message-completeness failure regardless of the elegant styling. This brief-critical communication failure caps the poster's overall success."
PG02_I03,task_02,MAD,2,results_b200_3/poster_aesthetic5/qwen36/experiment/MAD/task_02/round_02/render.png,"Create an expressive promotional poster for a contemporary dance performance about the tension between physical control and emotional release. Develop a distinctive central visual suggesting a human body in motion, balance, collapse, repetition, or restrained energy. The figure does not need to be anatomically realistic; silhouette, fragmentation, gesture, line, shadow, or abstraction may be used if they create a convincing sense of movement. Required text: THE WEIGHT OF AIR; A contemporary movement performance; October 18–20 · 8 PM; Meridian Arts Theatre. The poster should feel sophisticated, physical, and emotionally charged. Avoid generic luxury branding, conventional event-card layouts, and decorative motion effects that have no relationship to the performance. Do not design a schedule, webpage, collection of cards, or informational interface. Create one unified poster composition.",62,"The blurred reaching figure communicates motion, but it is a familiar dance-poster shorthand with little specific tension between control and release.",67,"The figure supplies vertical motion, yet it obscures an already dark headline and leaves the primary reading order uncertain.",55,"The full title is visible but substantially obscured by the dancer, and the date/venue information is faint and crowded near the bottom.",80,"The luminous white figure and muted gray letterforms are clean and dramatic, though the near-binary tonal treatment clips some detail.",64,"In color and craft the luminous white figure and muted gray letterforms are clean and dramatic, though the near-binary tonal treatment clips some detail. However, typographically the full title is visible but substantially obscured by the dancer, and the date/venue information is faint and crowded near the bottom."
PG02_I04,task_02,SELF,1,results_b200_3/poster_aesthetic5/qwen36/experiment/SELF/task_02/round_01/render.png,"Create an expressive promotional poster for a contemporary dance performance about the tension between physical control and emotional release. Develop a distinctive central visual suggesting a human body in motion, balance, collapse, repetition, or restrained energy. The figure does not need to be anatomically realistic; silhouette, fragmentation, gesture, line, shadow, or abstraction may be used if they create a convincing sense of movement. Required text: THE WEIGHT OF AIR; A contemporary movement performance; October 18–20 · 8 PM; Meridian Arts Theatre. The poster should feel sophisticated, physical, and emotionally charged. Avoid generic luxury branding, conventional event-card layouts, and decorative motion effects that have no relationship to the performance. Do not design a schedule, webpage, collection of cards, or informational interface. Create one unified poster composition.",65,"A stretched silhouette crossing linear traces provides recognizable movement energy, though the visual idea remains generic and lightly articulated.",74,"The centered figure and title are stable, but their overlap and the isolated bottom details compress the hierarchy into one crowded axis.",75,"The title reads clearly over the figure and the supporting information is present, but the subtitle and venue are extremely small and low-contrast.",77,"Soft motion blur and charcoal layering evoke movement, but the diffuse figure and middling contrast make the surface feel less resolved.",72,"In color and craft soft motion blur and charcoal layering evoke movement, but the diffuse figure and middling contrast make the surface feel less resolved. However, conceptually a stretched silhouette crossing linear traces provides recognizable movement energy, though the visual idea remains generic and lightly articulated."
PG02_I05,task_02,R0,0,results_b200_3/poster_aesthetic5/qwen36/experiment/SELF/task_02/r0.png,"Create an expressive promotional poster for a contemporary dance performance about the tension between physical control and emotional release. Develop a distinctive central visual suggesting a human body in motion, balance, collapse, repetition, or restrained energy. The figure does not need to be anatomically realistic; silhouette, fragmentation, gesture, line, shadow, or abstraction may be used if they create a convincing sense of movement. Required text: THE WEIGHT OF AIR; A contemporary movement performance; October 18–20 · 8 PM; Meridian Arts Theatre. The poster should feel sophisticated, physical, and emotionally charged. Avoid generic luxury branding, conventional event-card layouts, and decorative motion effects that have no relationship to the performance. Do not design a schedule, webpage, collection of cards, or informational interface. Create one unified poster composition.",62,"The soft dancer silhouette supplies physical presence, but the blur and wave lines feel conventional rather than emotionally or conceptually distinctive.",76,"The central title reads clearly over the figure, though multiple horizontal lines and low-positioned event details flatten the eye path.",82,A clear title hierarchy and centered event block work well; the subtitle remains somewhat too small for comfortable distance reading.,80,A smoky black-gray palette and controlled diagonal beam create elegant stage atmosphere; the centered haze is slightly muddy.,74,"Typographically a clear title hierarchy and centered event block work well; the subtitle remains somewhat too small for comfortable distance reading. However, conceptually the soft dancer silhouette supplies physical presence, but the blur and wave lines feel conventional rather than emotionally or conceptually distinctive."
PG02_I06,task_02,AXES,4,results_b200_3/poster_aesthetic5/qwen36/experiment/AXES/task_02/round_04/render.png,"Create an expressive promotional poster for a contemporary dance performance about the tension between physical control and emotional release. Develop a distinctive central visual suggesting a human body in motion, balance, collapse, repetition, or restrained energy. The figure does not need to be anatomically realistic; silhouette, fragmentation, gesture, line, shadow, or abstraction may be used if they create a convincing sense of movement. Required text: THE WEIGHT OF AIR; A contemporary movement performance; October 18–20 · 8 PM; Meridian Arts Theatre. The poster should feel sophisticated, physical, and emotionally charged. Avoid generic luxury branding, conventional event-card layouts, and decorative motion effects that have no relationship to the performance. Do not design a schedule, webpage, collection of cards, or informational interface. Create one unified poster composition.",58,"The narrow spotlight-like form implies restraint and stage atmosphere, but there is too little bodily imagery to embody the performance's core tension.",85,"Large left typography, a vertical body form, and bottom-right details create a confident asymmetric grid with clear scale progression.",78,"The oversized title is strong and expressive, while the date is clear; however, the subtitle/venue are tiny and a letter is awkwardly intersected by the figure.",78,"The blurred vertical silhouette feels airy and cinematic against deep black, but excessive softness reduces technical crispness and finish.",74,"Compositionally large left typography, a vertical body form, and bottom-right details create a confident asymmetric grid with clear scale progression. However, conceptually the narrow spotlight-like form implies restraint and stage atmosphere, but there is too little bodily imagery to embody the performance's core tension."
PG02_I07,task_02,CEN_MAD,1,results_b200_3/poster_aesthetic5/qwen36/experiment/CEN_MAD/task_02/round_01/render.png,"Create an expressive promotional poster for a contemporary dance performance about the tension between physical control and emotional release. Develop a distinctive central visual suggesting a human body in motion, balance, collapse, repetition, or restrained energy. The figure does not need to be anatomically realistic; silhouette, fragmentation, gesture, line, shadow, or abstraction may be used if they create a convincing sense of movement. Required text: THE WEIGHT OF AIR; A contemporary movement performance; October 18–20 · 8 PM; Meridian Arts Theatre. The poster should feel sophisticated, physical, and emotionally charged. Avoid generic luxury branding, conventional event-card layouts, and decorative motion effects that have no relationship to the performance. Do not design a schedule, webpage, collection of cards, or informational interface. Create one unified poster composition.",74,"A long fragmented figure appears stretched between poise and disintegration, making the control-versus-release theme tangible and task-specific.",82,The upper-left title and angular figure create an expressive diagonal flow while secondary information remains cleanly grouped below.,83,"Bold title typography is well integrated with the angular figure, with complete supporting information arranged cleanly below.",79,"The white angular body and subtle gray fragments are coherent and energetic, although some highlights feel harsh and digitally flat.",79,"Typographically bold title typography is well integrated with the angular figure, with complete supporting information arranged cleanly below. However, conceptually a long fragmented figure appears stretched between poise and disintegration, making the control-versus-release theme tangible and task-specific."
PG02_I08,task_02,AXES,2,results_b200_3/poster_aesthetic5/qwen36/experiment/AXES/task_02/round_02/render.png,"Create an expressive promotional poster for a contemporary dance performance about the tension between physical control and emotional release. Develop a distinctive central visual suggesting a human body in motion, balance, collapse, repetition, or restrained energy. The figure does not need to be anatomically realistic; silhouette, fragmentation, gesture, line, shadow, or abstraction may be used if they create a convincing sense of movement. Required text: THE WEIGHT OF AIR; A contemporary movement performance; October 18–20 · 8 PM; Meridian Arts Theatre. The poster should feel sophisticated, physical, and emotionally charged. Avoid generic luxury branding, conventional event-card layouts, and decorative motion effects that have no relationship to the performance. Do not design a schedule, webpage, collection of cards, or informational interface. Create one unified poster composition.",67,"The angular limb-like gesture and drifting fragments suggest constrained motion, though the body and emotional stakes remain somewhat ambiguous.",84,"The title, angled limb, and lower information form a crisp descending eye path with strong negative-space control.",86,"All required text is present in a polished title-subtitle-date-venue hierarchy, and the mixed italic/roman title treatment supports the dance theme.",83,"Warm charcoal-brown light, muted ochre planes, and restrained highlights produce a sophisticated theatrical atmosphere with convincing depth.",79,"Typographically all required text is present in a polished title-subtitle-date-venue hierarchy, and the mixed italic/roman title treatment supports the dance theme. However, conceptually the angular limb-like gesture and drifting fragments suggest constrained motion, though the body and emotional stakes remain somewhat ambiguous."
PG02_I09,task_02,FUSED,1,results_b200_3/poster_aesthetic5/qwen36/experiment/FUSED/task_02/round_01/render.png,"Create an expressive promotional poster for a contemporary dance performance about the tension between physical control and emotional release. Develop a distinctive central visual suggesting a human body in motion, balance, collapse, repetition, or restrained energy. The figure does not need to be anatomically realistic; silhouette, fragmentation, gesture, line, shadow, or abstraction may be used if they create a convincing sense of movement. Required text: THE WEIGHT OF AIR; A contemporary movement performance; October 18–20 · 8 PM; Meridian Arts Theatre. The poster should feel sophisticated, physical, and emotionally charged. Avoid generic luxury branding, conventional event-card layouts, and decorative motion effects that have no relationship to the performance. Do not design a schedule, webpage, collection of cards, or informational interface. Create one unified poster composition.",72,"The segmented figure pushing through the title creates a clear image of a controlled body coming apart, with meaningful physical tension.",72,"The centered figure gives focus, but it intersects the title heavily and causes primary text and body silhouette to compete.",72,The title is readable but visibly interrupted by the figure and fragments; supporting text is complete yet very small.,81,"The bright gray figure emerges cleanly from rich black with controlled shadow, creating a polished monochrome stage effect.",74,"In color and craft the bright gray figure emerges cleanly from rich black with controlled shadow, creating a polished monochrome stage effect. However, conceptually the segmented figure pushing through the title creates a clear image of a controlled body coming apart, with meaningful physical tension."
PG02_I10,task_02,SELF,4,results_b200_3/poster_aesthetic5/qwen36/experiment/SELF/task_02/round_04/render.png,"Create an expressive promotional poster for a contemporary dance performance about the tension between physical control and emotional release. Develop a distinctive central visual suggesting a human body in motion, balance, collapse, repetition, or restrained energy. The figure does not need to be anatomically realistic; silhouette, fragmentation, gesture, line, shadow, or abstraction may be used if they create a convincing sense of movement. Required text: THE WEIGHT OF AIR; A contemporary movement performance; October 18–20 · 8 PM; Meridian Arts Theatre. The poster should feel sophisticated, physical, and emotionally charged. Avoid generic luxury branding, conventional event-card layouts, and decorative motion effects that have no relationship to the performance. Do not design a schedule, webpage, collection of cards, or informational interface. Create one unified poster composition.",60,"The blurred dancer and fine motion lines communicate performance, but amount to a generic contemporary-dance visual rather than a memorable concept.",78,"A centered horizontal hierarchy is readable and balanced, though the blurred figure and tightly layered title reduce depth and focal separation.",84,The restrained centered title is clear and balanced with the blurred dancer; complete event details are cleanly separated at the bottom.,77,"The fogged white figure communicates weightlessness, but broad blur and low local contrast make the image look underfocused rather than intentionally finished.",74,"Typographically the restrained centered title is clear and balanced with the blurred dancer; complete event details are cleanly separated at the bottom. However, conceptually the blurred dancer and fine motion lines communicate performance, but amount to a generic contemporary-dance visual rather than a memorable concept."
PG02_I11,task_02,AXES,1,results_b200_3/poster_aesthetic5/qwen36/experiment/AXES/task_02/round_01/render.png,"Create an expressive promotional poster for a contemporary dance performance about the tension between physical control and emotional release. Develop a distinctive central visual suggesting a human body in motion, balance, collapse, repetition, or restrained energy. The figure does not need to be anatomically realistic; silhouette, fragmentation, gesture, line, shadow, or abstraction may be used if they create a convincing sense of movement. Required text: THE WEIGHT OF AIR; A contemporary movement performance; October 18–20 · 8 PM; Meridian Arts Theatre. The poster should feel sophisticated, physical, and emotionally charged. Avoid generic luxury branding, conventional event-card layouts, and decorative motion effects that have no relationship to the performance. Do not design a schedule, webpage, collection of cards, or informational interface. Create one unified poster composition.",74,"The bent, fractured body conveys balance under stress and impending collapse, directly reflecting the requested physical and emotional tension.",84,"The left title and articulated central figure generate a dynamic but controlled sequence, with event details firmly anchoring the bottom corners.",78,"The title is large and dynamic, but figure fragments cut through letterforms and the small subtitle and venue reduce distance readability.",84,"Subtle olive-gold illumination and layered translucent planes enrich the monochrome base, giving the poster an elegant, crafted material quality.",79,"In color and craft subtle olive-gold illumination and layered translucent planes enrich the monochrome base, giving the poster an elegant, crafted material quality. However, conceptually the bent, fractured body conveys balance under stress and impending collapse, directly reflecting the requested physical and emotional tension."
PG02_I12,task_02,CEN_MAD,2,results_b200_3/poster_aesthetic5/qwen36/experiment/CEN_MAD/task_02/round_02/render.png,"Create an expressive promotional poster for a contemporary dance performance about the tension between physical control and emotional release. Develop a distinctive central visual suggesting a human body in motion, balance, collapse, repetition, or restrained energy. The figure does not need to be anatomically realistic; silhouette, fragmentation, gesture, line, shadow, or abstraction may be used if they create a convincing sense of movement. Required text: THE WEIGHT OF AIR; A contemporary movement performance; October 18–20 · 8 PM; Meridian Arts Theatre. The poster should feel sophisticated, physical, and emotionally charged. Avoid generic luxury branding, conventional event-card layouts, and decorative motion effects that have no relationship to the performance. Do not design a schedule, webpage, collection of cards, or informational interface. Create one unified poster composition.",79,"The elegant abstract body form combines poised vertical control with a sweeping released base, producing a sophisticated and distinctive movement metaphor.",83,"The broad title block is well counterbalanced by the vertical figure, yielding clear distance hierarchy and purposeful asymmetry.",84,"A refined mixed-weight title and clean event footer remain legible, though the tiny subtitle is slightly underemphasized.",82,"The pale sculptural body, soft shadow, and minimal gray accents are smooth and gallery-polished, with pleasing tonal restraint.",82,"Typographically a refined mixed-weight title and clean event footer remain legible, though the tiny subtitle is slightly underemphasized. However, conceptually the elegant abstract body form combines poised vertical control with a sweeping released base, producing a sophisticated and distinctive movement metaphor."
PG02_I13,task_02,FUSED,5,results_b200_3/poster_aesthetic5/qwen36/experiment/FUSED/task_02/round_05/render.png,"Create an expressive promotional poster for a contemporary dance performance about the tension between physical control and emotional release. Develop a distinctive central visual suggesting a human body in motion, balance, collapse, repetition, or restrained energy. The figure does not need to be anatomically realistic; silhouette, fragmentation, gesture, line, shadow, or abstraction may be used if they create a convincing sense of movement. Required text: THE WEIGHT OF AIR; A contemporary movement performance; October 18–20 · 8 PM; Meridian Arts Theatre. The poster should feel sophisticated, physical, and emotionally charged. Avoid generic luxury branding, conventional event-card layouts, and decorative motion effects that have no relationship to the performance. Do not design a schedule, webpage, collection of cards, or informational interface. Create one unified poster composition.",75,The faceted figure's segmented anatomy and poised gesture convincingly combine bodily discipline with fragmentation and emotional release.,76,"The diagonal title creates energy, but the cropped figure, edge-biased date, and limited lower structure make the frame feel less resolved.",72,"The bold title is readable but repeatedly crossed by the figure, while the subtitle and lower event details are too small.",81,A crisp white faceted figure against deep black provides strong sculptural contrast and a clean contemporary finish.,75,"In color and craft a crisp white faceted figure against deep black provides strong sculptural contrast and a clean contemporary finish. However, typographically the bold title is readable but repeatedly crossed by the figure, while the subtitle and lower event details are too small."
PG02_I14,task_02,CEN_MAD,5,results_b200_3/poster_aesthetic5/qwen36/experiment/CEN_MAD/task_02/round_05/render.png,"Create an expressive promotional poster for a contemporary dance performance about the tension between physical control and emotional release. Develop a distinctive central visual suggesting a human body in motion, balance, collapse, repetition, or restrained energy. The figure does not need to be anatomically realistic; silhouette, fragmentation, gesture, line, shadow, or abstraction may be used if they create a convincing sense of movement. Required text: THE WEIGHT OF AIR; A contemporary movement performance; October 18–20 · 8 PM; Meridian Arts Theatre. The poster should feel sophisticated, physical, and emotionally charged. Avoid generic luxury branding, conventional event-card layouts, and decorative motion effects that have no relationship to the performance. Do not design a schedule, webpage, collection of cards, or informational interface. Create one unified poster composition.",83,"The smoky, dissolving dancer is a strong embodiment of a controlled human form releasing into unstable gesture, emotionally charged and specific to the brief.",72,"The smoke-like figure creates a strong vertical axis, but the title crowds the top border and supporting text is pushed to distant extremes.",60,"The title is compressed and visually tangled at the top, while the subtitle is nearly illegible; date and venue are clearer but disconnected.",75,"The smoky vertical trace has expressive atmosphere, but weak figure definition and coarse blur leave the rendering less technically resolved.",58,"Conceptually the smoky, dissolving dancer is a strong embodiment of a controlled human form releasing into unstable gesture, emotionally charged and specific to the brief. However, typographically the title is compressed and visually tangled at the top, while the subtitle is nearly illegible; date and venue are clearer but disconnected. This brief-critical communication failure caps the poster's overall success."
PG02_I15,task_02,CEN_MAD,4,results_b200_3/poster_aesthetic5/qwen36/experiment/CEN_MAD/task_02/round_04/render.png,"Create an expressive promotional poster for a contemporary dance performance about the tension between physical control and emotional release. Develop a distinctive central visual suggesting a human body in motion, balance, collapse, repetition, or restrained energy. The figure does not need to be anatomically realistic; silhouette, fragmentation, gesture, line, shadow, or abstraction may be used if they create a convincing sense of movement. Required text: THE WEIGHT OF AIR; A contemporary movement performance; October 18–20 · 8 PM; Meridian Arts Theatre. The poster should feel sophisticated, physical, and emotionally charged. Avoid generic luxury branding, conventional event-card layouts, and decorative motion effects that have no relationship to the performance. Do not design a schedule, webpage, collection of cards, or informational interface. Create one unified poster composition.",82,The spectral body breaking into a turbulent vertical trail creates a memorable image of physical control giving way to expressive dissolution.,82,"The top-left title, central gesture, and bottom-right date form a balanced triangular eye path with ample breathing room.",81,"The title has good scale and motion-sensitive treatment, with complete event copy; the subtitle and venue remain too small.",79,"A delicate gray motion trace and restrained black field feel poetic and coherent, though the faint image lacks material richness.",81,"Compositionally the top-left title, central gesture, and bottom-right date form a balanced triangular eye path with ample breathing room. However, in color and craft a delicate gray motion trace and restrained black field feel poetic and coherent, though the faint image lacks material richness."
PG02_I16,task_02,SELF,3,results_b200_3/poster_aesthetic5/qwen36/experiment/SELF/task_02/round_03/render.png,"Create an expressive promotional poster for a contemporary dance performance about the tension between physical control and emotional release. Develop a distinctive central visual suggesting a human body in motion, balance, collapse, repetition, or restrained energy. The figure does not need to be anatomically realistic; silhouette, fragmentation, gesture, line, shadow, or abstraction may be used if they create a convincing sense of movement. Required text: THE WEIGHT OF AIR; A contemporary movement performance; October 18–20 · 8 PM; Meridian Arts Theatre. The poster should feel sophisticated, physical, and emotionally charged. Avoid generic luxury branding, conventional event-card layouts, and decorative motion effects that have no relationship to the performance. Do not design a schedule, webpage, collection of cards, or informational interface. Create one unified poster composition.",60,"The softly blurred standing figure communicates dance atmosphere, but offers little distinctive narrative beyond generalized motion and presence.",80,"The centered hierarchy and blurred dancer read coherently, though the composition is conventional and the bottom details feel slightly detached.",86,"Excellent centered hierarchy, clean title spacing, and clearly separated date/venue details make this one of the most readable treatments.",78,"The translucent dancer and smoky floor glow establish a quiet stage mood, but the broad softness reduces visual precision.",75,"Typographically excellent centered hierarchy, clean title spacing, and clearly separated date/venue details make this one of the most readable treatments. However, conceptually the softly blurred standing figure communicates dance atmosphere, but offers little distinctive narrative beyond generalized motion and presence."
PG02_I17,task_02,FUSED,3,results_b200_3/poster_aesthetic5/qwen36/experiment/FUSED/task_02/round_03/render.png,"Create an expressive promotional poster for a contemporary dance performance about the tension between physical control and emotional release. Develop a distinctive central visual suggesting a human body in motion, balance, collapse, repetition, or restrained energy. The figure does not need to be anatomically realistic; silhouette, fragmentation, gesture, line, shadow, or abstraction may be used if they create a convincing sense of movement. Required text: THE WEIGHT OF AIR; A contemporary movement performance; October 18–20 · 8 PM; Meridian Arts Theatre. The poster should feel sophisticated, physical, and emotionally charged. Avoid generic luxury branding, conventional event-card layouts, and decorative motion effects that have no relationship to the performance. Do not design a schedule, webpage, collection of cards, or informational interface. Create one unified poster composition.",68,"The stark figure and dark angular plane imply imbalance and restraint, though the emotional-release aspect is only modestly developed.",81,The figure and two-part title interlock into a clear central focus while the bottom information supplies a stable base.,76,"All required text is present and the title is highly readable, but the widely separated title lines and tiny subtitle weaken integration.",80,"Controlled grayscale shading and a softly modeled upright figure create an elegant, understated atmosphere with good tonal separation.",75,"Compositionally the figure and two-part title interlock into a clear central focus while the bottom information supplies a stable base. However, conceptually the stark figure and dark angular plane imply imbalance and restraint, though the emotional-release aspect is only modestly developed."
PG02_I18,task_02,CEN_MAD,3,results_b200_3/poster_aesthetic5/qwen36/experiment/CEN_MAD/task_02/round_03/render.png,"Create an expressive promotional poster for a contemporary dance performance about the tension between physical control and emotional release. Develop a distinctive central visual suggesting a human body in motion, balance, collapse, repetition, or restrained energy. The figure does not need to be anatomically realistic; silhouette, fragmentation, gesture, line, shadow, or abstraction may be used if they create a convincing sense of movement. Required text: THE WEIGHT OF AIR; A contemporary movement performance; October 18–20 · 8 PM; Meridian Arts Theatre. The poster should feel sophisticated, physical, and emotionally charged. Avoid generic luxury branding, conventional event-card layouts, and decorative motion effects that have no relationship to the performance. Do not design a schedule, webpage, collection of cards, or informational interface. Create one unified poster composition.",80,"The low, fragmented body appears to collapse while retaining a poised structure, sharply capturing the requested tension through expressive abstraction.",86,"A disciplined left text column and low angular figure create excellent asymmetric balance, depth, and a clear top-to-bottom reading sequence.",83,"A disciplined title and event hierarchy integrates cleanly with the fragmented figure, though the subtitle is very small.",79,"The faceted dark figure and warm-gray planes are coherent and crafted, but restrained contrast makes parts of the form disappear.",82,"Compositionally a disciplined left text column and low angular figure create excellent asymmetric balance, depth, and a clear top-to-bottom reading sequence. However, in color and craft the faceted dark figure and warm-gray planes are coherent and crafted, but restrained contrast makes parts of the form disappear."
PG02_I19,task_02,FUSED,2,results_b200_3/poster_aesthetic5/qwen36/experiment/FUSED/task_02/round_02/render.png,"Create an expressive promotional poster for a contemporary dance performance about the tension between physical control and emotional release. Develop a distinctive central visual suggesting a human body in motion, balance, collapse, repetition, or restrained energy. The figure does not need to be anatomically realistic; silhouette, fragmentation, gesture, line, shadow, or abstraction may be used if they create a convincing sense of movement. Required text: THE WEIGHT OF AIR; A contemporary movement performance; October 18–20 · 8 PM; Meridian Arts Theatre. The poster should feel sophisticated, physical, and emotionally charged. Avoid generic luxury branding, conventional event-card layouts, and decorative motion effects that have no relationship to the performance. Do not design a schedule, webpage, collection of cards, or informational interface. Create one unified poster composition.",73,"The disjointed geometric dancer communicates a body held together under motion, creating relevant tension despite a somewhat rudimentary figure language.",80,"The centered title and off-axis figure form a strong focal cluster, though their overlap slightly compresses the main message.",79,"The title remains readable despite the dancer crossing it, and the event details are complete; some letter collisions reduce polish.",82,"The sharply lit white figure, small fragments, and deep black ground form a crisp, high-finish contemporary dance aesthetic.",78,"In color and craft the sharply lit white figure, small fragments, and deep black ground form a crisp, high-finish contemporary dance aesthetic. However, conceptually the disjointed geometric dancer communicates a body held together under motion, creating relevant tension despite a somewhat rudimentary figure language."
PG02_I20,task_02,MAD,4,results_b200_3/poster_aesthetic5/qwen36/experiment/MAD/task_02/round_04/render.png,"Create an expressive promotional poster for a contemporary dance performance about the tension between physical control and emotional release. Develop a distinctive central visual suggesting a human body in motion, balance, collapse, repetition, or restrained energy. The figure does not need to be anatomically realistic; silhouette, fragmentation, gesture, line, shadow, or abstraction may be used if they create a convincing sense of movement. Required text: THE WEIGHT OF AIR; A contemporary movement performance; October 18–20 · 8 PM; Meridian Arts Theatre. The poster should feel sophisticated, physical, and emotionally charged. Avoid generic luxury branding, conventional event-card layouts, and decorative motion effects that have no relationship to the performance. Do not design a schedule, webpage, collection of cards, or informational interface. Create one unified poster composition.",69,"The cropped, breaking figure has physical energy and a sense of escape, but its oversized partial form leaves the specific emotional premise less resolved.",82,"The oversized left title and bright cropped figure make a dramatic balanced split, with small details placed consistently at the lower-left.",75,"The oversized title is direct and readable, but it crowds the right edge and leaves the subtitle and footer details comparatively tiny.",83,"Bright white shards and a softly glowing sculptural body create strong material contrast and dramatic polish, with only slight edge clipping.",76,"In color and craft bright white shards and a softly glowing sculptural body create strong material contrast and dramatic polish, with only slight edge clipping. However, conceptually the cropped, breaking figure has physical energy and a sense of escape, but its oversized partial form leaves the specific emotional premise less resolved."
PG02_I21,task_02,SELF,5,results_b200_3/poster_aesthetic5/qwen36/experiment/SELF/task_02/round_05/render.png,"Create an expressive promotional poster for a contemporary dance performance about the tension between physical control and emotional release. Develop a distinctive central visual suggesting a human body in motion, balance, collapse, repetition, or restrained energy. The figure does not need to be anatomically realistic; silhouette, fragmentation, gesture, line, shadow, or abstraction may be used if they create a convincing sense of movement. Required text: THE WEIGHT OF AIR; A contemporary movement performance; October 18–20 · 8 PM; Meridian Arts Theatre. The poster should feel sophisticated, physical, and emotionally charged. Avoid generic luxury branding, conventional event-card layouts, and decorative motion effects that have no relationship to the performance. Do not design a schedule, webpage, collection of cards, or informational interface. Create one unified poster composition.",61,"The hazy dancer reads immediately as performance imagery, yet the treatment is generic and does not strongly distinguish control from release.",77,"The centered title is immediately legible, but the symmetrical layout and narrow bottom information band create a comparatively flat eye path.",84,"Clear central title, complete supporting copy, and restrained type treatment produce strong readability, with only small subtitle sizing as a weakness.",81,"A luminous vertical body, dense black background, and disciplined grayscale treatment create a clean atmospheric spotlight effect.",75,"Typographically clear central title, complete supporting copy, and restrained type treatment produce strong readability, with only small subtitle sizing as a weakness. However, conceptually the hazy dancer reads immediately as performance imagery, yet the treatment is generic and does not strongly distinguish control from release."
PG02_I22,task_02,MAD,1,results_b200_3/poster_aesthetic5/qwen36/experiment/MAD/task_02/round_01/render.png,"Create an expressive promotional poster for a contemporary dance performance about the tension between physical control and emotional release. Develop a distinctive central visual suggesting a human body in motion, balance, collapse, repetition, or restrained energy. The figure does not need to be anatomically realistic; silhouette, fragmentation, gesture, line, shadow, or abstraction may be used if they create a convincing sense of movement. Required text: THE WEIGHT OF AIR; A contemporary movement performance; October 18–20 · 8 PM; Meridian Arts Theatre. The poster should feel sophisticated, physical, and emotionally charged. Avoid generic luxury branding, conventional event-card layouts, and decorative motion effects that have no relationship to the performance. Do not design a schedule, webpage, collection of cards, or informational interface. Create one unified poster composition.",65,"The luminous figure emerging through the title suggests bodily motion and interruption, but remains more atmospheric than conceptually precise.",66,"A bright central figure dominates while the first title line recedes into near-black, breaking the intended headline hierarchy.",57,"The dancer obscures much of the already low-contrast title, producing poor distance readability even though the supporting copy appears present.",80,"The narrow white spotlight and subtle lavender edge against black feel theatrical and controlled, though the figure remains somewhat generic.",66,"In color and craft the narrow white spotlight and subtle lavender edge against black feel theatrical and controlled, though the figure remains somewhat generic. However, typographically the dancer obscures much of the already low-contrast title, producing poor distance readability even though the supporting copy appears present."
PG02_I23,task_02,FUSED,4,results_b200_3/poster_aesthetic5/qwen36/experiment/FUSED/task_02/round_04/render.png,"Create an expressive promotional poster for a contemporary dance performance about the tension between physical control and emotional release. Develop a distinctive central visual suggesting a human body in motion, balance, collapse, repetition, or restrained energy. The figure does not need to be anatomically realistic; silhouette, fragmentation, gesture, line, shadow, or abstraction may be used if they create a convincing sense of movement. Required text: THE WEIGHT OF AIR; A contemporary movement performance; October 18–20 · 8 PM; Meridian Arts Theatre. The poster should feel sophisticated, physical, and emotionally charged. Avoid generic luxury branding, conventional event-card layouts, and decorative motion effects that have no relationship to the performance. Do not design a schedule, webpage, collection of cards, or informational interface. Create one unified poster composition.",75,The faceted figure's segmented anatomy and poised gesture convincingly combine bodily discipline with fragmentation and emotional release.,76,"The diagonal title creates energy, but the cropped figure, edge-biased date, and limited lower structure make the frame feel less resolved.",72,"The bold title is readable but repeatedly crossed by the figure, while the subtitle and lower event details are too small.",81,A crisp white faceted figure against deep black provides strong sculptural contrast and a clean contemporary finish.,75,"In color and craft a crisp white faceted figure against deep black provides strong sculptural contrast and a clean contemporary finish. However, typographically the bold title is readable but repeatedly crossed by the figure, while the subtitle and lower event details are too small."
PG02_I24,task_02,MAD,3,results_b200_3/poster_aesthetic5/qwen36/experiment/MAD/task_02/round_03/render.png,"Create an expressive promotional poster for a contemporary dance performance about the tension between physical control and emotional release. Develop a distinctive central visual suggesting a human body in motion, balance, collapse, repetition, or restrained energy. The figure does not need to be anatomically realistic; silhouette, fragmentation, gesture, line, shadow, or abstraction may be used if they create a convincing sense of movement. Required text: THE WEIGHT OF AIR; A contemporary movement performance; October 18–20 · 8 PM; Meridian Arts Theatre. The poster should feel sophisticated, physical, and emotionally charged. Avoid generic luxury branding, conventional event-card layouts, and decorative motion effects that have no relationship to the performance. Do not design a schedule, webpage, collection of cards, or informational interface. Create one unified poster composition.",64,"A faint moving body and small shard introduce performance energy, but the imagery is too secondary to form a strong central concept.",82,"The large left title, soft central figure, and right-anchored details create a strong panoramic hierarchy with controlled asymmetry.",88,"The very large title, clearly separated subtitle, and compact but legible date/venue block create a strong promotional hierarchy.",82,"The narrow pink-white beam introduces a tasteful chromatic accent and refined glow, giving the otherwise monochrome field a polished stage atmosphere.",78,"Typographically the very large title, clearly separated subtitle, and compact but legible date/venue block create a strong promotional hierarchy. However, conceptually a faint moving body and small shard introduce performance energy, but the imagery is too secondary to form a strong central concept."
PG02_I25,task_02,SELF,2,results_b200_3/poster_aesthetic5/qwen36/experiment/SELF/task_02/round_02/render.png,"Create an expressive promotional poster for a contemporary dance performance about the tension between physical control and emotional release. Develop a distinctive central visual suggesting a human body in motion, balance, collapse, repetition, or restrained energy. The figure does not need to be anatomically realistic; silhouette, fragmentation, gesture, line, shadow, or abstraction may be used if they create a convincing sense of movement. Required text: THE WEIGHT OF AIR; A contemporary movement performance; October 18–20 · 8 PM; Meridian Arts Theatre. The poster should feel sophisticated, physical, and emotionally charged. Avoid generic luxury branding, conventional event-card layouts, and decorative motion effects that have no relationship to the performance. Do not design a schedule, webpage, collection of cards, or informational interface. Create one unified poster composition.",62,"The blurred figure and contour lines suggest motion, though they rely on familiar dance-poster symbolism with limited task-specific insight.",78,"The centered title and walking figure give a clear focal stack, though the bottom text sits close to the edge and the middle is slightly congested.",82,"The title is clear and elegantly spaced across the dancer, with complete event information; subtitle size is the main limitation.",79,"Soft gray illumination and a ghosted dancer evoke air and motion, but the low contrast and haze leave some areas visually unfinished.",75,"Typographically the title is clear and elegantly spaced across the dancer, with complete event information; subtitle size is the main limitation. However, conceptually the blurred figure and contour lines suggest motion, though they rely on familiar dance-poster symbolism with limited task-specific insight."
PG02_I26,task_02,AXES,5,results_b200_3/poster_aesthetic5/qwen36/experiment/AXES/task_02/round_05/render.png,"Create an expressive promotional poster for a contemporary dance performance about the tension between physical control and emotional release. Develop a distinctive central visual suggesting a human body in motion, balance, collapse, repetition, or restrained energy. The figure does not need to be anatomically realistic; silhouette, fragmentation, gesture, line, shadow, or abstraction may be used if they create a convincing sense of movement. Required text: THE WEIGHT OF AIR; A contemporary movement performance; October 18–20 · 8 PM; Meridian Arts Theatre. The poster should feel sophisticated, physical, and emotionally charged. Avoid generic luxury branding, conventional event-card layouts, and decorative motion effects that have no relationship to the performance. Do not design a schedule, webpage, collection of cards, or informational interface. Create one unified poster composition.",57,"The cone of light evokes a stage and restrained energy, but the near-absence of a body makes the core physical conflict too vague.",83,"The left serif title, central vertical form, and right-aligned event details produce a refined triangular balance and clear reading flow.",81,"The serif title is distinctive and readable and the date is clear, though the vertical subtitle treatment and tiny venue text are less accessible.",80,"The restrained charcoal palette and precise vertical dotted light feel elegant and technically clean, though visually austere.",74,"Compositionally the left serif title, central vertical form, and right-aligned event details produce a refined triangular balance and clear reading flow. However, conceptually the cone of light evokes a stage and restrained energy, but the near-absence of a body makes the core physical conflict too vague."
PG03_I01,task_03,CEN_MAD,3,results_b200_3/poster_aesthetic5/qwen36/experiment/CEN_MAD/task_03/round_03/render.png,"Create an atmospheric exhibition poster for a museum show about life in the deepest parts of the ocean. Build a memorable visual world involving deep-sea darkness, pressure, bioluminescent organisms, unfamiliar marine forms, or the sensation of descending into an unexplored environment. The imagery should evoke scientific curiosity and genuine mystery rather than looking like a generic aquarium advertisement. Required text: BELOW THE LAST LIGHT; Life at the edge of the known world; Special Exhibition · November 2–March 9; Calder Museum of Natural History. The poster should balance wonder, strangeness, and institutional credibility. It should remain visually compelling at a distance and reveal finer details when viewed closely. Do not design a museum webpage, scientific dashboard, collection of cards, or informational interface. Create one unified poster composition.",70,A delicate bioluminescent organism suspended in deep darkness provides a credible sense of rare life discovered below the last light.,72,"The title and organism create a useful left-right tension, but low headline contrast and widely separated footer blocks weaken the reading path.",68,"The complete title has suitable character, but it is low-contrast; the tagline and split exhibition/institution details are extremely small.",77,"The near-black abyssal field and sparse cyan-red bioluminescent points feel appropriately mysterious, but the image is underexposed and loses finish.",71,"In color and craft the near-black abyssal field and sparse cyan-red bioluminescent points feel appropriately mysterious, but the image is underexposed and loses finish. However, typographically the complete title has suitable character, but it is low-contrast; the tagline and split exhibition/institution details are extremely small."
PG03_I02,task_03,MAD,5,results_b200_3/poster_aesthetic5/qwen36/experiment/MAD/task_03/round_05/render.png,"Create an atmospheric exhibition poster for a museum show about life in the deepest parts of the ocean. Build a memorable visual world involving deep-sea darkness, pressure, bioluminescent organisms, unfamiliar marine forms, or the sensation of descending into an unexplored environment. The imagery should evoke scientific curiosity and genuine mystery rather than looking like a generic aquarium advertisement. Required text: BELOW THE LAST LIGHT; Life at the edge of the known world; Special Exhibition · November 2–March 9; Calder Museum of Natural History. The poster should balance wonder, strangeness, and institutional credibility. It should remain visually compelling at a distance and reveal finer details when viewed closely. Do not design a museum webpage, scientific dashboard, collection of cards, or informational interface. Create one unified poster composition.",60,"The colored contour arcs suggest an unknown marine boundary, but remain generic neon abstraction with little organismal or scientific specificity.",81,"The centered title is framed effectively by tall luminous forms, producing a coherent portal-like hierarchy with stable lower details.",86,"All required text is clearly present in a strong centered hierarchy, with good title scale and controlled supporting lines.",81,"Teal and violet edge glows frame the deep navy field with elegant restraint, creating a polished immersive-ocean atmosphere.",76,"Typographically all required text is clearly present in a strong centered hierarchy, with good title scale and controlled supporting lines. However, conceptually the colored contour arcs suggest an unknown marine boundary, but remain generic neon abstraction with little organismal or scientific specificity."
PG03_I03,task_03,SELF,1,results_b200_3/poster_aesthetic5/qwen36/experiment/SELF/task_03/round_01/render.png,"Create an atmospheric exhibition poster for a museum show about life in the deepest parts of the ocean. Build a memorable visual world involving deep-sea darkness, pressure, bioluminescent organisms, unfamiliar marine forms, or the sensation of descending into an unexplored environment. The imagery should evoke scientific curiosity and genuine mystery rather than looking like a generic aquarium advertisement. Required text: BELOW THE LAST LIGHT; Life at the edge of the known world; Special Exhibition · November 2–March 9; Calder Museum of Natural History. The poster should balance wonder, strangeness, and institutional credibility. It should remain visually compelling at a distance and reveal finer details when viewed closely. Do not design a museum webpage, scientific dashboard, collection of cards, or informational interface. Create one unified poster composition.",47,"Faint diagrams and red stalks hint at deep-sea life, but the washed-out field loses darkness, pressure, mystery, and a memorable central image.",72,"The centered stack is structurally clear, but the bright haze washes together headline, subtitle, and image, reducing focal depth.",64,"The title is large but blown out by the bright center, while the tagline and institution line become difficult to read against the haze.",72,"The foggy gray bloom and coral-red details suggest underwater light, but overexposure washes out depth and makes the surface feel unfinished.",61,"In color and craft the foggy gray bloom and coral-red details suggest underwater light, but overexposure washes out depth and makes the surface feel unfinished. However, conceptually faint diagrams and red stalks hint at deep-sea life, but the washed-out field loses darkness, pressure, mystery, and a memorable central image."
PG03_I04,task_03,MAD,4,results_b200_3/poster_aesthetic5/qwen36/experiment/MAD/task_03/round_04/render.png,"Create an atmospheric exhibition poster for a museum show about life in the deepest parts of the ocean. Build a memorable visual world involving deep-sea darkness, pressure, bioluminescent organisms, unfamiliar marine forms, or the sensation of descending into an unexplored environment. The imagery should evoke scientific curiosity and genuine mystery rather than looking like a generic aquarium advertisement. Required text: BELOW THE LAST LIGHT; Life at the edge of the known world; Special Exhibition · November 2–March 9; Calder Museum of Natural History. The poster should balance wonder, strangeness, and institutional credibility. It should remain visually compelling at a distance and reveal finer details when viewed closely. Do not design a museum webpage, scientific dashboard, collection of cards, or informational interface. Create one unified poster composition.",59,"The enclosing luminous curves evoke descent into an alien space, yet they read primarily as decorative neon lines rather than a convincing deep-sea world.",82,"The large centered title and enclosing vertical forms create strong distance readability and a unified, symmetrical exhibition-poster composition.",83,"The title, tagline, exhibition dates, and institution are complete and cleanly tiered, though the smallest lines are slightly faint.",82,"Controlled teal-violet arcs, subtle texture, and deep black-blue tonality produce a coherent, premium exhibition mood.",75,"Typographically the title, tagline, exhibition dates, and institution are complete and cleanly tiered, though the smallest lines are slightly faint. However, conceptually the enclosing luminous curves evoke descent into an alien space, yet they read primarily as decorative neon lines rather than a convincing deep-sea world."
PG03_I05,task_03,FUSED,1,results_b200_3/poster_aesthetic5/qwen36/experiment/FUSED/task_03/round_01/render.png,"Create an atmospheric exhibition poster for a museum show about life in the deepest parts of the ocean. Build a memorable visual world involving deep-sea darkness, pressure, bioluminescent organisms, unfamiliar marine forms, or the sensation of descending into an unexplored environment. The imagery should evoke scientific curiosity and genuine mystery rather than looking like a generic aquarium advertisement. Required text: BELOW THE LAST LIGHT; Life at the edge of the known world; Special Exhibition · November 2–March 9; Calder Museum of Natural History. The poster should balance wonder, strangeness, and institutional credibility. It should remain visually compelling at a distance and reveal finer details when viewed closely. Do not design a museum webpage, scientific dashboard, collection of cards, or informational interface. Create one unified poster composition.",68,"The glowing segmented specimen has a scientific, unfamiliar quality that suits the exhibition, though the solitary form is only moderately evocative.",86,"A disciplined left information column is balanced by one luminous form on the right, creating excellent hierarchy and negative-space control.",88,Excellent left-aligned title hierarchy with readable tagline and event information; the institution line is small but still controlled.,84,"The luminous cyan vessel form is beautifully modeled against rich black, with convincing glasslike depth and refined restrained color.",81,"Typographically excellent left-aligned title hierarchy with readable tagline and event information; the institution line is small but still controlled. However, conceptually the glowing segmented specimen has a scientific, unfamiliar quality that suits the exhibition, though the solitary form is only moderately evocative."
PG03_I06,task_03,AXES,4,results_b200_3/poster_aesthetic5/qwen36/experiment/AXES/task_03/round_04/render.png,"Create an atmospheric exhibition poster for a museum show about life in the deepest parts of the ocean. Build a memorable visual world involving deep-sea darkness, pressure, bioluminescent organisms, unfamiliar marine forms, or the sensation of descending into an unexplored environment. The imagery should evoke scientific curiosity and genuine mystery rather than looking like a generic aquarium advertisement. Required text: BELOW THE LAST LIGHT; Life at the edge of the known world; Special Exhibition · November 2–March 9; Calder Museum of Natural History. The poster should balance wonder, strangeness, and institutional credibility. It should remain visually compelling at a distance and reveal finer details when viewed closely. Do not design a museum webpage, scientific dashboard, collection of cards, or informational interface. Create one unified poster composition.",62,"Sparse luminous cells and drifting traces create abyssal atmosphere, but the imagery remains thin and does not fully build a distinctive visual world.",76,"The left title and scattered organisms create an atmospheric diagonal, but the abbreviated headline and remote bottom details leave the middle under-structured.",28,"The required title is reduced to 'LAST LIGHT,' omitting 'BELOW THE'; this major completeness failure outweighs the otherwise readable supporting copy.",82,Fine teal organism details and sparse glowing particles create subject-specific atmosphere with crisp contrast and a sophisticated dark finish.,45,"In color and craft fine teal organism details and sparse glowing particles create subject-specific atmosphere with crisp contrast and a sophisticated dark finish. However, typographically the required title is reduced to 'LAST LIGHT,' omitting 'BELOW THE'; this major completeness failure outweighs the otherwise readable supporting copy."
PG03_I07,task_03,MAD,3,results_b200_3/poster_aesthetic5/qwen36/experiment/MAD/task_03/round_03/render.png,"Create an atmospheric exhibition poster for a museum show about life in the deepest parts of the ocean. Build a memorable visual world involving deep-sea darkness, pressure, bioluminescent organisms, unfamiliar marine forms, or the sensation of descending into an unexplored environment. The imagery should evoke scientific curiosity and genuine mystery rather than looking like a generic aquarium advertisement. Required text: BELOW THE LAST LIGHT; Life at the edge of the known world; Special Exhibition · November 2–March 9; Calder Museum of Natural History. The poster should balance wonder, strangeness, and institutional credibility. It should remain visually compelling at a distance and reveal finer details when viewed closely. Do not design a museum webpage, scientific dashboard, collection of cards, or informational interface. Create one unified poster composition.",58,"Curving cyan and violet traces imply deep-water organisms, but feel like generic light decoration rather than biologically or emotionally meaningful imagery.",78,"The central headline is prominent and framed by edge forms, though low contrast and a compressed lower information stack flatten the spatial depth.",78,"All required wording appears present and centered, but the dark title and very small supporting lines reduce distance legibility.",78,"The subdued navy palette and faint violet side accents are coherent, though the tonal range is so narrow that the poster feels visually muted.",72,"In color and craft the subdued navy palette and faint violet side accents are coherent, though the tonal range is so narrow that the poster feels visually muted. However, conceptually curving cyan and violet traces imply deep-water organisms, but feel like generic light decoration rather than biologically or emotionally meaningful imagery."
PG03_I08,task_03,FUSED,4,results_b200_3/poster_aesthetic5/qwen36/experiment/FUSED/task_03/round_04/render.png,"Create an atmospheric exhibition poster for a museum show about life in the deepest parts of the ocean. Build a memorable visual world involving deep-sea darkness, pressure, bioluminescent organisms, unfamiliar marine forms, or the sensation of descending into an unexplored environment. The imagery should evoke scientific curiosity and genuine mystery rather than looking like a generic aquarium advertisement. Required text: BELOW THE LAST LIGHT; Life at the edge of the known world; Special Exhibition · November 2–March 9; Calder Museum of Natural History. The poster should balance wonder, strangeness, and institutional credibility. It should remain visually compelling at a distance and reveal finer details when viewed closely. Do not design a museum webpage, scientific dashboard, collection of cards, or informational interface. Create one unified poster composition.",67,"The vertical segmented form suggests an unfamiliar specimen or pressure instrument, giving the poster credible scientific mystery despite limited world-building.",85,The left typographic block and bright right column form a clear two-part balance with a natural top-to-bottom informational sequence.,90,"The complete serif title, italic tagline, and clearly separated exhibition/institution lines create a refined and highly readable hierarchy.",84,A segmented cyan bioluminescent column and nuanced teal halo create strong material depth and a polished scientific-mystery aesthetic.,81,"Typographically the complete serif title, italic tagline, and clearly separated exhibition/institution lines create a refined and highly readable hierarchy. However, conceptually the vertical segmented form suggests an unfamiliar specimen or pressure instrument, giving the poster credible scientific mystery despite limited world-building."
PG03_I09,task_03,FUSED,5,results_b200_3/poster_aesthetic5/qwen36/experiment/FUSED/task_03/round_05/render.png,"Create an atmospheric exhibition poster for a museum show about life in the deepest parts of the ocean. Build a memorable visual world involving deep-sea darkness, pressure, bioluminescent organisms, unfamiliar marine forms, or the sensation of descending into an unexplored environment. The imagery should evoke scientific curiosity and genuine mystery rather than looking like a generic aquarium advertisement. Required text: BELOW THE LAST LIGHT; Life at the edge of the known world; Special Exhibition · November 2–March 9; Calder Museum of Natural History. The poster should balance wonder, strangeness, and institutional credibility. It should remain visually compelling at a distance and reveal finer details when viewed closely. Do not design a museum webpage, scientific dashboard, collection of cards, or informational interface. Create one unified poster composition.",70,"A descending sequence of luminous rings works as both pressure-depth diagram and alien life form, creating a meaningful scientific-descent metaphor.",87,"The title, dividing rule, and tall illuminated column establish a refined asymmetric grid and a strong vertical descent through the poster.",89,Strong complete title treatment and clean informational tiers integrate well with the scientific visual; only the institution line is quite small.,83,"The delicate cyan ring structure glows convincingly over deep black, with controlled falloff and a refined museum-display finish.",82,"Typographically strong complete title treatment and clean informational tiers integrate well with the scientific visual; only the institution line is quite small. However, conceptually a descending sequence of luminous rings works as both pressure-depth diagram and alien life form, creating a meaningful scientific-descent metaphor."
PG03_I10,task_03,MAD,2,results_b200_3/poster_aesthetic5/qwen36/experiment/MAD/task_03/round_02/render.png,"Create an atmospheric exhibition poster for a museum show about life in the deepest parts of the ocean. Build a memorable visual world involving deep-sea darkness, pressure, bioluminescent organisms, unfamiliar marine forms, or the sensation of descending into an unexplored environment. The imagery should evoke scientific curiosity and genuine mystery rather than looking like a generic aquarium advertisement. Required text: BELOW THE LAST LIGHT; Life at the edge of the known world; Special Exhibition · November 2–March 9; Calder Museum of Natural History. The poster should balance wonder, strangeness, and institutional credibility. It should remain visually compelling at a distance and reveal finer details when viewed closely. Do not design a museum webpage, scientific dashboard, collection of cards, or informational interface. Create one unified poster composition.",59,"The enclosing luminous curves evoke descent into an alien space, yet they read primarily as decorative neon lines rather than a convincing deep-sea world.",80,"The centered stack and curved side forms create a cohesive frame, although the many horizontal lines cluster tightly in the middle.",80,"The full title and required details are present, but the title is somewhat dim and the institution line is extremely fine.",81,"Teal and violet edge glows frame the deep navy field with elegant restraint, creating a polished immersive-ocean atmosphere.",74,"In color and craft teal and violet edge glows frame the deep navy field with elegant restraint, creating a polished immersive-ocean atmosphere. However, conceptually the enclosing luminous curves evoke descent into an alien space, yet they read primarily as decorative neon lines rather than a convincing deep-sea world."
PG03_I11,task_03,SELF,2,results_b200_3/poster_aesthetic5/qwen36/experiment/SELF/task_03/round_02/render.png,"Create an atmospheric exhibition poster for a museum show about life in the deepest parts of the ocean. Build a memorable visual world involving deep-sea darkness, pressure, bioluminescent organisms, unfamiliar marine forms, or the sensation of descending into an unexplored environment. The imagery should evoke scientific curiosity and genuine mystery rather than looking like a generic aquarium advertisement. Required text: BELOW THE LAST LIGHT; Life at the edge of the known world; Special Exhibition · November 2–March 9; Calder Museum of Natural History. The poster should balance wonder, strangeness, and institutional credibility. It should remain visually compelling at a distance and reveal finer details when viewed closely. Do not design a museum webpage, scientific dashboard, collection of cards, or informational interface. Create one unified poster composition.",48,The pale haze contains only faint marine cues and largely erases the deep-sea darkness and strangeness central to the exhibition.,70,"The layout is centered and ordered, but intense haze collapses figure-ground separation and makes all hierarchy levels appear similarly weak.",63,"The title is readable but softened by glare, and both the tagline and institution line are washed out at normal viewing scale.",74,"The silver-gray fog and red organism accents are atmospheric, but blown highlights and low text contrast weaken technical polish.",61,"In color and craft the silver-gray fog and red organism accents are atmospheric, but blown highlights and low text contrast weaken technical polish. However, conceptually the pale haze contains only faint marine cues and largely erases the deep-sea darkness and strangeness central to the exhibition."
PG03_I12,task_03,AXES,2,results_b200_3/poster_aesthetic5/qwen36/experiment/AXES/task_03/round_02/render.png,"Create an atmospheric exhibition poster for a museum show about life in the deepest parts of the ocean. Build a memorable visual world involving deep-sea darkness, pressure, bioluminescent organisms, unfamiliar marine forms, or the sensation of descending into an unexplored environment. The imagery should evoke scientific curiosity and genuine mystery rather than looking like a generic aquarium advertisement. Required text: BELOW THE LAST LIGHT; Life at the edge of the known world; Special Exhibition · November 2–March 9; Calder Museum of Natural History. The poster should balance wonder, strangeness, and institutional credibility. It should remain visually compelling at a distance and reveal finer details when viewed closely. Do not design a museum webpage, scientific dashboard, collection of cards, or informational interface. Create one unified poster composition.",52,"Ghostly diagrams and small organism hints imply scientific observation, but the bright fog makes the visual world vague and insufficiently abyssal.",66,"The washed central field leaves the title faint, the date stranded low, and the organism line competing without a decisive focal anchor.",54,"Bright fog severely reduces contrast across the title and supporting lines, making multiple required items difficult to read despite apparent presence.",69,"Heavy white bloom obscures forms and flattens the deep-sea palette; despite evocative haze, the rendering looks overexposed and unresolved.",58,"In color and craft heavy white bloom obscures forms and flattens the deep-sea palette; despite evocative haze, the rendering looks overexposed and unresolved. However, conceptually ghostly diagrams and small organism hints imply scientific observation, but the bright fog makes the visual world vague and insufficiently abyssal."
PG03_I13,task_03,SELF,5,results_b200_3/poster_aesthetic5/qwen36/experiment/SELF/task_03/round_05/render.png,"Create an atmospheric exhibition poster for a museum show about life in the deepest parts of the ocean. Build a memorable visual world involving deep-sea darkness, pressure, bioluminescent organisms, unfamiliar marine forms, or the sensation of descending into an unexplored environment. The imagery should evoke scientific curiosity and genuine mystery rather than looking like a generic aquarium advertisement. Required text: BELOW THE LAST LIGHT; Life at the edge of the known world; Special Exhibition · November 2–March 9; Calder Museum of Natural History. The poster should balance wonder, strangeness, and institutional credibility. It should remain visually compelling at a distance and reveal finer details when viewed closely. Do not design a museum webpage, scientific dashboard, collection of cards, or informational interface. Create one unified poster composition.",69,"A central alien organism paired with red vent-like stalks supplies both biological and environmental specificity, though the forms remain quite schematic.",79,"The bold centered title and low organism details give a clear vertical stack, though the bottom institutional line is compressed.",82,"The glowing title is prominent and all required text is present, although the exhibition and institution lines are quite small.",80,"Dense black, cool white type glow, red beacons, and a precise cyan ring create strong nocturnal contrast with good technical control.",77,"Typographically the glowing title is prominent and all required text is present, although the exhibition and institution lines are quite small. However, conceptually a central alien organism paired with red vent-like stalks supplies both biological and environmental specificity, though the forms remain quite schematic."
PG03_I14,task_03,AXES,5,results_b200_3/poster_aesthetic5/qwen36/experiment/AXES/task_03/round_05/render.png,"Create an atmospheric exhibition poster for a museum show about life in the deepest parts of the ocean. Build a memorable visual world involving deep-sea darkness, pressure, bioluminescent organisms, unfamiliar marine forms, or the sensation of descending into an unexplored environment. The imagery should evoke scientific curiosity and genuine mystery rather than looking like a generic aquarium advertisement. Required text: BELOW THE LAST LIGHT; Life at the edge of the known world; Special Exhibition · November 2–March 9; Calder Museum of Natural History. The poster should balance wonder, strangeness, and institutional credibility. It should remain visually compelling at a distance and reveal finer details when viewed closely. Do not design a museum webpage, scientific dashboard, collection of cards, or informational interface. Create one unified poster composition.",61,"Sparse floating forms and luminous traces evoke distant life in darkness, but the lack of a strong central specimen leaves the concept underdeveloped.",78,"The left title and right-side organisms form a spacious asymmetric layout, but the lower information sits close to the edge and feels detached.",27,"The required title is shortened to 'LAST LIGHT,' omitting 'BELOW THE'; supporting copy cannot compensate for this major textual failure.",79,"The teal edge organism and curved depth lines create a moody abyssal field, though the central darkness is slightly featureless.",45,"In color and craft the teal edge organism and curved depth lines create a moody abyssal field, though the central darkness is slightly featureless. However, typographically the required title is shortened to 'LAST LIGHT,' omitting 'BELOW THE'; supporting copy cannot compensate for this major textual failure."
PG03_I15,task_03,FUSED,2,results_b200_3/poster_aesthetic5/qwen36/experiment/FUSED/task_03/round_02/render.png,"Create an atmospheric exhibition poster for a museum show about life in the deepest parts of the ocean. Build a memorable visual world involving deep-sea darkness, pressure, bioluminescent organisms, unfamiliar marine forms, or the sensation of descending into an unexplored environment. The imagery should evoke scientific curiosity and genuine mystery rather than looking like a generic aquarium advertisement. Required text: BELOW THE LAST LIGHT; Life at the edge of the known world; Special Exhibition · November 2–March 9; Calder Museum of Natural History. The poster should balance wonder, strangeness, and institutional credibility. It should remain visually compelling at a distance and reveal finer details when viewed closely. Do not design a museum webpage, scientific dashboard, collection of cards, or informational interface. Create one unified poster composition.",71,"The bright segmented organism reads as an unfamiliar museum specimen emerging from darkness, creating a focused and credible deep-sea concept.",86,A strong left information block and luminous right specimen create a balanced museum-poster grid with excellent focal order.,88,"All required copy is present in a crisp, readable left hierarchy that balances well with the organism visual.",85,"The glowing segmented teal capsule is crisply rendered with layered translucency, giving the dark ocean palette excellent material richness.",82,"Typographically all required copy is present in a crisp, readable left hierarchy that balances well with the organism visual. However, conceptually the bright segmented organism reads as an unfamiliar museum specimen emerging from darkness, creating a focused and credible deep-sea concept."
PG03_I16,task_03,CEN_MAD,4,results_b200_3/poster_aesthetic5/qwen36/experiment/CEN_MAD/task_03/round_04/render.png,"Create an atmospheric exhibition poster for a museum show about life in the deepest parts of the ocean. Build a memorable visual world involving deep-sea darkness, pressure, bioluminescent organisms, unfamiliar marine forms, or the sensation of descending into an unexplored environment. The imagery should evoke scientific curiosity and genuine mystery rather than looking like a generic aquarium advertisement. Required text: BELOW THE LAST LIGHT; Life at the edge of the known world; Special Exhibition · November 2–March 9; Calder Museum of Natural History. The poster should balance wonder, strangeness, and institutional credibility. It should remain visually compelling at a distance and reveal finer details when viewed closely. Do not design a museum webpage, scientific dashboard, collection of cards, or informational interface. Create one unified poster composition.",70,The small constellation-like organism caught in a shaft of darkness conveys fragile bioluminescent life and genuine exploratory mystery.,80,"The upper-left title and central organism create a clear triangular structure, with supporting details balanced across the lower corners.",76,"The full title is expressive and readable, but the split event details at opposite lower corners are tiny and reduce scan efficiency.",78,"Sparse turquoise particles and faint marine outlines suit the subject, but the very dark exposure suppresses detail and tactile finish.",75,"Compositionally the upper-left title and central organism create a clear triangular structure, with supporting details balanced across the lower corners. However, conceptually the small constellation-like organism caught in a shaft of darkness conveys fragile bioluminescent life and genuine exploratory mystery."
PG03_I17,task_03,CEN_MAD,1,results_b200_3/poster_aesthetic5/qwen36/experiment/CEN_MAD/task_03/round_01/render.png,"Create an atmospheric exhibition poster for a museum show about life in the deepest parts of the ocean. Build a memorable visual world involving deep-sea darkness, pressure, bioluminescent organisms, unfamiliar marine forms, or the sensation of descending into an unexplored environment. The imagery should evoke scientific curiosity and genuine mystery rather than looking like a generic aquarium advertisement. Required text: BELOW THE LAST LIGHT; Life at the edge of the known world; Special Exhibition · November 2–March 9; Calder Museum of Natural History. The poster should balance wonder, strangeness, and institutional credibility. It should remain visually compelling at a distance and reveal finer details when viewed closely. Do not design a museum webpage, scientific dashboard, collection of cards, or informational interface. Create one unified poster composition.",72,"Dim organisms, vent-like red forms, and descending darkness create a richer, more mysterious abyssal habitat rather than a generic aquarium image.",72,"The left title and central organism are logically placed, but the whole composition is too dark and the widely separated bottom blocks weaken unity.",69,"The title is complete but relatively dim, and the lower required exhibition and institution lines are too faint for reliable reading.",76,"The black-blue field and subtle cyan specks are coherent and atmospheric, yet much of the image reads too dim and visually unfinished.",72,"In color and craft the black-blue field and subtle cyan specks are coherent and atmospheric, yet much of the image reads too dim and visually unfinished. However, typographically the title is complete but relatively dim, and the lower required exhibition and institution lines are too faint for reliable reading."
PG03_I18,task_03,AXES,1,results_b200_3/poster_aesthetic5/qwen36/experiment/AXES/task_03/round_01/render.png,"Create an atmospheric exhibition poster for a museum show about life in the deepest parts of the ocean. Build a memorable visual world involving deep-sea darkness, pressure, bioluminescent organisms, unfamiliar marine forms, or the sensation of descending into an unexplored environment. The imagery should evoke scientific curiosity and genuine mystery rather than looking like a generic aquarium advertisement. Required text: BELOW THE LAST LIGHT; Life at the edge of the known world; Special Exhibition · November 2–March 9; Calder Museum of Natural History. The poster should balance wonder, strangeness, and institutional credibility. It should remain visually compelling at a distance and reveal finer details when viewed closely. Do not design a museum webpage, scientific dashboard, collection of cards, or informational interface. Create one unified poster composition.",51,"Faint scientific circles and red stalks are relevant cues, but the pale field suppresses the requested darkness, pressure, and sense of discovery.",69,"The title and date occupy sensible zones, yet the pale haze erases depth and leaves the central specimen and copy without a strong visual anchor.",66,"The title and exhibition line are visible, but the pale background lowers contrast and the tagline/institution copy is nearly washed out.",73,"Soft gray underwater bloom and red points offer mood, but broad haze washes out contrast and diminishes precision.",62,"In color and craft soft gray underwater bloom and red points offer mood, but broad haze washes out contrast and diminishes precision. However, conceptually faint scientific circles and red stalks are relevant cues, but the pale field suppresses the requested darkness, pressure, and sense of discovery."
PG03_I19,task_03,MAD,1,results_b200_3/poster_aesthetic5/qwen36/experiment/MAD/task_03/round_01/render.png,"Create an atmospheric exhibition poster for a museum show about life in the deepest parts of the ocean. Build a memorable visual world involving deep-sea darkness, pressure, bioluminescent organisms, unfamiliar marine forms, or the sensation of descending into an unexplored environment. The imagery should evoke scientific curiosity and genuine mystery rather than looking like a generic aquarium advertisement. Required text: BELOW THE LAST LIGHT; Life at the edge of the known world; Special Exhibition · November 2–March 9; Calder Museum of Natural History. The poster should balance wonder, strangeness, and institutional credibility. It should remain visually compelling at a distance and reveal finer details when viewed closely. Do not design a museum webpage, scientific dashboard, collection of cards, or informational interface. Create one unified poster composition.",59,"The enclosing luminous curves evoke descent into an alien space, yet they read primarily as decorative neon lines rather than a convincing deep-sea world.",80,"The centered stack and curved side forms create a cohesive frame, although the many horizontal lines cluster tightly in the middle.",80,"The full title and required details are present, but the title is somewhat dim and the institution line is extremely fine.",81,"Teal and violet edge glows frame the deep navy field with elegant restraint, creating a polished immersive-ocean atmosphere.",74,"In color and craft teal and violet edge glows frame the deep navy field with elegant restraint, creating a polished immersive-ocean atmosphere. However, conceptually the enclosing luminous curves evoke descent into an alien space, yet they read primarily as decorative neon lines rather than a convincing deep-sea world."
PG03_I20,task_03,R0,0,results_b200_3/poster_aesthetic5/qwen36/experiment/SELF/task_03/r0.png,"Create an atmospheric exhibition poster for a museum show about life in the deepest parts of the ocean. Build a memorable visual world involving deep-sea darkness, pressure, bioluminescent organisms, unfamiliar marine forms, or the sensation of descending into an unexplored environment. The imagery should evoke scientific curiosity and genuine mystery rather than looking like a generic aquarium advertisement. Required text: BELOW THE LAST LIGHT; Life at the edge of the known world; Special Exhibition · November 2–March 9; Calder Museum of Natural History. The poster should balance wonder, strangeness, and institutional credibility. It should remain visually compelling at a distance and reveal finer details when viewed closely. Do not design a museum webpage, scientific dashboard, collection of cards, or informational interface. Create one unified poster composition.",48,The washed-out environment contains only token organism marks and fails to establish a compelling or mysterious deep-ocean visual world.,70,"The hierarchy is formally centered but washed out, causing title, specimen, and supporting copy to merge into one low-contrast field.",70,"The title is clear against the luminous field, but the tagline is faint and the institution line is almost lost in the bright lower region.",75,"The pale silver water haze is coherent and ethereal, but excessive brightness reduces abyssal depth and leaves the finish somewhat flat.",63,"In color and craft the pale silver water haze is coherent and ethereal, but excessive brightness reduces abyssal depth and leaves the finish somewhat flat. However, conceptually the washed-out environment contains only token organism marks and fails to establish a compelling or mysterious deep-ocean visual world."
PG03_I21,task_03,CEN_MAD,5,results_b200_3/poster_aesthetic5/qwen36/experiment/CEN_MAD/task_03/round_05/render.png,"Create an atmospheric exhibition poster for a museum show about life in the deepest parts of the ocean. Build a memorable visual world involving deep-sea darkness, pressure, bioluminescent organisms, unfamiliar marine forms, or the sensation of descending into an unexplored environment. The imagery should evoke scientific curiosity and genuine mystery rather than looking like a generic aquarium advertisement. Required text: BELOW THE LAST LIGHT; Life at the edge of the known world; Special Exhibition · November 2–March 9; Calder Museum of Natural History. The poster should balance wonder, strangeness, and institutional credibility. It should remain visually compelling at a distance and reveal finer details when viewed closely. Do not design a museum webpage, scientific dashboard, collection of cards, or informational interface. Create one unified poster composition.",79,"The prominent symmetrical bioluminescent organism feels unfamiliar, specimen-like, and scientifically intriguing, delivering the task's strongest central visual idea.",84,The organism on the left and large title on the right form a compelling split composition with clear counterweight and distance hierarchy.,82,All required wording is present with a distinctive split hierarchy; the bottom institution and exhibition details remain somewhat small.,83,"Jewel-like cyan and violet organisms, tiny particles, and rich navy-black create an intricate, premium bioluminescent atmosphere.",82,"Compositionally the organism on the left and large title on the right form a compelling split composition with clear counterweight and distance hierarchy. However, conceptually the prominent symmetrical bioluminescent organism feels unfamiliar, specimen-like, and scientifically intriguing, delivering the task's strongest central visual idea."
PG03_I22,task_03,CEN_MAD,2,results_b200_3/poster_aesthetic5/qwen36/experiment/CEN_MAD/task_03/round_02/render.png,"Create an atmospheric exhibition poster for a museum show about life in the deepest parts of the ocean. Build a memorable visual world involving deep-sea darkness, pressure, bioluminescent organisms, unfamiliar marine forms, or the sensation of descending into an unexplored environment. The imagery should evoke scientific curiosity and genuine mystery rather than looking like a generic aquarium advertisement. Required text: BELOW THE LAST LIGHT; Life at the edge of the known world; Special Exhibition · November 2–March 9; Calder Museum of Natural History. The poster should balance wonder, strangeness, and institutional credibility. It should remain visually compelling at a distance and reveal finer details when viewed closely. Do not design a museum webpage, scientific dashboard, collection of cards, or informational interface. Create one unified poster composition.",75,A luminous alien organism emerging above vent-like forms creates an evocative ecosystem and balances scientific curiosity with genuine strangeness.,73,"The organism establishes a central axis, but the dark left title and dispersed lower details make the reading order hesitant.",73,"The title is complete but textured and low-contrast, while the separated lower information is tiny and dim.",82,"Deep teal-black color, red beacon accents, and a luminous organic cluster feel convincingly aquatic and carefully finished.",75,"In color and craft deep teal-black color, red beacon accents, and a luminous organic cluster feel convincingly aquatic and carefully finished. However, compositionally the organism establishes a central axis, but the dark left title and dispersed lower details make the reading order hesitant."
PG03_I23,task_03,AXES,3,results_b200_3/poster_aesthetic5/qwen36/experiment/AXES/task_03/round_03/render.png,"Create an atmospheric exhibition poster for a museum show about life in the deepest parts of the ocean. Build a memorable visual world involving deep-sea darkness, pressure, bioluminescent organisms, unfamiliar marine forms, or the sensation of descending into an unexplored environment. The imagery should evoke scientific curiosity and genuine mystery rather than looking like a generic aquarium advertisement. Required text: BELOW THE LAST LIGHT; Life at the edge of the known world; Special Exhibition · November 2–March 9; Calder Museum of Natural History. The poster should balance wonder, strangeness, and institutional credibility. It should remain visually compelling at a distance and reveal finer details when viewed closely. Do not design a museum webpage, scientific dashboard, collection of cards, or informational interface. Create one unified poster composition.",70,"Multiple unfamiliar forms and red vent stalks establish a plausible abyssal habitat, though the imagery remains diagrammatic rather than fully immersive.",82,"The left title, vertical central organisms, and bottom-right information create a well-balanced diagonal eye path across the frame.",84,Strong complete title and clearly separated exhibition line produce a good hierarchy; only the institution line is unusually small.,80,"The red glowing stalks, cool cyan rings, and dark gradient create strong chromatic focus and a clean, immersive exhibition mood.",79,"Typographically strong complete title and clearly separated exhibition line produce a good hierarchy; only the institution line is unusually small. However, conceptually multiple unfamiliar forms and red vent stalks establish a plausible abyssal habitat, though the imagery remains diagrammatic rather than fully immersive."
PG03_I24,task_03,FUSED,3,results_b200_3/poster_aesthetic5/qwen36/experiment/FUSED/task_03/round_03/render.png,"Create an atmospheric exhibition poster for a museum show about life in the deepest parts of the ocean. Build a memorable visual world involving deep-sea darkness, pressure, bioluminescent organisms, unfamiliar marine forms, or the sensation of descending into an unexplored environment. The imagery should evoke scientific curiosity and genuine mystery rather than looking like a generic aquarium advertisement. Required text: BELOW THE LAST LIGHT; Life at the edge of the known world; Special Exhibition · November 2–March 9; Calder Museum of Natural History. The poster should balance wonder, strangeness, and institutional credibility. It should remain visually compelling at a distance and reveal finer details when viewed closely. Do not design a museum webpage, scientific dashboard, collection of cards, or informational interface. Create one unified poster composition.",72,The isolated glowing segmented specimen has a convincing museum-science character and an appropriately enigmatic deep-sea presence.,87,"The substantial left text block and bright right specimen provide exemplary two-column balance, generous spacing, and immediate hierarchy.",91,"The bold title, readable italic tagline, and disciplined exhibition/institution tiers are complete and highly legible.",86,"A richly modeled turquoise organism with layered luminous segments provides exceptional depth, color control, and technical polish.",83,"Typographically the bold title, readable italic tagline, and disciplined exhibition/institution tiers are complete and highly legible. However, conceptually the isolated glowing segmented specimen has a convincing museum-science character and an appropriately enigmatic deep-sea presence."
PG03_I25,task_03,SELF,3,results_b200_3/poster_aesthetic5/qwen36/experiment/SELF/task_03/round_03/render.png,"Create an atmospheric exhibition poster for a museum show about life in the deepest parts of the ocean. Build a memorable visual world involving deep-sea darkness, pressure, bioluminescent organisms, unfamiliar marine forms, or the sensation of descending into an unexplored environment. The imagery should evoke scientific curiosity and genuine mystery rather than looking like a generic aquarium advertisement. Required text: BELOW THE LAST LIGHT; Life at the edge of the known world; Special Exhibition · November 2–March 9; Calder Museum of Natural History. The poster should balance wonder, strangeness, and institutional credibility. It should remain visually compelling at a distance and reveal finer details when viewed closely. Do not design a museum webpage, scientific dashboard, collection of cards, or informational interface. Create one unified poster composition.",73,"The central translucent organism, scattered life, and red vent forms build a specific abyssal scene with credible mystery and scientific interest.",81,"The centered headline and spotlighted specimen form a coherent vertical sequence, with red lower-left accents effectively balancing the footer.",87,"The luminous title and complete supporting copy form a compelling, readable hierarchy, with slight softness in the smallest institution line.",81,"Restrained cyan arcs and red bioluminescent points balance well over a deep navy field, with crisp controlled glow.",80,"Typographically the luminous title and complete supporting copy form a compelling, readable hierarchy, with slight softness in the smallest institution line. However, conceptually the central translucent organism, scattered life, and red vent forms build a specific abyssal scene with credible mystery and scientific interest."
PG03_I26,task_03,SELF,4,results_b200_3/poster_aesthetic5/qwen36/experiment/SELF/task_03/round_04/render.png,"Create an atmospheric exhibition poster for a museum show about life in the deepest parts of the ocean. Build a memorable visual world involving deep-sea darkness, pressure, bioluminescent organisms, unfamiliar marine forms, or the sensation of descending into an unexplored environment. The imagery should evoke scientific curiosity and genuine mystery rather than looking like a generic aquarium advertisement. Required text: BELOW THE LAST LIGHT; Life at the edge of the known world; Special Exhibition · November 2–March 9; Calder Museum of Natural History. The poster should balance wonder, strangeness, and institutional credibility. It should remain visually compelling at a distance and reveal finer details when viewed closely. Do not design a museum webpage, scientific dashboard, collection of cards, or informational interface. Create one unified poster composition.",76,"A central organism, hydrothermal-looking stalks, and surrounding marine traces create one of the fuller and more task-specific unexplored environments.",84,"The centered title, framed specimen, and evenly spaced lower text produce a clear exhibition hierarchy with strong compositional unity.",88,All required text is clearly present and well tiered; the title has strong distance presence while supporting lines remain orderly.,82,"The focused spotlight cone, red organisms, and precise cyan central form create convincing underwater depth with a polished cinematic finish.",82,"Typographically all required text is clearly present and well tiered; the title has strong distance presence while supporting lines remain orderly. However, conceptually a central organism, hydrothermal-looking stalks, and surrounding marine traces create one of the fuller and more task-specific unexplored environments."
PG04_I01,task_04,MAD,2,results_b200_3/poster_aesthetic5/qwen36/experiment/MAD/task_04/round_02/render.png,"Create a bold cultural poster for a late-night experimental jazz festival. Develop a visual concept that conveys improvisation, tension, syncopation, and live musical energy. You may draw from instruments, performers, sound, rhythm, repetition, interruption, or abstract forms, but avoid simply placing decorative musical notes around the page. Required text: BLUE HOUR / RED NOISE; A night of improvised sound; Friday, September 27 · Doors 7 PM; The Foundry · East River District; featuring Nia Cole Quartet · Static Bloom · Armand Vale. The poster should feel distinctive enough to function as the festival’s identity. All performer names must remain readable, but they should support rather than overpower the main visual idea. Do not design a timetable, ticketing page, collection of cards, or informational interface. Create one unified poster composition.",70,"The smooth blue signal transforming into dense red noise clearly visualizes musical tension and interruption, though the waveform metaphor is familiar.",85,"The upper-right title, sweeping waveform, and left information column create a lively diagonal eye path with clear levels of importance.",82,"The colored title is clear and distinctive and all event/performer text is present, though the small lower blocks are tight at normal scale.",84,"Electric cyan and hot red lines are sharply balanced over black, producing a vivid late-night jazz atmosphere with crisp neon finish.",79,"Compositionally the upper-right title, sweeping waveform, and left information column create a lively diagonal eye path with clear levels of importance. However, conceptually the smooth blue signal transforming into dense red noise clearly visualizes musical tension and interruption, though the waveform metaphor is familiar."
PG04_I02,task_04,CEN_MAD,3,results_b200_3/poster_aesthetic5/qwen36/experiment/CEN_MAD/task_04/round_03/render.png,"Create a bold cultural poster for a late-night experimental jazz festival. Develop a visual concept that conveys improvisation, tension, syncopation, and live musical energy. You may draw from instruments, performers, sound, rhythm, repetition, interruption, or abstract forms, but avoid simply placing decorative musical notes around the page. Required text: BLUE HOUR / RED NOISE; A night of improvised sound; Friday, September 27 · Doors 7 PM; The Foundry · East River District; featuring Nia Cole Quartet · Static Bloom · Armand Vale. The poster should feel distinctive enough to function as the festival’s identity. All performer names must remain readable, but they should support rather than overpower the main visual idea. Do not design a timetable, ticketing page, collection of cards, or informational interface. Create one unified poster composition.",75,Layered waves with sharply different frequencies create an energetic image of simultaneous improvisational voices and syncopated live sound.,86,"The oversized title, rhythmic waveforms, and balanced lower information columns create a dense but highly controlled festival-poster hierarchy.",87,"A strong title, readable cyan event block, and clearly separated performer list create an energetic but controlled hierarchy.",82,"Bright cyan, red, and white neon strokes feel energetic and polished, though the dense overlaps create slight chromatic glare.",82,"Typographically a strong title, readable cyan event block, and clearly separated performer list create an energetic but controlled hierarchy. However, conceptually layered waves with sharply different frequencies create an energetic image of simultaneous improvisational voices and syncopated live sound."
PG04_I03,task_04,FUSED,2,results_b200_3/poster_aesthetic5/qwen36/experiment/FUSED/task_04/round_02/render.png,"Create a bold cultural poster for a late-night experimental jazz festival. Develop a visual concept that conveys improvisation, tension, syncopation, and live musical energy. You may draw from instruments, performers, sound, rhythm, repetition, interruption, or abstract forms, but avoid simply placing decorative musical notes around the page. Required text: BLUE HOUR / RED NOISE; A night of improvised sound; Friday, September 27 · Doors 7 PM; The Foundry · East River District; featuring Nia Cole Quartet · Static Bloom · Armand Vale. The poster should feel distinctive enough to function as the festival’s identity. All performer names must remain readable, but they should support rather than overpower the main visual idea. Do not design a timetable, ticketing page, collection of cards, or informational interface. Create one unified poster composition.",68,"The title itself collides and shifts like interrupted rhythm, giving the identity conceptual relevance despite relying mostly on typographic disruption.",78,"The diagonal headline has force, but its internal overlap and crowded performer block reduce clarity in an otherwise balanced lower grid.",80,"The large title is expressive and the required listings are complete, but the title crowds the right edge and performer text becomes small.",80,"The saturated blue-red split is bold and coherent with the experimental theme, but some letter overlaps and flat fills feel less refined.",76,"In color and craft the saturated blue-red split is bold and coherent with the experimental theme, but some letter overlaps and flat fills feel less refined. However, conceptually the title itself collides and shifts like interrupted rhythm, giving the identity conceptual relevance despite relying mostly on typographic disruption."
PG04_I04,task_04,FUSED,3,results_b200_3/poster_aesthetic5/qwen36/experiment/FUSED/task_04/round_03/render.png,"Create a bold cultural poster for a late-night experimental jazz festival. Develop a visual concept that conveys improvisation, tension, syncopation, and live musical energy. You may draw from instruments, performers, sound, rhythm, repetition, interruption, or abstract forms, but avoid simply placing decorative musical notes around the page. Required text: BLUE HOUR / RED NOISE; A night of improvised sound; Friday, September 27 · Doors 7 PM; The Foundry · East River District; featuring Nia Cole Quartet · Static Bloom · Armand Vale. The poster should feel distinctive enough to function as the festival’s identity. All performer names must remain readable, but they should support rather than overpower the main visual idea. Do not design a timetable, ticketing page, collection of cards, or informational interface. Create one unified poster composition.",70,"Glitched lettering crossed by competing signals embodies interruption and sonic friction, though the idea stays within familiar electronic-wave imagery.",67,"Heavy glitch overlap makes the title visually tangled, while the large empty middle separates it from the two bottom information columns.",46,"Heavy glitch overlap makes the main title difficult to decipher, and the lower event details are extremely small despite a readable performer list.",77,"Dark red traces and restrained cyan accents establish the palette, yet weak contrast and distressed lettering make the finish look under-resolved.",60,"In color and craft dark red traces and restrained cyan accents establish the palette, yet weak contrast and distressed lettering make the finish look under-resolved. However, typographically heavy glitch overlap makes the main title difficult to decipher, and the lower event details are extremely small despite a readable performer list."
PG04_I05,task_04,AXES,5,results_b200_3/poster_aesthetic5/qwen36/experiment/AXES/task_04/round_05/render.png,"Create a bold cultural poster for a late-night experimental jazz festival. Develop a visual concept that conveys improvisation, tension, syncopation, and live musical energy. You may draw from instruments, performers, sound, rhythm, repetition, interruption, or abstract forms, but avoid simply placing decorative musical notes around the page. Required text: BLUE HOUR / RED NOISE; A night of improvised sound; Friday, September 27 · Doors 7 PM; The Foundry · East River District; featuring Nia Cole Quartet · Static Bloom · Armand Vale. The poster should feel distinctive enough to function as the festival’s identity. All performer names must remain readable, but they should support rather than overpower the main visual idea. Do not design a timetable, ticketing page, collection of cards, or informational interface. Create one unified poster composition.",66,"A bent cyan-red line suggests a musical phrase changing direction, but the sparse waveform treatment only lightly conveys experimental jazz energy.",82,"A centered title, directional waveform, and balanced lower corners create a coherent reading sequence with effective negative space.",88,"The title and three information tiers are clean, complete, and readable, with excellent scale contrast between identity and details.",83,"Cyan headline glow, restrained red contour, and deep black negative space create a clean, atmospheric club-poster finish.",79,"Typographically the title and three information tiers are clean, complete, and readable, with excellent scale contrast between identity and details. However, conceptually a bent cyan-red line suggests a musical phrase changing direction, but the sparse waveform treatment only lightly conveys experimental jazz energy."
PG04_I06,task_04,SELF,3,results_b200_3/poster_aesthetic5/qwen36/experiment/SELF/task_04/round_03/render.png,"Create a bold cultural poster for a late-night experimental jazz festival. Develop a visual concept that conveys improvisation, tension, syncopation, and live musical energy. You may draw from instruments, performers, sound, rhythm, repetition, interruption, or abstract forms, but avoid simply placing decorative musical notes around the page. Required text: BLUE HOUR / RED NOISE; A night of improvised sound; Friday, September 27 · Doors 7 PM; The Foundry · East River District; featuring Nia Cole Quartet · Static Bloom · Armand Vale. The poster should feel distinctive enough to function as the festival’s identity. All performer names must remain readable, but they should support rather than overpower the main visual idea. Do not design a timetable, ticketing page, collection of cards, or informational interface. Create one unified poster composition.",62,"The simple luminous curve implies sound and flow, yet lacks enough interruption, improvisation, or instrumental specificity to feel distinctive.",84,"The broad top title and evenly opposed lower information groups establish a clean, reliable hierarchy across the panoramic frame.",87,"All required copy is crisply structured across title, date/venue, and performer blocks; the subtitle is small but legible.",82,Soft cyan-red neon bloom gives the poster lively club atmosphere while preserving a coherent black ground; minor blur softens craft.,78,"Typographically all required copy is crisply structured across title, date/venue, and performer blocks; the subtitle is small but legible. However, conceptually the simple luminous curve implies sound and flow, yet lacks enough interruption, improvisation, or instrumental specificity to feel distinctive."
PG04_I07,task_04,SELF,4,results_b200_3/poster_aesthetic5/qwen36/experiment/SELF/task_04/round_04/render.png,"Create a bold cultural poster for a late-night experimental jazz festival. Develop a visual concept that conveys improvisation, tension, syncopation, and live musical energy. You may draw from instruments, performers, sound, rhythm, repetition, interruption, or abstract forms, but avoid simply placing decorative musical notes around the page. Required text: BLUE HOUR / RED NOISE; A night of improvised sound; Friday, September 27 · Doors 7 PM; The Foundry · East River District; featuring Nia Cole Quartet · Static Bloom · Armand Vale. The poster should feel distinctive enough to function as the festival’s identity. All performer names must remain readable, but they should support rather than overpower the main visual idea. Do not design a timetable, ticketing page, collection of cards, or informational interface. Create one unified poster composition.",64,"The looping signal conveys live sound, but remains a generic audio waveform with limited syncopation or conceptual tension.",85,"The title dominates cleanly, a waveform leads into it, and the bottom information is divided into stable left and right anchors.",84,The title and cyan date block read immediately and performer names are clear; slight glow softens the title edges.,82,"The hazy cyan and red lettering feels convincingly luminous and nocturnal, with a cohesive palette despite slightly soft edges.",78,"Compositionally the title dominates cleanly, a waveform leads into it, and the bottom information is divided into stable left and right anchors. However, conceptually the looping signal conveys live sound, but remains a generic audio waveform with limited syncopation or conceptual tension."
PG04_I08,task_04,AXES,4,results_b200_3/poster_aesthetic5/qwen36/experiment/AXES/task_04/round_04/render.png,"Create a bold cultural poster for a late-night experimental jazz festival. Develop a visual concept that conveys improvisation, tension, syncopation, and live musical energy. You may draw from instruments, performers, sound, rhythm, repetition, interruption, or abstract forms, but avoid simply placing decorative musical notes around the page. Required text: BLUE HOUR / RED NOISE; A night of improvised sound; Friday, September 27 · Doors 7 PM; The Foundry · East River District; featuring Nia Cole Quartet · Static Bloom · Armand Vale. The poster should feel distinctive enough to function as the festival’s identity. All performer names must remain readable, but they should support rather than overpower the main visual idea. Do not design a timetable, ticketing page, collection of cards, or informational interface. Create one unified poster composition.",65,"The angular line turning abruptly against a softer arc suggests rhythmic interruption, but the visual idea remains minimal and generic.",78,"The centered title is readable, but the sparse middle and tightly packed lower blocks make the composition feel somewhat compartmentalized.",78,"Complete copy and a legible title are present, but the lower blocks are somewhat crowded and inconsistent in emphasis.",79,"The red-orange angular trace and saturated blue-red title are energetic, but uneven color weighting and flatter rendering reduce polish.",74,"In color and craft the red-orange angular trace and saturated blue-red title are energetic, but uneven color weighting and flatter rendering reduce polish. However, conceptually the angular line turning abruptly against a softer arc suggests rhythmic interruption, but the visual idea remains minimal and generic."
PG04_I09,task_04,MAD,5,results_b200_3/poster_aesthetic5/qwen36/experiment/MAD/task_04/round_05/render.png,"Create a bold cultural poster for a late-night experimental jazz festival. Develop a visual concept that conveys improvisation, tension, syncopation, and live musical energy. You may draw from instruments, performers, sound, rhythm, repetition, interruption, or abstract forms, but avoid simply placing decorative musical notes around the page. Required text: BLUE HOUR / RED NOISE; A night of improvised sound; Friday, September 27 · Doors 7 PM; The Foundry · East River District; featuring Nia Cole Quartet · Static Bloom · Armand Vale. The poster should feel distinctive enough to function as the festival’s identity. All performer names must remain readable, but they should support rather than overpower the main visual idea. Do not design a timetable, ticketing page, collection of cards, or informational interface. Create one unified poster composition.",69,"A calm blue signal erupting into red noise directly captures the festival title and sonic disruption, albeit with modest visual development.",81,"The upper-right title and broad rising wave create strong directional movement, though the stacked left details become dense near the bottom.",79,"All required wording appears present, but overlapping waveforms interrupt the title and the compact lower-left performer list is small.",81,"A single glowing cyan curve and red title accents make a focused, coherent neon palette with good black-field contrast.",77,"In color and craft a single glowing cyan curve and red title accents make a focused, coherent neon palette with good black-field contrast. However, conceptually a calm blue signal erupting into red noise directly captures the festival title and sonic disruption, albeit with modest visual development."
PG04_I10,task_04,SELF,2,results_b200_3/poster_aesthetic5/qwen36/experiment/SELF/task_04/round_02/render.png,"Create a bold cultural poster for a late-night experimental jazz festival. Develop a visual concept that conveys improvisation, tension, syncopation, and live musical energy. You may draw from instruments, performers, sound, rhythm, repetition, interruption, or abstract forms, but avoid simply placing decorative musical notes around the page. Required text: BLUE HOUR / RED NOISE; A night of improvised sound; Friday, September 27 · Doors 7 PM; The Foundry · East River District; featuring Nia Cole Quartet · Static Bloom · Armand Vale. The poster should feel distinctive enough to function as the festival’s identity. All performer names must remain readable, but they should support rather than overpower the main visual idea. Do not design a timetable, ticketing page, collection of cards, or informational interface. Create one unified poster composition.",63,The short glowing sound curve is relevant but too restrained and generic to convey the requested improvisational tension or live intensity.,85,"A compact title and clean two-column lower grid are connected by a sweeping cyan line, creating a disciplined and unified eye path.",88,"Clear title, subtitle, date/venue, and performer hierarchy with strong alignment and consistently readable labels.",83,"Cyan glow, vivid red title, and subtle waveform texture create balanced energy and a polished contemporary jazz mood.",79,"Typographically clear title, subtitle, date/venue, and performer hierarchy with strong alignment and consistently readable labels. However, conceptually the short glowing sound curve is relevant but too restrained and generic to convey the requested improvisational tension or live intensity."
PG04_I11,task_04,R0,0,results_b200_3/poster_aesthetic5/qwen36/experiment/SELF/task_04/r0.png,"Create a bold cultural poster for a late-night experimental jazz festival. Develop a visual concept that conveys improvisation, tension, syncopation, and live musical energy. You may draw from instruments, performers, sound, rhythm, repetition, interruption, or abstract forms, but avoid simply placing decorative musical notes around the page. Required text: BLUE HOUR / RED NOISE; A night of improvised sound; Friday, September 27 · Doors 7 PM; The Foundry · East River District; featuring Nia Cole Quartet · Static Bloom · Armand Vale. The poster should feel distinctive enough to function as the festival’s identity. All performer names must remain readable, but they should support rather than overpower the main visual idea. Do not design a timetable, ticketing page, collection of cards, or informational interface. Create one unified poster composition.",67,"A fluid cyan phrase meeting a sharp red intervention suggests call-and-response and interruption, though the musical metaphor is still schematic.",84,"The centered title, flowing line, and balanced bottom information groups maintain hierarchy despite a slightly busy central graphic field.",84,"All required content is present and orderly, though title glow and small supporting lines moderately reduce crispness.",84,"The smooth cyan waveform, red typographic accents, and subtle grid-like linework are crisp, atmospheric, and technically controlled.",79,"In color and craft the smooth cyan waveform, red typographic accents, and subtle grid-like linework are crisp, atmospheric, and technically controlled. However, conceptually a fluid cyan phrase meeting a sharp red intervention suggests call-and-response and interruption, though the musical metaphor is still schematic."
PG04_I12,task_04,FUSED,4,results_b200_3/poster_aesthetic5/qwen36/experiment/FUSED/task_04/round_04/render.png,"Create a bold cultural poster for a late-night experimental jazz festival. Develop a visual concept that conveys improvisation, tension, syncopation, and live musical energy. You may draw from instruments, performers, sound, rhythm, repetition, interruption, or abstract forms, but avoid simply placing decorative musical notes around the page. Required text: BLUE HOUR / RED NOISE; A night of improvised sound; Friday, September 27 · Doors 7 PM; The Foundry · East River District; featuring Nia Cole Quartet · Static Bloom · Armand Vale. The poster should feel distinctive enough to function as the festival’s identity. All performer names must remain readable, but they should support rather than overpower the main visual idea. Do not design a timetable, ticketing page, collection of cards, or informational interface. Create one unified poster composition.",72,"The title's aggressive glitching and broken red signal produce a convincing identity of unstable, interrupted sound rather than mere musical decoration.",70,"The glitched headline overwhelms the top, while the long empty center and isolated bottom columns produce a fragmented reading experience.",44,"The doubled/glitched title is substantially garbled, and several small lower details are hard to read, constituting a major identity failure.",78,"Hot red polygon lines and cyan details are lively, but the overly large distressed headline and crowded intersections weaken finish.",60,"In color and craft hot red polygon lines and cyan details are lively, but the overly large distressed headline and crowded intersections weaken finish. However, typographically the doubled/glitched title is substantially garbled, and several small lower details are hard to read, constituting a major identity failure."
PG04_I13,task_04,SELF,5,results_b200_3/poster_aesthetic5/qwen36/experiment/SELF/task_04/round_05/render.png,"Create a bold cultural poster for a late-night experimental jazz festival. Develop a visual concept that conveys improvisation, tension, syncopation, and live musical energy. You may draw from instruments, performers, sound, rhythm, repetition, interruption, or abstract forms, but avoid simply placing decorative musical notes around the page. Required text: BLUE HOUR / RED NOISE; A night of improvised sound; Friday, September 27 · Doors 7 PM; The Foundry · East River District; featuring Nia Cole Quartet · Static Bloom · Armand Vale. The poster should feel distinctive enough to function as the festival’s identity. All performer names must remain readable, but they should support rather than overpower the main visual idea. Do not design a timetable, ticketing page, collection of cards, or informational interface. Create one unified poster composition.",63,"The glowing wave line signals music, but the treatment is broad and decorative with little distinctive relation to improvised jazz.",86,"The centered title, restrained waveform, and evenly weighted lower columns yield excellent poster-scale clarity and spatial control.",86,"All required text is complete and clearly tiered, with readable performer names and a strong title despite slight glow.",82,"Strong cyan-red color blocking with restrained neon glow produces a clean high-energy poster, though the central field is somewhat plain.",78,"Typographically all required text is complete and clearly tiered, with readable performer names and a strong title despite slight glow. However, conceptually the glowing wave line signals music, but the treatment is broad and decorative with little distinctive relation to improvised jazz."
PG04_I14,task_04,MAD,1,results_b200_3/poster_aesthetic5/qwen36/experiment/MAD/task_04/round_01/render.png,"Create a bold cultural poster for a late-night experimental jazz festival. Develop a visual concept that conveys improvisation, tension, syncopation, and live musical energy. You may draw from instruments, performers, sound, rhythm, repetition, interruption, or abstract forms, but avoid simply placing decorative musical notes around the page. Required text: BLUE HOUR / RED NOISE; A night of improvised sound; Friday, September 27 · Doors 7 PM; The Foundry · East River District; featuring Nia Cole Quartet · Static Bloom · Armand Vale. The poster should feel distinctive enough to function as the festival’s identity. All performer names must remain readable, but they should support rather than overpower the main visual idea. Do not design a timetable, ticketing page, collection of cards, or informational interface. Create one unified poster composition.",77,"The smooth blue phrase colliding with a jagged red improvisation creates a vivid, specific metaphor for syncopation, tension, and competing musical voices.",84,The centered focal title and branching waveforms lead naturally toward clearly separated lower information groups.,84,The title and event blocks are readable and well separated; the angled performer block remains legible but is less stable.,84,"A finely modulated red waveform, cyan trace, and disciplined black backdrop create rich musical energy with excellent line craft.",82,"In color and craft a finely modulated red waveform, cyan trace, and disciplined black backdrop create rich musical energy with excellent line craft. However, conceptually the smooth blue phrase colliding with a jagged red improvisation creates a vivid, specific metaphor for syncopation, tension, and competing musical voices."
PG04_I15,task_04,CEN_MAD,4,results_b200_3/poster_aesthetic5/qwen36/experiment/CEN_MAD/task_04/round_04/render.png,"Create a bold cultural poster for a late-night experimental jazz festival. Develop a visual concept that conveys improvisation, tension, syncopation, and live musical energy. You may draw from instruments, performers, sound, rhythm, repetition, interruption, or abstract forms, but avoid simply placing decorative musical notes around the page. Required text: BLUE HOUR / RED NOISE; A night of improvised sound; Friday, September 27 · Doors 7 PM; The Foundry · East River District; featuring Nia Cole Quartet · Static Bloom · Armand Vale. The poster should feel distinctive enough to function as the festival’s identity. All performer names must remain readable, but they should support rather than overpower the main visual idea. Do not design a timetable, ticketing page, collection of cards, or informational interface. Create one unified poster composition.",76,Multiple luminous frequencies and abrupt spikes form a strong visual analogue for layered ensemble improvisation and late-night sonic energy.,86,"Strong headline scale, rhythmic waveform structure, and balanced bottom columns create an energetic yet highly legible composition.",89,A highly legible title and clean cyan/white information blocks preserve every required detail while supporting the energetic identity.,85,"Crisp white type, cyan wave, and bright red peaks achieve excellent chromatic rhythm, clarity, and professional neon finish.",84,"Typographically a highly legible title and clean cyan/white information blocks preserve every required detail while supporting the energetic identity. However, conceptually multiple luminous frequencies and abrupt spikes form a strong visual analogue for layered ensemble improvisation and late-night sonic energy."
PG04_I16,task_04,CEN_MAD,5,results_b200_3/poster_aesthetic5/qwen36/experiment/CEN_MAD/task_04/round_05/render.png,"Create a bold cultural poster for a late-night experimental jazz festival. Develop a visual concept that conveys improvisation, tension, syncopation, and live musical energy. You may draw from instruments, performers, sound, rhythm, repetition, interruption, or abstract forms, but avoid simply placing decorative musical notes around the page. Required text: BLUE HOUR / RED NOISE; A night of improvised sound; Friday, September 27 · Doors 7 PM; The Foundry · East River District; featuring Nia Cole Quartet · Static Bloom · Armand Vale. The poster should feel distinctive enough to function as the festival’s identity. All performer names must remain readable, but they should support rather than overpower the main visual idea. Do not design a timetable, ticketing page, collection of cards, or informational interface. Create one unified poster composition.",78,"Interlaced smooth and sharply pulsing signals convincingly embody simultaneous players, syncopation, and controlled musical chaos.",85,"The large title and layered horizontal waves create depth, while the lower information remains clearly anchored at both sides.",84,The title is prominent and all required copy is readable; the slanted performer list and dense neon strokes slightly reduce ease of scanning.,84,"The cyan sine wave and jagged red signal glow vividly against black, with strong color separation and energetic technical polish.",82,"Compositionally the large title and layered horizontal waves create depth, while the lower information remains clearly anchored at both sides. However, conceptually interlaced smooth and sharply pulsing signals convincingly embody simultaneous players, syncopation, and controlled musical chaos."
PG04_I17,task_04,CEN_MAD,2,results_b200_3/poster_aesthetic5/qwen36/experiment/CEN_MAD/task_04/round_02/render.png,"Create a bold cultural poster for a late-night experimental jazz festival. Develop a visual concept that conveys improvisation, tension, syncopation, and live musical energy. You may draw from instruments, performers, sound, rhythm, repetition, interruption, or abstract forms, but avoid simply placing decorative musical notes around the page. Required text: BLUE HOUR / RED NOISE; A night of improvised sound; Friday, September 27 · Doors 7 PM; The Foundry · East River District; featuring Nia Cole Quartet · Static Bloom · Armand Vale. The poster should feel distinctive enough to function as the festival’s identity. All performer names must remain readable, but they should support rather than overpower the main visual idea. Do not design a timetable, ticketing page, collection of cards, or informational interface. Create one unified poster composition.",73,"The title appears destabilized by an unruly red oscillation, producing a memorable sense of improvisational disruption despite a familiar glitch idiom.",84,The slightly offset headline and vertical waveform create productive tension without disrupting the stable two-column information base.,74,The title remains recognizable but is blurred by glow and crossed by waveform lines; supporting text is complete but small.,83,"Layered red waveform marks and cyan glow create dense but controlled club atmosphere, with only slight softness in the title treatment.",78,"Compositionally the slightly offset headline and vertical waveform create productive tension without disrupting the stable two-column information base. However, conceptually the title appears destabilized by an unruly red oscillation, producing a memorable sense of improvisational disruption despite a familiar glitch idiom."
PG04_I18,task_04,FUSED,1,results_b200_3/poster_aesthetic5/qwen36/experiment/FUSED/task_04/round_01/render.png,"Create a bold cultural poster for a late-night experimental jazz festival. Develop a visual concept that conveys improvisation, tension, syncopation, and live musical energy. You may draw from instruments, performers, sound, rhythm, repetition, interruption, or abstract forms, but avoid simply placing decorative musical notes around the page. Required text: BLUE HOUR / RED NOISE; A night of improvised sound; Friday, September 27 · Doors 7 PM; The Foundry · East River District; featuring Nia Cole Quartet · Static Bloom · Armand Vale. The poster should feel distinctive enough to function as the festival’s identity. All performer names must remain readable, but they should support rather than overpower the main visual idea. Do not design a timetable, ticketing page, collection of cards, or informational interface. Create one unified poster composition.",68,"Angular accents interrupt an otherwise stable identity, suggesting syncopation and tension but without a richly developed sonic world.",83,"The right-shifted title and diagonal rhythm line balance the left details effectively, with a coherent flow into the performer block.",90,"Excellent title clarity and a clean, complete date/venue/performer hierarchy create confident promotional typography.",80,"Blue-red title color and angular warm lines are coherent and energetic, though the flat shapes lack the luminous finish of stronger entries.",80,"Typographically excellent title clarity and a clean, complete date/venue/performer hierarchy create confident promotional typography. However, conceptually angular accents interrupt an otherwise stable identity, suggesting syncopation and tension but without a richly developed sonic world."
PG04_I19,task_04,CEN_MAD,1,results_b200_3/poster_aesthetic5/qwen36/experiment/CEN_MAD/task_04/round_01/render.png,"Create a bold cultural poster for a late-night experimental jazz festival. Develop a visual concept that conveys improvisation, tension, syncopation, and live musical energy. You may draw from instruments, performers, sound, rhythm, repetition, interruption, or abstract forms, but avoid simply placing decorative musical notes around the page. Required text: BLUE HOUR / RED NOISE; A night of improvised sound; Friday, September 27 · Doors 7 PM; The Foundry · East River District; featuring Nia Cole Quartet · Static Bloom · Armand Vale. The poster should feel distinctive enough to function as the festival’s identity. All performer names must remain readable, but they should support rather than overpower the main visual idea. Do not design a timetable, ticketing page, collection of cards, or informational interface. Create one unified poster composition.",67,"A fluid cyan phrase meeting a sharp red intervention suggests call-and-response and interruption, though the musical metaphor is still schematic.",84,"The centered title, flowing line, and balanced bottom information groups maintain hierarchy despite a slightly busy central graphic field.",84,"All required content is present and orderly, though title glow and small supporting lines moderately reduce crispness.",84,"The smooth cyan waveform, red typographic accents, and subtle grid-like linework are crisp, atmospheric, and technically controlled.",79,"In color and craft the smooth cyan waveform, red typographic accents, and subtle grid-like linework are crisp, atmospheric, and technically controlled. However, conceptually a fluid cyan phrase meeting a sharp red intervention suggests call-and-response and interruption, though the musical metaphor is still schematic."
PG04_I20,task_04,FUSED,5,results_b200_3/poster_aesthetic5/qwen36/experiment/FUSED/task_04/round_05/render.png,"Create a bold cultural poster for a late-night experimental jazz festival. Develop a visual concept that conveys improvisation, tension, syncopation, and live musical energy. You may draw from instruments, performers, sound, rhythm, repetition, interruption, or abstract forms, but avoid simply placing decorative musical notes around the page. Required text: BLUE HOUR / RED NOISE; A night of improvised sound; Friday, September 27 · Doors 7 PM; The Foundry · East River District; featuring Nia Cole Quartet · Static Bloom · Armand Vale. The poster should feel distinctive enough to function as the festival’s identity. All performer names must remain readable, but they should support rather than overpower the main visual idea. Do not design a timetable, ticketing page, collection of cards, or informational interface. Create one unified poster composition.",72,The fractured title and angular red-blue signals create a purposeful visual collision that fits experimental improvised sound.,68,"Title layers collide heavily across the upper band, creating a dominant tangle that competes with the waveform and weakens the reading order.",49,"The main title is visibly doubled and fragmented by glitch bars, making the festival identity hard to parse even though the event details are present.",76,"Saturated red-blue overlaps communicate noise, but heavy collisions, dark letter interiors, and uneven line weights feel visually rough.",64,"In color and craft saturated red-blue overlaps communicate noise, but heavy collisions, dark letter interiors, and uneven line weights feel visually rough. However, typographically the main title is visibly doubled and fragmented by glitch bars, making the festival identity hard to parse even though the event details are present."
PG04_I21,task_04,AXES,3,results_b200_3/poster_aesthetic5/qwen36/experiment/AXES/task_04/round_03/render.png,"Create a bold cultural poster for a late-night experimental jazz festival. Develop a visual concept that conveys improvisation, tension, syncopation, and live musical energy. You may draw from instruments, performers, sound, rhythm, repetition, interruption, or abstract forms, but avoid simply placing decorative musical notes around the page. Required text: BLUE HOUR / RED NOISE; A night of improvised sound; Friday, September 27 · Doors 7 PM; The Foundry · East River District; featuring Nia Cole Quartet · Static Bloom · Armand Vale. The poster should feel distinctive enough to function as the festival’s identity. All performer names must remain readable, but they should support rather than overpower the main visual idea. Do not design a timetable, ticketing page, collection of cards, or informational interface. Create one unified poster composition.",65,"The angular line turning abruptly against a softer arc suggests rhythmic interruption, but the visual idea remains minimal and generic.",78,"The centered title is readable, but the sparse middle and tightly packed lower blocks make the composition feel somewhat compartmentalized.",78,"Complete copy and a legible title are present, but the lower blocks are somewhat crowded and inconsistent in emphasis.",79,"The red-orange angular trace and saturated blue-red title are energetic, but uneven color weighting and flatter rendering reduce polish.",74,"In color and craft the red-orange angular trace and saturated blue-red title are energetic, but uneven color weighting and flatter rendering reduce polish. However, conceptually the angular line turning abruptly against a softer arc suggests rhythmic interruption, but the visual idea remains minimal and generic."
PG04_I22,task_04,SELF,1,results_b200_3/poster_aesthetic5/qwen36/experiment/SELF/task_04/round_01/render.png,"Create a bold cultural poster for a late-night experimental jazz festival. Develop a visual concept that conveys improvisation, tension, syncopation, and live musical energy. You may draw from instruments, performers, sound, rhythm, repetition, interruption, or abstract forms, but avoid simply placing decorative musical notes around the page. Required text: BLUE HOUR / RED NOISE; A night of improvised sound; Friday, September 27 · Doors 7 PM; The Foundry · East River District; featuring Nia Cole Quartet · Static Bloom · Armand Vale. The poster should feel distinctive enough to function as the festival’s identity. All performer names must remain readable, but they should support rather than overpower the main visual idea. Do not design a timetable, ticketing page, collection of cards, or informational interface. Create one unified poster composition.",67,"The small melodic curl and grid-like traces evoke a live audio system, but the visual idea is more decorative than truly distinctive.",84,"The title and subtitle form a clear top focal cluster, with a stable rule and two cleanly separated information columns below.",88,"A clean, readable title and disciplined lower information blocks keep the full brief accessible and well integrated.",80,"Deep blue-red lettering and an orange signal line create a coherent, restrained variant, though the reduced luminance makes it less atmospheric.",79,"Typographically a clean, readable title and disciplined lower information blocks keep the full brief accessible and well integrated. However, conceptually the small melodic curl and grid-like traces evoke a live audio system, but the visual idea is more decorative than truly distinctive."
PG04_I23,task_04,MAD,3,results_b200_3/poster_aesthetic5/qwen36/experiment/MAD/task_04/round_03/render.png,"Create a bold cultural poster for a late-night experimental jazz festival. Develop a visual concept that conveys improvisation, tension, syncopation, and live musical energy. You may draw from instruments, performers, sound, rhythm, repetition, interruption, or abstract forms, but avoid simply placing decorative musical notes around the page. Required text: BLUE HOUR / RED NOISE; A night of improvised sound; Friday, September 27 · Doors 7 PM; The Foundry · East River District; featuring Nia Cole Quartet · Static Bloom · Armand Vale. The poster should feel distinctive enough to function as the festival’s identity. All performer names must remain readable, but they should support rather than overpower the main visual idea. Do not design a timetable, ticketing page, collection of cards, or informational interface. Create one unified poster composition.",72,"A smooth blue phrase transforming into a dense red pulse provides a concise, subject-specific image of rhythm becoming noise.",74,"The title and waveform read quickly, but the upper-right visual weight and tiny stacked information at left leave the frame imbalanced.",76,"The title and event details are readable, but the subtitle and performer section are very small and visually fragmented near the bottom.",83,"Glowing cyan type, dense red signal texture, and black ground create convincing nightclub intensity with controlled bloom.",76,"In color and craft glowing cyan type, dense red signal texture, and black ground create convincing nightclub intensity with controlled bloom. However, conceptually a smooth blue phrase transforming into a dense red pulse provides a concise, subject-specific image of rhythm becoming noise."
PG04_I24,task_04,MAD,4,results_b200_3/poster_aesthetic5/qwen36/experiment/MAD/task_04/round_04/render.png,"Create a bold cultural poster for a late-night experimental jazz festival. Develop a visual concept that conveys improvisation, tension, syncopation, and live musical energy. You may draw from instruments, performers, sound, rhythm, repetition, interruption, or abstract forms, but avoid simply placing decorative musical notes around the page. Required text: BLUE HOUR / RED NOISE; A night of improvised sound; Friday, September 27 · Doors 7 PM; The Foundry · East River District; featuring Nia Cole Quartet · Static Bloom · Armand Vale. The poster should feel distinctive enough to function as the festival’s identity. All performer names must remain readable, but they should support rather than overpower the main visual idea. Do not design a timetable, ticketing page, collection of cards, or informational interface. Create one unified poster composition.",74,The cyan signal's sudden red acceleration strongly conveys a phrase breaking into improvised intensity and supports a memorable festival identity.,81,"The centered headline and large crossing waveform make a strong focal gesture, though the lower-left information stacks too densely.",68,"The title is strong and date/venue read clearly, but the required performer names are compressed into a tiny lower-left block and lose legibility.",82,"The cyan curve and coral diagonal are sharply rendered with an effective dual-color system, though the finish remains comparatively flat.",75,"In color and craft the cyan curve and coral diagonal are sharply rendered with an effective dual-color system, though the finish remains comparatively flat. However, typographically the title is strong and date/venue read clearly, but the required performer names are compressed into a tiny lower-left block and lose legibility."
PG04_I25,task_04,AXES,1,results_b200_3/poster_aesthetic5/qwen36/experiment/AXES/task_04/round_01/render.png,"Create a bold cultural poster for a late-night experimental jazz festival. Develop a visual concept that conveys improvisation, tension, syncopation, and live musical energy. You may draw from instruments, performers, sound, rhythm, repetition, interruption, or abstract forms, but avoid simply placing decorative musical notes around the page. Required text: BLUE HOUR / RED NOISE; A night of improvised sound; Friday, September 27 · Doors 7 PM; The Foundry · East River District; featuring Nia Cole Quartet · Static Bloom · Armand Vale. The poster should feel distinctive enough to function as the festival’s identity. All performer names must remain readable, but they should support rather than overpower the main visual idea. Do not design a timetable, ticketing page, collection of cards, or informational interface. Create one unified poster composition.",60,"The isolated angular outline hints at rhythm, but lacks enough sonic complexity or semantic specificity to represent experimental jazz convincingly.",74,"The centered title is clear, but overlapping bottom text and a heavy diagonal at right destabilize the lower hierarchy.",77,"All required copy appears present, but heavy glow softens the title and the performer list is crowded into small type.",81,"A restrained cyan-red palette, orange contour, and deep black field feel cohesive and professionally controlled, if somewhat minimal.",72,"In color and craft a restrained cyan-red palette, orange contour, and deep black field feel cohesive and professionally controlled, if somewhat minimal. However, conceptually the isolated angular outline hints at rhythm, but lacks enough sonic complexity or semantic specificity to represent experimental jazz convincingly."
PG04_I26,task_04,AXES,2,results_b200_3/poster_aesthetic5/qwen36/experiment/AXES/task_04/round_02/render.png,"Create a bold cultural poster for a late-night experimental jazz festival. Develop a visual concept that conveys improvisation, tension, syncopation, and live musical energy. You may draw from instruments, performers, sound, rhythm, repetition, interruption, or abstract forms, but avoid simply placing decorative musical notes around the page. Required text: BLUE HOUR / RED NOISE; A night of improvised sound; Friday, September 27 · Doors 7 PM; The Foundry · East River District; featuring Nia Cole Quartet · Static Bloom · Armand Vale. The poster should feel distinctive enough to function as the festival’s identity. All performer names must remain readable, but they should support rather than overpower the main visual idea. Do not design a timetable, ticketing page, collection of cards, or informational interface. Create one unified poster composition.",65,"Competing soft and angular traces imply musical contrast, yet the sparse abstraction remains only moderately specific to live improvisation.",79,"The headline is well centered and diagonal accents add motion, though the lower text groups are somewhat crowded and weakly aligned.",75,"The festival title remains readable and the performer list is complete, though dark color, small type, and uneven spacing reduce clarity.",79,"Electric blue and red type over subtle angular traces suits the theme, but low glow and muted details reduce material richness.",74,"In color and craft electric blue and red type over subtle angular traces suits the theme, but low glow and muted details reduce material richness. However, conceptually competing soft and angular traces imply musical contrast, yet the sparse abstraction remains only moderately specific to live improvisation."
PG05_I01,task_05,FUSED,3,results_b200_3/poster_aesthetic5/qwen36/experiment/FUSED/task_05/round_03/render.png,"Create an evocative theatrical poster for an independent film about memory, distance, and a slowly disappearing hometown. Develop a central visual suggesting a coastal town, an empty road, fading architecture, a distant human presence, or another image that conveys the uncertainty of remembering a place. The poster should imply a story without literally illustrating every narrative detail. Required text: WHERE THE HOUSES END; A film by Mara Venn; Some places disappear twice.; In selected theatres this winter. The result should feel cinematic, emotionally restrained, and visually specific to this film. Avoid generic streaming thumbnails, actor-credit grids, fake review quotes, and conventional template treatments. Do not design a webpage, collection of panels, or informational interface. Create one unified theatrical poster composition.",76,"A solitary road disappearing between dark houses toward a remote coast creates a specific, restrained image of leaving a hometown behind.",85,"The title, receding road, and solitary figure create a strong central axis, with architecture framing the route and supporting text nested below.",82,"The title and tagline are elegant and readable and the film credit is clear, but the theatrical-release line is faint and very small.",83,"Layered blue-gray mist, black house silhouettes, and a faint warm horizon create a cinematic melancholic atmosphere with strong tonal craft.",81,"Compositionally the title, receding road, and solitary figure create a strong central axis, with architecture framing the route and supporting text nested below. However, conceptually a solitary road disappearing between dark houses toward a remote coast creates a specific, restrained image of leaving a hometown behind."
PG05_I02,task_05,CEN_MAD,5,results_b200_3/poster_aesthetic5/qwen36/experiment/CEN_MAD/task_05/round_05/render.png,"Create an evocative theatrical poster for an independent film about memory, distance, and a slowly disappearing hometown. Develop a central visual suggesting a coastal town, an empty road, fading architecture, a distant human presence, or another image that conveys the uncertainty of remembering a place. The poster should imply a story without literally illustrating every narrative detail. Required text: WHERE THE HOUSES END; A film by Mara Venn; Some places disappear twice.; In selected theatres this winter. The result should feel cinematic, emotionally restrained, and visually specific to this film. Avoid generic streaming thumbnails, actor-credit grids, fake review quotes, and conventional template treatments. Do not design a webpage, collection of panels, or informational interface. Create one unified theatrical poster composition.",80,"The empty road dissolving into a misty coastal settlement strongly evokes memory, distance, and a town already fading from view.",81,"The centered title and road establish depth and a clear vertical flow, though the bottom copy is compressed close to the edge.",84,"All required copy is present in a refined centered hierarchy, though the tagline, credit, and release line are relatively small.",78,"The desaturated blue-black palette is appropriately somber, but very low exposure and muddy midtones obscure detail and finish.",81,"Typographically all required copy is present in a refined centered hierarchy, though the tagline, credit, and release line are relatively small. However, in color and craft the desaturated blue-black palette is appropriately somber, but very low exposure and muddy midtones obscure detail and finish."
PG05_I03,task_05,FUSED,5,results_b200_3/poster_aesthetic5/qwen36/experiment/FUSED/task_05/round_05/render.png,"Create an evocative theatrical poster for an independent film about memory, distance, and a slowly disappearing hometown. Develop a central visual suggesting a coastal town, an empty road, fading architecture, a distant human presence, or another image that conveys the uncertainty of remembering a place. The poster should imply a story without literally illustrating every narrative detail. Required text: WHERE THE HOUSES END; A film by Mara Venn; Some places disappear twice.; In selected theatres this winter. The result should feel cinematic, emotionally restrained, and visually specific to this film. Avoid generic streaming thumbnails, actor-credit grids, fake review quotes, and conventional template treatments. Do not design a webpage, collection of panels, or informational interface. Create one unified theatrical poster composition.",75,A lone figure on a narrowing road toward uncertain light provides a cinematic and emotionally specific metaphor for remembering a disappearing place.,86,"Architecture, title, figure, and road align into a highly coherent cinematic axis with strong depth and controlled symmetry.",83,"The title and tagline have strong cinematic clarity, while the lower credit and release line are complete but somewhat faint.",82,"A subtle golden horizon glow enriches the cool dusk palette, creating emotional depth and polished cinematic restraint.",81,"Compositionally architecture, title, figure, and road align into a highly coherent cinematic axis with strong depth and controlled symmetry. However, conceptually a lone figure on a narrowing road toward uncertain light provides a cinematic and emotionally specific metaphor for remembering a disappearing place."
PG05_I04,task_05,CEN_MAD,3,results_b200_3/poster_aesthetic5/qwen36/experiment/CEN_MAD/task_05/round_03/render.png,"Create an evocative theatrical poster for an independent film about memory, distance, and a slowly disappearing hometown. Develop a central visual suggesting a coastal town, an empty road, fading architecture, a distant human presence, or another image that conveys the uncertainty of remembering a place. The poster should imply a story without literally illustrating every narrative detail. Required text: WHERE THE HOUSES END; A film by Mara Venn; Some places disappear twice.; In selected theatres this winter. The result should feel cinematic, emotionally restrained, and visually specific to this film. Avoid generic streaming thumbnails, actor-credit grids, fake review quotes, and conventional template treatments. Do not design a webpage, collection of panels, or informational interface. Create one unified theatrical poster composition.",70,"The distant road and dim town silhouette communicate absence and distance, though the scene is more archetypal than uniquely narrative.",78,"The centered road provides clear depth, but the right-shifted title and scattered secondary copy make the upper and lower zones feel loosely connected.",55,"The title is readable, but film-credit text visibly overlaps its lower line, creating a conspicuous collision; the remaining required lines are tiny.",79,"The misty blue-charcoal landscape feels coherent and quiet, though diffuse forms and narrow tonal range make it slightly murky.",69,"In color and craft the misty blue-charcoal landscape feels coherent and quiet, though diffuse forms and narrow tonal range make it slightly murky. However, typographically the title is readable, but film-credit text visibly overlaps its lower line, creating a conspicuous collision; the remaining required lines are tiny."
PG05_I05,task_05,MAD,2,results_b200_3/poster_aesthetic5/qwen36/experiment/MAD/task_05/round_02/render.png,"Create an evocative theatrical poster for an independent film about memory, distance, and a slowly disappearing hometown. Develop a central visual suggesting a coastal town, an empty road, fading architecture, a distant human presence, or another image that conveys the uncertainty of remembering a place. The poster should imply a story without literally illustrating every narrative detail. Required text: WHERE THE HOUSES END; A film by Mara Venn; Some places disappear twice.; In selected theatres this winter. The result should feel cinematic, emotionally restrained, and visually specific to this film. Avoid generic streaming thumbnails, actor-credit grids, fake review quotes, and conventional template treatments. Do not design a webpage, collection of panels, or informational interface. Create one unified theatrical poster composition.",68,"Dark house silhouettes framing a remote point of light suggest disappearance, but the symmetrical symbolism feels somewhat generic and static.",80,"The centered title and horizon focal point are stable, though the flanking houses carry heavy edge weight and the middle copy is very small.",79,"The main title is strong and all required wording appears present, but the tagline and bottom credit/release line are very small and widely dispersed.",82,"Crisp black house silhouettes, slate-blue sky, and a small warm focal glow create refined melancholy with excellent restraint.",76,"In color and craft crisp black house silhouettes, slate-blue sky, and a small warm focal glow create refined melancholy with excellent restraint. However, conceptually dark house silhouettes framing a remote point of light suggest disappearance, but the symmetrical symbolism feels somewhat generic and static."
PG05_I06,task_05,FUSED,2,results_b200_3/poster_aesthetic5/qwen36/experiment/FUSED/task_05/round_02/render.png,"Create an evocative theatrical poster for an independent film about memory, distance, and a slowly disappearing hometown. Develop a central visual suggesting a coastal town, an empty road, fading architecture, a distant human presence, or another image that conveys the uncertainty of remembering a place. The poster should imply a story without literally illustrating every narrative detail. Required text: WHERE THE HOUSES END; A film by Mara Venn; Some places disappear twice.; In selected theatres this winter. The result should feel cinematic, emotionally restrained, and visually specific to this film. Avoid generic streaming thumbnails, actor-credit grids, fake review quotes, and conventional template treatments. Do not design a webpage, collection of panels, or informational interface. Create one unified theatrical poster composition.",75,The nearly empty road terminating at a vast coastal horizon conveys separation and erasure with an appropriately restrained cinematic image.,84,"The headline, distant figure, and widening road form a direct cinematic eye path with balanced negative space.",85,"A clean complete hierarchy uses a large title, readable tagline, and centered film/release credits; only the final line is faint.",81,"The broad cool gradient and dark road plane are clean and atmospheric, with subtle depth despite a somewhat sparse finish.",81,"Typographically a clean complete hierarchy uses a large title, readable tagline, and centered film/release credits; only the final line is faint. However, conceptually the nearly empty road terminating at a vast coastal horizon conveys separation and erasure with an appropriately restrained cinematic image."
PG05_I07,task_05,SELF,1,results_b200_3/poster_aesthetic5/qwen36/experiment/SELF/task_05/round_01/render.png,"Create an evocative theatrical poster for an independent film about memory, distance, and a slowly disappearing hometown. Develop a central visual suggesting a coastal town, an empty road, fading architecture, a distant human presence, or another image that conveys the uncertainty of remembering a place. The poster should imply a story without literally illustrating every narrative detail. Required text: WHERE THE HOUSES END; A film by Mara Venn; Some places disappear twice.; In selected theatres this winter. The result should feel cinematic, emotionally restrained, and visually specific to this film. Avoid generic streaming thumbnails, actor-credit grids, fake review quotes, and conventional template treatments. Do not design a webpage, collection of panels, or informational interface. Create one unified theatrical poster composition.",72,"A tiny distant person between fading houses gives the hometown memory a human scale, though the icon-like town treatment is simplified.",82,"The centered title and road create a clear hierarchy, while paired house clusters add symmetry without overwhelming the focal route.",78,"The title and tagline are highly readable, but the film credit and selected-theatres line sit in very small low-contrast type.",80,"Muted indigo-gray tones and symmetrical house shadows feel cinematic and cohesive, though details are a little soft.",77,"Compositionally the centered title and road create a clear hierarchy, while paired house clusters add symmetry without overwhelming the focal route. However, conceptually a tiny distant person between fading houses gives the hometown memory a human scale, though the icon-like town treatment is simplified."
PG05_I08,task_05,MAD,4,results_b200_3/poster_aesthetic5/qwen36/experiment/MAD/task_05/round_04/render.png,"Create an evocative theatrical poster for an independent film about memory, distance, and a slowly disappearing hometown. Develop a central visual suggesting a coastal town, an empty road, fading architecture, a distant human presence, or another image that conveys the uncertainty of remembering a place. The poster should imply a story without literally illustrating every narrative detail. Required text: WHERE THE HOUSES END; A film by Mara Venn; Some places disappear twice.; In selected theatres this winter. The result should feel cinematic, emotionally restrained, and visually specific to this film. Avoid generic streaming thumbnails, actor-credit grids, fake review quotes, and conventional template treatments. Do not design a webpage, collection of panels, or informational interface. Create one unified theatrical poster composition.",66,"Repeated house silhouettes and a tiny figure communicate loss and distance, but the imagery feels more diagrammatic than cinematic.",74,"The road offers a strong central axis, but the high dark band and dispersed title, tagline, and credits weaken unity.",80,"The title has strong distance presence and all required copy is present, though the isolated tagline and tiny lower lines weaken cohesion.",81,"Foggy blue layers and receding dark forms create convincing distance and an understated, polished elegiac mood.",75,"In color and craft foggy blue layers and receding dark forms create convincing distance and an understated, polished elegiac mood. However, conceptually repeated house silhouettes and a tiny figure communicate loss and distance, but the imagery feels more diagrammatic than cinematic."
PG05_I09,task_05,MAD,3,results_b200_3/poster_aesthetic5/qwen36/experiment/MAD/task_05/round_03/render.png,"Create an evocative theatrical poster for an independent film about memory, distance, and a slowly disappearing hometown. Develop a central visual suggesting a coastal town, an empty road, fading architecture, a distant human presence, or another image that conveys the uncertainty of remembering a place. The poster should imply a story without literally illustrating every narrative detail. Required text: WHERE THE HOUSES END; A film by Mara Venn; Some places disappear twice.; In selected theatres this winter. The result should feel cinematic, emotionally restrained, and visually specific to this film. Avoid generic streaming thumbnails, actor-credit grids, fake review quotes, and conventional template treatments. Do not design a webpage, collection of panels, or informational interface. Create one unified theatrical poster composition.",73,The broad road swallowed by mist and framed by receding rooftops creates a convincing image of a place disappearing into memory.,75,"The upper title is prominent and the road creates depth, yet the oversized dark header and widely separated copy make the layout feel segmented.",81,Complete typography with a bold title and orderly supporting lines; the tagline and release line remain too small for robust distance reading.,79,"The dark slate palette and silhouetted village are emotionally appropriate, but crushed shadows limit dimensional finish.",77,"Typographically complete typography with a bold title and orderly supporting lines; the tagline and release line remain too small for robust distance reading. However, conceptually the broad road swallowed by mist and framed by receding rooftops creates a convincing image of a place disappearing into memory."
PG05_I10,task_05,SELF,3,results_b200_3/poster_aesthetic5/qwen36/experiment/SELF/task_05/round_03/render.png,"Create an evocative theatrical poster for an independent film about memory, distance, and a slowly disappearing hometown. Develop a central visual suggesting a coastal town, an empty road, fading architecture, a distant human presence, or another image that conveys the uncertainty of remembering a place. The poster should imply a story without literally illustrating every narrative detail. Required text: WHERE THE HOUSES END; A film by Mara Venn; Some places disappear twice.; In selected theatres this winter. The result should feel cinematic, emotionally restrained, and visually specific to this film. Avoid generic streaming thumbnails, actor-credit grids, fake review quotes, and conventional template treatments. Do not design a webpage, collection of panels, or informational interface. Create one unified theatrical poster composition.",61,"A lone figure and faint houses are relevant, but the heavy fog reduces the scene to vague melancholic atmosphere without a strong story image.",73,"The central figure and side houses suggest balance, but the very faint title and minimal lower anchoring leave the hierarchy underpowered.",64,"All required text appears present, but the title and supporting lines are low-contrast against the pale textured field, reducing readability substantially.",71,"The pale gray wash has a ghostly mood, but weak contrast and near-erased forms make the rendering look faded and technically unresolved.",66,"Compositionally the central figure and side houses suggest balance, but the very faint title and minimal lower anchoring leave the hierarchy underpowered. However, conceptually a lone figure and faint houses are relevant, but the heavy fog reduces the scene to vague melancholic atmosphere without a strong story image."
PG05_I11,task_05,AXES,1,results_b200_3/poster_aesthetic5/qwen36/experiment/AXES/task_05/round_01/render.png,"Create an evocative theatrical poster for an independent film about memory, distance, and a slowly disappearing hometown. Develop a central visual suggesting a coastal town, an empty road, fading architecture, a distant human presence, or another image that conveys the uncertainty of remembering a place. The poster should imply a story without literally illustrating every narrative detail. Required text: WHERE THE HOUSES END; A film by Mara Venn; Some places disappear twice.; In selected theatres this winter. The result should feel cinematic, emotionally restrained, and visually specific to this film. Avoid generic streaming thumbnails, actor-credit grids, fake review quotes, and conventional template treatments. Do not design a webpage, collection of panels, or informational interface. Create one unified theatrical poster composition.",79,"The pier-like road extending through water toward fading homes and a remote figure builds a specific, evocative coastal memory landscape.",84,"The centered title, distant figure, and geometric road form a clean layered sequence with convincing depth and strong focal control.",85,"The large title and readable tagline establish a convincing cinematic hierarchy, with complete but fine lower credits.",81,"Cool blue fog, a black road wedge, and silhouetted homes create strong cinematic depth with controlled soft lighting.",82,"Typographically the large title and readable tagline establish a convincing cinematic hierarchy, with complete but fine lower credits. However, conceptually the pier-like road extending through water toward fading homes and a remote figure builds a specific, evocative coastal memory landscape."
PG05_I12,task_05,CEN_MAD,4,results_b200_3/poster_aesthetic5/qwen36/experiment/CEN_MAD/task_05/round_04/render.png,"Create an evocative theatrical poster for an independent film about memory, distance, and a slowly disappearing hometown. Develop a central visual suggesting a coastal town, an empty road, fading architecture, a distant human presence, or another image that conveys the uncertainty of remembering a place. The poster should imply a story without literally illustrating every narrative detail. Required text: WHERE THE HOUSES END; A film by Mara Venn; Some places disappear twice.; In selected theatres this winter. The result should feel cinematic, emotionally restrained, and visually specific to this film. Avoid generic streaming thumbnails, actor-credit grids, fake review quotes, and conventional template treatments. Do not design a webpage, collection of panels, or informational interface. Create one unified theatrical poster composition.",81,The misty coastal settlement and solitary road create a richly cinematic image of distance and gradual erasure while still implying an untold story.,80,"The title and road are coherently centered, though low contrast and bottom-heavy small copy reduce distance clarity.",87,All required text is cleanly centered with strong title presence and distinct supporting tiers; the final release line is small but legible.,78,"The blue-gray water and distant village suit the story, but the heavy darkness and muted highlights suppress visual clarity and polish.",82,"Typographically all required text is cleanly centered with strong title presence and distinct supporting tiers; the final release line is small but legible. However, in color and craft the blue-gray water and distant village suit the story, but the heavy darkness and muted highlights suppress visual clarity and polish."
PG05_I13,task_05,SELF,4,results_b200_3/poster_aesthetic5/qwen36/experiment/SELF/task_05/round_04/render.png,"Create an evocative theatrical poster for an independent film about memory, distance, and a slowly disappearing hometown. Develop a central visual suggesting a coastal town, an empty road, fading architecture, a distant human presence, or another image that conveys the uncertainty of remembering a place. The poster should imply a story without literally illustrating every narrative detail. Required text: WHERE THE HOUSES END; A film by Mara Venn; Some places disappear twice.; In selected theatres this winter. The result should feel cinematic, emotionally restrained, and visually specific to this film. Avoid generic streaming thumbnails, actor-credit grids, fake review quotes, and conventional template treatments. Do not design a webpage, collection of panels, or informational interface. Create one unified theatrical poster composition.",65,"Fading house shapes and a small figure fit the premise, but the floating, icon-like imagery lacks the specificity of a believable remembered town.",68,"A central figure and side houses are structurally balanced, but the nearly invisible title removes the primary focal level and leaves excessive empty haze.",61,"The full copy is present, but low contrast makes the title subdued and renders the tagline and release line difficult to read.",69,"The monochrome haze is thematically apt but excessively washed out, leaving silhouettes indistinct and the overall surface unfinished.",65,"In color and craft the monochrome haze is thematically apt but excessively washed out, leaving silhouettes indistinct and the overall surface unfinished. However, typographically the full copy is present, but low contrast makes the title subdued and renders the tagline and release line difficult to read."
PG05_I14,task_05,FUSED,4,results_b200_3/poster_aesthetic5/qwen36/experiment/FUSED/task_05/round_04/render.png,"Create an evocative theatrical poster for an independent film about memory, distance, and a slowly disappearing hometown. Develop a central visual suggesting a coastal town, an empty road, fading architecture, a distant human presence, or another image that conveys the uncertainty of remembering a place. The poster should imply a story without literally illustrating every narrative detail. Required text: WHERE THE HOUSES END; A film by Mara Venn; Some places disappear twice.; In selected theatres this winter. The result should feel cinematic, emotionally restrained, and visually specific to this film. Avoid generic streaming thumbnails, actor-credit grids, fake review quotes, and conventional template treatments. Do not design a webpage, collection of panels, or informational interface. Create one unified theatrical poster composition.",76,"A lone road leading through darkened waterfront architecture toward a distant figure offers a focused, emotionally restrained memory metaphor.",85,"The title, central figure, road, and flanking buildings produce a unified cinematic axis with excellent depth and framing.",83,"A clear title and tagline integrate well with the scene, while the complete lower credits are orderly but faint.",82,"Rich navy shadows, layered house silhouettes, and a narrow cool horizon create a polished, immersive twilight atmosphere.",81,"Compositionally the title, central figure, road, and flanking buildings produce a unified cinematic axis with excellent depth and framing. However, conceptually a lone road leading through darkened waterfront architecture toward a distant figure offers a focused, emotionally restrained memory metaphor."
PG05_I15,task_05,SELF,2,results_b200_3/poster_aesthetic5/qwen36/experiment/SELF/task_05/round_02/render.png,"Create an evocative theatrical poster for an independent film about memory, distance, and a slowly disappearing hometown. Develop a central visual suggesting a coastal town, an empty road, fading architecture, a distant human presence, or another image that conveys the uncertainty of remembering a place. The poster should imply a story without literally illustrating every narrative detail. Required text: WHERE THE HOUSES END; A film by Mara Venn; Some places disappear twice.; In selected theatres this winter. The result should feel cinematic, emotionally restrained, and visually specific to this film. Avoid generic streaming thumbnails, actor-credit grids, fake review quotes, and conventional template treatments. Do not design a webpage, collection of panels, or informational interface. Create one unified theatrical poster composition.",45,"The image is so dark and empty that little beyond generic disappearance is visible, leaving the coastal hometown narrative largely uninstantiated.",67,"The faint title and tiny house silhouettes float in a large empty field, leaving no decisive focal progression despite formal symmetry.",62,"The title remains visible but low-contrast, and the film credit and release line are nearly lost in the dark lower field.",79,"A subtle blue-charcoal gradient and distant horizon feel restrained and cinematic, though the almost empty field limits material detail.",57,"In color and craft a subtle blue-charcoal gradient and distant horizon feel restrained and cinematic, though the almost empty field limits material detail. However, conceptually the image is so dark and empty that little beyond generic disappearance is visible, leaving the coastal hometown narrative largely uninstantiated."
PG05_I16,task_05,AXES,4,results_b200_3/poster_aesthetic5/qwen36/experiment/AXES/task_05/round_04/render.png,"Create an evocative theatrical poster for an independent film about memory, distance, and a slowly disappearing hometown. Develop a central visual suggesting a coastal town, an empty road, fading architecture, a distant human presence, or another image that conveys the uncertainty of remembering a place. The poster should imply a story without literally illustrating every narrative detail. Required text: WHERE THE HOUSES END; A film by Mara Venn; Some places disappear twice.; In selected theatres this winter. The result should feel cinematic, emotionally restrained, and visually specific to this film. Avoid generic streaming thumbnails, actor-credit grids, fake review quotes, and conventional template treatments. Do not design a webpage, collection of panels, or informational interface. Create one unified theatrical poster composition.",79,"The vast geometric road, isolated figure, and small horizon forms create a striking cinematic image of distance at the edge of habitation.",87,"The bright title, horizon, and sharply widening road create exceptional distance hierarchy and a direct, balanced eye path.",91,"Excellent complete hierarchy: a crisp high-contrast title, readable tagline, and clearly separated film and release credits.",84,"The luminous horizon, deep blue road, and clean tonal layers create excellent cinematic depth and a refined melancholic finish.",85,"Typographically excellent complete hierarchy: a crisp high-contrast title, readable tagline, and clearly separated film and release credits. However, conceptually the vast geometric road, isolated figure, and small horizon forms create a striking cinematic image of distance at the edge of habitation."
PG05_I17,task_05,CEN_MAD,1,results_b200_3/poster_aesthetic5/qwen36/experiment/CEN_MAD/task_05/round_01/render.png,"Create an evocative theatrical poster for an independent film about memory, distance, and a slowly disappearing hometown. Develop a central visual suggesting a coastal town, an empty road, fading architecture, a distant human presence, or another image that conveys the uncertainty of remembering a place. The poster should imply a story without literally illustrating every narrative detail. Required text: WHERE THE HOUSES END; A film by Mara Venn; Some places disappear twice.; In selected theatres this winter. The result should feel cinematic, emotionally restrained, and visually specific to this film. Avoid generic streaming thumbnails, actor-credit grids, fake review quotes, and conventional template treatments. Do not design a webpage, collection of panels, or informational interface. Create one unified theatrical poster composition.",77,"A road fading into a muted, scarcely inhabited horizon effectively embodies both physical departure and uncertain recollection.",79,"The large road and centered light create depth, but the title is displaced left and the tagline drifts independently on the right.",38,"Only the title and tagline are clearly visible; the required film-by credit and selected-theatres line are absent or effectively unreadable, a major completeness failure.",80,"A small warm glow against cool black-blue silhouettes creates poignant atmosphere, though shadow detail is slightly muddy.",58,"In color and craft a small warm glow against cool black-blue silhouettes creates poignant atmosphere, though shadow detail is slightly muddy. However, typographically only the title and tagline are clearly visible; the required film-by credit and selected-theatres line are absent or effectively unreadable, a major completeness failure. This brief-critical communication failure caps the poster's overall success."
PG05_I18,task_05,SELF,5,results_b200_3/poster_aesthetic5/qwen36/experiment/SELF/task_05/round_05/render.png,"Create an evocative theatrical poster for an independent film about memory, distance, and a slowly disappearing hometown. Develop a central visual suggesting a coastal town, an empty road, fading architecture, a distant human presence, or another image that conveys the uncertainty of remembering a place. The poster should imply a story without literally illustrating every narrative detail. Required text: WHERE THE HOUSES END; A film by Mara Venn; Some places disappear twice.; In selected theatres this winter. The result should feel cinematic, emotionally restrained, and visually specific to this film. Avoid generic streaming thumbnails, actor-credit grids, fake review quotes, and conventional template treatments. Do not design a webpage, collection of panels, or informational interface. Create one unified theatrical poster composition.",66,"Ghostly houses in fog communicate erasure and memory, but the absence of a stronger spatial or human narrative makes the concept generic.",66,"The centered arrangement is nominally balanced, but extremely low contrast and broad empty haze suppress nearly every hierarchy level.",63,"All required text appears present, but the low-contrast title and extremely faint supporting lines significantly impair normal-viewing legibility.",68,"Extremely low contrast and gray haze nearly erase the houses and headline, making the intended mood feel more like incomplete rendering.",65,"In color and craft extremely low contrast and gray haze nearly erase the houses and headline, making the intended mood feel more like incomplete rendering. However, typographically all required text appears present, but the low-contrast title and extremely faint supporting lines significantly impair normal-viewing legibility."
PG05_I19,task_05,MAD,1,results_b200_3/poster_aesthetic5/qwen36/experiment/MAD/task_05/round_01/render.png,"Create an evocative theatrical poster for an independent film about memory, distance, and a slowly disappearing hometown. Develop a central visual suggesting a coastal town, an empty road, fading architecture, a distant human presence, or another image that conveys the uncertainty of remembering a place. The poster should imply a story without literally illustrating every narrative detail. Required text: WHERE THE HOUSES END; A film by Mara Venn; Some places disappear twice.; In selected theatres this winter. The result should feel cinematic, emotionally restrained, and visually specific to this film. Avoid generic streaming thumbnails, actor-credit grids, fake review quotes, and conventional template treatments. Do not design a webpage, collection of panels, or informational interface. Create one unified theatrical poster composition.",72,"Dark homes framing a receding road toward a distant illuminated point create a clear, restrained metaphor for a vanishing hometown.",82,"The central road and flanking buildings give strong perspective, with the title forming a stable upper anchor despite slightly dense mid-frame copy.",82,"The title and tagline are strong and complete, while the film and release credits are correctly placed but relatively small.",80,"Slate-blue haze and crisp dark house blocks form a coherent, restrained palette with a quiet cinematic mood.",79,"Typographically the title and tagline are strong and complete, while the film and release credits are correctly placed but relatively small. However, conceptually dark homes framing a receding road toward a distant illuminated point create a clear, restrained metaphor for a vanishing hometown."
PG05_I20,task_05,AXES,3,results_b200_3/poster_aesthetic5/qwen36/experiment/AXES/task_05/round_03/render.png,"Create an evocative theatrical poster for an independent film about memory, distance, and a slowly disappearing hometown. Develop a central visual suggesting a coastal town, an empty road, fading architecture, a distant human presence, or another image that conveys the uncertainty of remembering a place. The poster should imply a story without literally illustrating every narrative detail. Required text: WHERE THE HOUSES END; A film by Mara Venn; Some places disappear twice.; In selected theatres this winter. The result should feel cinematic, emotionally restrained, and visually specific to this film. Avoid generic streaming thumbnails, actor-credit grids, fake review quotes, and conventional template treatments. Do not design a webpage, collection of panels, or informational interface. Create one unified theatrical poster composition.",78,"The long road, tiny human presence, and isolated horizon forms imply a specific journey away from a disappearing coastal place.",74,"The landscape and road are well centered, but the washed title, isolated lower-right credit, and weak figure-ground separation dilute the eye path.",63,"The title is blurred and low-contrast against the bright sky, and the lower required credits are tiny and faint.",75,"The silvery blue panorama is atmospheric, but clipped pale highlights and partially faded forms weaken technical consistency.",72,"Conceptually the long road, tiny human presence, and isolated horizon forms imply a specific journey away from a disappearing coastal place. However, typographically the title is blurred and low-contrast against the bright sky, and the lower required credits are tiny and faint."
PG05_I21,task_05,MAD,5,results_b200_3/poster_aesthetic5/qwen36/experiment/MAD/task_05/round_05/render.png,"Create an evocative theatrical poster for an independent film about memory, distance, and a slowly disappearing hometown. Develop a central visual suggesting a coastal town, an empty road, fading architecture, a distant human presence, or another image that conveys the uncertainty of remembering a place. The poster should imply a story without literally illustrating every narrative detail. Required text: WHERE THE HOUSES END; A film by Mara Venn; Some places disappear twice.; In selected theatres this winter. The result should feel cinematic, emotionally restrained, and visually specific to this film. Avoid generic streaming thumbnails, actor-credit grids, fake review quotes, and conventional template treatments. Do not design a webpage, collection of panels, or informational interface. Create one unified theatrical poster composition.",72,"The road emerging from dense town silhouettes toward emptiness conveys the boundary where houses and belonging end, though somewhat literally.",83,"The title, distant figure, road, and mirrored houses form a clear vertical hierarchy with a controlled theatrical symmetry.",88,"A bold readable title, clear tagline, and disciplined complete lower credits form a strong cinematic information hierarchy.",83,Angular navy foreground planes and deep silhouettes create strong material geometry and a polished nocturnal color system.,81,"Typographically a bold readable title, clear tagline, and disciplined complete lower credits form a strong cinematic information hierarchy. However, conceptually the road emerging from dense town silhouettes toward emptiness conveys the boundary where houses and belonging end, though somewhat literally."
PG05_I22,task_05,AXES,5,results_b200_3/poster_aesthetic5/qwen36/experiment/AXES/task_05/round_05/render.png,"Create an evocative theatrical poster for an independent film about memory, distance, and a slowly disappearing hometown. Develop a central visual suggesting a coastal town, an empty road, fading architecture, a distant human presence, or another image that conveys the uncertainty of remembering a place. The poster should imply a story without literally illustrating every narrative detail. Required text: WHERE THE HOUSES END; A film by Mara Venn; Some places disappear twice.; In selected theatres this winter. The result should feel cinematic, emotionally restrained, and visually specific to this film. Avoid generic streaming thumbnails, actor-credit grids, fake review quotes, and conventional template treatments. Do not design a webpage, collection of panels, or informational interface. Create one unified theatrical poster composition.",71,"The misty roadway and distant shore communicate restrained melancholy and distance, but the hometown itself remains only faintly characterized.",78,"The centered road gives strong depth, but the wide title and corner-separated tagline and credit produce a somewhat dispersed lower hierarchy.",79,"All required copy is present and the title is readable, but the tagline is detached at far right and the lower credits are quite small.",76,"The desaturated sea-and-sky palette is cohesive, but broad overexposure washes out contrast and reduces the sense of crafted depth.",76,"Typographically all required copy is present and the title is readable, but the tagline is detached at far right and the lower credits are quite small. However, conceptually the misty roadway and distant shore communicate restrained melancholy and distance, but the hometown itself remains only faintly characterized."
PG05_I23,task_05,CEN_MAD,2,results_b200_3/poster_aesthetic5/qwen36/experiment/CEN_MAD/task_05/round_02/render.png,"Create an evocative theatrical poster for an independent film about memory, distance, and a slowly disappearing hometown. Develop a central visual suggesting a coastal town, an empty road, fading architecture, a distant human presence, or another image that conveys the uncertainty of remembering a place. The poster should imply a story without literally illustrating every narrative detail. Required text: WHERE THE HOUSES END; A film by Mara Venn; Some places disappear twice.; In selected theatres this winter. The result should feel cinematic, emotionally restrained, and visually specific to this film. Avoid generic streaming thumbnails, actor-credit grids, fake review quotes, and conventional template treatments. Do not design a webpage, collection of panels, or informational interface. Create one unified theatrical poster composition.",79,A lonely road leading into a fog-bound coastal settlement creates a narratively suggestive and film-specific image of memory and disappearance.,82,"The left title and distant central road create a strong asymmetric cinematic balance, with small copy distributed cleanly across the base.",86,"The complete title and tagline remain crisp against the dark scene, with centered film and release credits that are small but readable.",80,"Deep blue-gray water, black shoreline, and fine distant lights create an evocative cinematic nightscape with restrained polish.",82,"Typographically the complete title and tagline remain crisp against the dark scene, with centered film and release credits that are small but readable. However, conceptually a lonely road leading into a fog-bound coastal settlement creates a narratively suggestive and film-specific image of memory and disappearance."
PG05_I24,task_05,R0,0,results_b200_3/poster_aesthetic5/qwen36/experiment/SELF/task_05/r0.png,"Create an evocative theatrical poster for an independent film about memory, distance, and a slowly disappearing hometown. Develop a central visual suggesting a coastal town, an empty road, fading architecture, a distant human presence, or another image that conveys the uncertainty of remembering a place. The poster should imply a story without literally illustrating every narrative detail. Required text: WHERE THE HOUSES END; A film by Mara Venn; Some places disappear twice.; In selected theatres this winter. The result should feel cinematic, emotionally restrained, and visually specific to this film. Avoid generic streaming thumbnails, actor-credit grids, fake review quotes, and conventional template treatments. Do not design a webpage, collection of panels, or informational interface. Create one unified theatrical poster composition.",69,"Paired houses and a central road imply leaving home behind, but the simplified symbols make the visual concept feel more generic than cinematic.",84,"The centered title and road are framed by balanced house clusters, creating a stable layered hierarchy and clear visual unity.",84,"All required text is present in a centered, orderly hierarchy; the tagline and lower credits could be larger but remain accessible.",78,"The muted indigo field and paired house silhouettes are coherent, though flat shapes and subdued illumination feel comparatively basic.",78,"Typographically all required text is present in a centered, orderly hierarchy; the tagline and lower credits could be larger but remain accessible. However, conceptually paired houses and a central road imply leaving home behind, but the simplified symbols make the visual concept feel more generic than cinematic."
PG05_I25,task_05,FUSED,1,results_b200_3/poster_aesthetic5/qwen36/experiment/FUSED/task_05/round_01/render.png,"Create an evocative theatrical poster for an independent film about memory, distance, and a slowly disappearing hometown. Develop a central visual suggesting a coastal town, an empty road, fading architecture, a distant human presence, or another image that conveys the uncertainty of remembering a place. The poster should imply a story without literally illustrating every narrative detail. Required text: WHERE THE HOUSES END; A film by Mara Venn; Some places disappear twice.; In selected theatres this winter. The result should feel cinematic, emotionally restrained, and visually specific to this film. Avoid generic streaming thumbnails, actor-credit grids, fake review quotes, and conventional template treatments. Do not design a webpage, collection of panels, or informational interface. Create one unified theatrical poster composition.",71,"The isolated house forms and empty foreground road create a subdued sense of a town receding, though the imagery is familiar and sparse.",85,The broad centered title and sharply receding road create immediate poster-scale hierarchy with ample breathing room and a strong central axis.,90,"The prominent title, readable tagline, and complete centered credit/release tiers are polished and communicate clearly at distance.",81,A precise dark road and blue horizon create strong recession and a clean melancholic atmosphere with well-controlled tonal contrast.,82,"Typographically the prominent title, readable tagline, and complete centered credit/release tiers are polished and communicate clearly at distance. However, conceptually the isolated house forms and empty foreground road create a subdued sense of a town receding, though the imagery is familiar and sparse."
PG05_I26,task_05,AXES,2,results_b200_3/poster_aesthetic5/qwen36/experiment/AXES/task_05/round_02/render.png,"Create an evocative theatrical poster for an independent film about memory, distance, and a slowly disappearing hometown. Develop a central visual suggesting a coastal town, an empty road, fading architecture, a distant human presence, or another image that conveys the uncertainty of remembering a place. The poster should imply a story without literally illustrating every narrative detail. Required text: WHERE THE HOUSES END; A film by Mara Venn; Some places disappear twice.; In selected theatres this winter. The result should feel cinematic, emotionally restrained, and visually specific to this film. Avoid generic streaming thumbnails, actor-credit grids, fake review quotes, and conventional template treatments. Do not design a webpage, collection of panels, or informational interface. Create one unified theatrical poster composition.",70,"Small horizon houses fading into a pale sea of memory provide a relevant disappearance metaphor, but the scene remains deliberately generic.",76,"The title anchors the left and the empty road supplies depth, but widely dispersed small text and pale visual weight make the frame feel under-connected.",65,"The complete typography is present, but pale low-contrast title and supporting text fade into the bright background, weakening both hierarchy and legibility.",74,"The silver-gray landscape has a dreamlike tone, but broad haze and low contrast soften edges enough to undermine technical finish.",71,"Compositionally the title anchors the left and the empty road supplies depth, but widely dispersed small text and pale visual weight make the frame feel under-connected. However, typographically the complete typography is present, but pale low-contrast title and supporting text fade into the bright background, weakening both hierarchy and legibility."
