blind_id,task,repeat,condition,round,source,brief_intent_alignment,clarity_information_hierarchy,visual_system_craft,expressiveness_distinctiveness,overall
TG01_I001,ab000001,1,CEN_MAD,2,results_b200_2/intent4_qwen38_27b_30task_3seed_5r/repeat_1/shards/q38a/CEN_MAD/problems/ab000001/candidates/r2.png,74,72,76,70,73
TG01_I002,ab000001,2,MAD,2,results_b200_2/intent4_qwen38_27b_30task_3seed_5r/repeat_2/shards/q38a/MAD/problems/ab000001/candidates/r2.png,31,42,45,39,35
TG01_I003,ab000001,2,AXES,5,results_b200_2/intent4_qwen38_27b_30task_3seed_5r/repeat_2/shards/q38a/AXES/problems/ab000001/candidates/r5.png,24,36,38,31,28
TG01_I004,ab000001,1,FUSED,5,results_b200_2/intent4_qwen38_27b_30task_3seed_5r/repeat_1/shards/q38a/FUSED/problems/ab000001/candidates/r5.png,79,80,82,76,80
TG01_I005,ab000001,2,SELF,5,results_b200_2/intent4_qwen38_27b_30task_3seed_5r/repeat_2/shards/q38a/SELF/problems/ab000001/candidates/r5.png,22,34,37,30,26
TG01_I006,ab000001,2,CEN_MAD,5,results_b200_2/intent4_qwen38_27b_30task_3seed_5r/repeat_2/shards/q38a/CEN_MAD/problems/ab000001/candidates/r5.png,76,68,80,84,75
TG01_I007,ab000001,0,MAD,5,results_b200_2/intent4_qwen38_27b_30task_3seed_5r/repeat_0/shards/q38a/MAD/problems/ab000001/candidates/r5.png,88,84,87,82,86
TG01_I008,ab000001,0,FUSED,4,results_b200_2/intent4_qwen38_27b_30task_3seed_5r/repeat_0/shards/q38a/FUSED/problems/ab000001/candidates/r4.png,90,86,88,80,87
TG01_I009,ab000001,2,FUSED,3,results_b200_2/intent4_qwen38_27b_30task_3seed_5r/repeat_2/shards/q38a/FUSED/problems/ab000001/candidates/r3.png,34,46,49,45,39
TG01_I010,ab000001,2,AXES,4,results_b200_2/intent4_qwen38_27b_30task_3seed_5r/repeat_2/shards/q38a/AXES/problems/ab000001/candidates/r4.png,20,31,34,28,24
TG01_I011,ab000001,0,SELF,3,results_b200_2/intent4_qwen38_27b_30task_3seed_5r/repeat_0/shards/q38a/SELF/problems/ab000001/candidates/r3.png,87,85,86,78,85
TG01_I012,ab000001,0,R0,0,results_b200_2/intent4_qwen38_27b_30task_3seed_5r/repeat_0/shards/q38a/SELF/problems/ab000001/candidates/r0.png,78,72,82,85,77
TG01_I013,ab000001,0,FUSED,3,results_b200_2/intent4_qwen38_27b_30task_3seed_5r/repeat_0/shards/q38a/FUSED/problems/ab000001/candidates/r3.png,89,87,88,79,87
TG01_I014,ab000001,0,CEN_MAD,2,results_b200_2/intent4_qwen38_27b_30task_3seed_5r/repeat_0/shards/q38a/CEN_MAD/problems/ab000001/candidates/r2.png,73,65,79,83,72
TG01_I015,ab000001,1,MAD,1,results_b200_2/intent4_qwen38_27b_30task_3seed_5r/repeat_1/shards/q38a/MAD/problems/ab000001/candidates/r1.png,76,72,74,69,73
TG01_I016,ab000001,0,AXES,3,results_b200_2/intent4_qwen38_27b_30task_3seed_5r/repeat_0/shards/q38a/AXES/problems/ab000001/candidates/r3.png,75,64,81,85,72
TG01_I017,ab000001,2,FUSED,4,results_b200_2/intent4_qwen38_27b_30task_3seed_5r/repeat_2/shards/q38a/FUSED/problems/ab000001/candidates/r4.png,32,44,49,46,38
TG01_I018,ab000001,1,AXES,1,results_b200_2/intent4_qwen38_27b_30task_3seed_5r/repeat_1/shards/q38a/AXES/problems/ab000001/candidates/r1.png,70,69,73,72,70
TG01_I019,ab000001,1,AXES,3,results_b200_2/intent4_qwen38_27b_30task_3seed_5r/repeat_1/shards/q38a/AXES/problems/ab000001/candidates/r3.png,46,51,57,54,49
TG01_I020,ab000001,1,R0,0,results_b200_2/intent4_qwen38_27b_30task_3seed_5r/repeat_1/shards/q38a/SELF/problems/ab000001/candidates/r0.png,60,61,68,70,62
TG01_I021,ab000001,2,FUSED,5,results_b200_2/intent4_qwen38_27b_30task_3seed_5r/repeat_2/shards/q38a/FUSED/problems/ab000001/candidates/r5.png,30,42,48,44,36
TG01_I022,ab000001,2,MAD,1,results_b200_2/intent4_qwen38_27b_30task_3seed_5r/repeat_2/shards/q38a/MAD/problems/ab000001/candidates/r1.png,18,26,31,27,22
TG01_I023,ab000001,1,SELF,4,results_b200_2/intent4_qwen38_27b_30task_3seed_5r/repeat_1/shards/q38a/SELF/problems/ab000001/candidates/r4.png,55,58,65,67,58
TG01_I024,ab000001,0,SELF,5,results_b200_2/intent4_qwen38_27b_30task_3seed_5r/repeat_0/shards/q38a/SELF/problems/ab000001/candidates/r5.png,86,83,85,78,84
TG01_I025,ab000001,1,SELF,3,results_b200_2/intent4_qwen38_27b_30task_3seed_5r/repeat_1/shards/q38a/SELF/problems/ab000001/candidates/r3.png,52,56,63,65,55
TG01_I026,ab000001,2,FUSED,1,results_b200_2/intent4_qwen38_27b_30task_3seed_5r/repeat_2/shards/q38a/FUSED/problems/ab000001/candidates/r1.png,18,25,31,27,22
TG01_I027,ab000001,1,CEN_MAD,1,results_b200_2/intent4_qwen38_27b_30task_3seed_5r/repeat_1/shards/q38a/CEN_MAD/problems/ab000001/candidates/r1.png,62,63,68,68,63
TG01_I028,ab000001,0,AXES,2,results_b200_2/intent4_qwen38_27b_30task_3seed_5r/repeat_0/shards/q38a/AXES/problems/ab000001/candidates/r2.png,76,68,81,84,74
TG01_I029,ab000001,2,SELF,4,results_b200_2/intent4_qwen38_27b_30task_3seed_5r/repeat_2/shards/q38a/SELF/problems/ab000001/candidates/r4.png,17,25,30,25,21
TG01_I030,ab000001,0,CEN_MAD,5,results_b200_2/intent4_qwen38_27b_30task_3seed_5r/repeat_0/shards/q38a/CEN_MAD/problems/ab000001/candidates/r5.png,88,84,86,82,86
TG01_I031,ab000001,0,MAD,1,results_b200_2/intent4_qwen38_27b_30task_3seed_5r/repeat_0/shards/q38a/MAD/problems/ab000001/candidates/r1.png,70,60,77,84,68
TG01_I032,ab000001,0,MAD,4,results_b200_2/intent4_qwen38_27b_30task_3seed_5r/repeat_0/shards/q38a/MAD/problems/ab000001/candidates/r4.png,82,76,82,81,79
TG01_I033,ab000001,2,SELF,3,results_b200_2/intent4_qwen38_27b_30task_3seed_5r/repeat_2/shards/q38a/SELF/problems/ab000001/candidates/r3.png,18,26,31,27,22
TG01_I034,ab000001,1,SELF,5,results_b200_2/intent4_qwen38_27b_30task_3seed_5r/repeat_1/shards/q38a/SELF/problems/ab000001/candidates/r5.png,74,66,79,83,72
TG01_I035,ab000001,2,CEN_MAD,3,results_b200_2/intent4_qwen38_27b_30task_3seed_5r/repeat_2/shards/q38a/CEN_MAD/problems/ab000001/candidates/r3.png,51,55,63,66,55
TG01_I036,ab000001,1,FUSED,2,results_b200_2/intent4_qwen38_27b_30task_3seed_5r/repeat_1/shards/q38a/FUSED/problems/ab000001/candidates/r2.png,72,70,73,69,71
TG01_I037,ab000001,0,FUSED,1,results_b200_2/intent4_qwen38_27b_30task_3seed_5r/repeat_0/shards/q38a/FUSED/problems/ab000001/candidates/r1.png,18,25,31,26,21
TG01_I038,ab000001,1,AXES,4,results_b200_2/intent4_qwen38_27b_30task_3seed_5r/repeat_1/shards/q38a/AXES/problems/ab000001/candidates/r4.png,53,57,64,67,56
TG01_I039,ab000001,0,AXES,5,results_b200_2/intent4_qwen38_27b_30task_3seed_5r/repeat_0/shards/q38a/AXES/problems/ab000001/candidates/r5.png,88,84,87,80,86
TG01_I040,ab000001,1,CEN_MAD,3,results_b200_2/intent4_qwen38_27b_30task_3seed_5r/repeat_1/shards/q38a/CEN_MAD/problems/ab000001/candidates/r3.png,28,31,40,42,31
TG01_I041,ab000001,2,CEN_MAD,2,results_b200_2/intent4_qwen38_27b_30task_3seed_5r/repeat_2/shards/q38a/CEN_MAD/problems/ab000001/candidates/r2.png,87,83,85,78,84
TG01_I042,ab000001,2,CEN_MAD,1,results_b200_2/intent4_qwen38_27b_30task_3seed_5r/repeat_2/shards/q38a/CEN_MAD/problems/ab000001/candidates/r1.png,55,59,67,70,59
TG01_I043,ab000001,2,MAD,5,results_b200_2/intent4_qwen38_27b_30task_3seed_5r/repeat_2/shards/q38a/MAD/problems/ab000001/candidates/r5.png,81,76,82,76,79
TG01_I044,ab000001,1,AXES,2,results_b200_2/intent4_qwen38_27b_30task_3seed_5r/repeat_1/shards/q38a/AXES/problems/ab000001/candidates/r2.png,27,29,38,39,30
TG01_I045,ab000001,1,MAD,5,results_b200_2/intent4_qwen38_27b_30task_3seed_5r/repeat_1/shards/q38a/MAD/problems/ab000001/candidates/r5.png,25,31,39,43,29
TG01_I046,ab000001,2,R0,0,results_b200_2/intent4_qwen38_27b_30task_3seed_5r/repeat_2/shards/q38a/SELF/problems/ab000001/candidates/r0.png,30,41,47,43,35
TG01_I047,ab000001,2,AXES,1,results_b200_2/intent4_qwen38_27b_30task_3seed_5r/repeat_2/shards/q38a/AXES/problems/ab000001/candidates/r1.png,53,57,64,68,56
TG01_I048,ab000001,2,MAD,3,results_b200_2/intent4_qwen38_27b_30task_3seed_5r/repeat_2/shards/q38a/MAD/problems/ab000001/candidates/r3.png,28,40,46,42,34
TG01_I049,ab000001,0,CEN_MAD,3,results_b200_2/intent4_qwen38_27b_30task_3seed_5r/repeat_0/shards/q38a/CEN_MAD/problems/ab000001/candidates/r3.png,72,63,78,82,70
TG01_I050,ab000001,2,CEN_MAD,4,results_b200_2/intent4_qwen38_27b_30task_3seed_5r/repeat_2/shards/q38a/CEN_MAD/problems/ab000001/candidates/r4.png,24,30,39,43,28
TG01_I051,ab000001,2,SELF,2,results_b200_2/intent4_qwen38_27b_30task_3seed_5r/repeat_2/shards/q38a/SELF/problems/ab000001/candidates/r2.png,19,28,33,28,23
TG01_I052,ab000001,0,FUSED,2,results_b200_2/intent4_qwen38_27b_30task_3seed_5r/repeat_0/shards/q38a/FUSED/problems/ab000001/candidates/r2.png,87,83,86,79,85
TG01_I053,ab000001,1,AXES,5,results_b200_2/intent4_qwen38_27b_30task_3seed_5r/repeat_1/shards/q38a/AXES/problems/ab000001/candidates/r5.png,49,52,61,65,53
TG01_I054,ab000001,1,CEN_MAD,5,results_b200_2/intent4_qwen38_27b_30task_3seed_5r/repeat_1/shards/q38a/CEN_MAD/problems/ab000001/candidates/r5.png,83,81,84,75,82
TG01_I055,ab000001,0,MAD,2,results_b200_2/intent4_qwen38_27b_30task_3seed_5r/repeat_0/shards/q38a/MAD/problems/ab000001/candidates/r2.png,69,59,77,83,67
TG01_I056,ab000001,1,MAD,3,results_b200_2/intent4_qwen38_27b_30task_3seed_5r/repeat_1/shards/q38a/MAD/problems/ab000001/candidates/r3.png,84,80,84,77,82
TG01_I057,ab000001,2,FUSED,2,results_b200_2/intent4_qwen38_27b_30task_3seed_5r/repeat_2/shards/q38a/FUSED/problems/ab000001/candidates/r2.png,29,40,47,43,34
TG01_I058,ab000001,2,SELF,1,results_b200_2/intent4_qwen38_27b_30task_3seed_5r/repeat_2/shards/q38a/SELF/problems/ab000001/candidates/r1.png,18,25,31,26,21
TG01_I059,ab000001,0,FUSED,5,results_b200_2/intent4_qwen38_27b_30task_3seed_5r/repeat_0/shards/q38a/FUSED/problems/ab000001/candidates/r5.png,23,29,37,40,27
TG01_I060,ab000001,2,MAD,4,results_b200_2/intent4_qwen38_27b_30task_3seed_5r/repeat_2/shards/q38a/MAD/problems/ab000001/candidates/r4.png,29,40,47,43,34
TG01_I061,ab000001,0,SELF,4,results_b200_2/intent4_qwen38_27b_30task_3seed_5r/repeat_0/shards/q38a/SELF/problems/ab000001/candidates/r4.png,88,84,87,80,86
TG01_I062,ab000001,0,AXES,1,results_b200_2/intent4_qwen38_27b_30task_3seed_5r/repeat_0/shards/q38a/AXES/problems/ab000001/candidates/r1.png,72,63,78,83,70
TG01_I063,ab000001,0,CEN_MAD,1,results_b200_2/intent4_qwen38_27b_30task_3seed_5r/repeat_0/shards/q38a/CEN_MAD/problems/ab000001/candidates/r1.png,76,67,81,83,74
TG01_I064,ab000001,1,FUSED,3,results_b200_2/intent4_qwen38_27b_30task_3seed_5r/repeat_1/shards/q38a/FUSED/problems/ab000001/candidates/r3.png,62,56,61,68,59
TG01_I065,ab000001,2,AXES,2,results_b200_2/intent4_qwen38_27b_30task_3seed_5r/repeat_2/shards/q38a/AXES/problems/ab000001/candidates/r2.png,18,25,31,26,21
TG01_I066,ab000001,1,FUSED,1,results_b200_2/intent4_qwen38_27b_30task_3seed_5r/repeat_1/shards/q38a/FUSED/problems/ab000001/candidates/r1.png,72,70,73,69,71
TG01_I067,ab000001,0,AXES,4,results_b200_2/intent4_qwen38_27b_30task_3seed_5r/repeat_0/shards/q38a/AXES/problems/ab000001/candidates/r4.png,73,64,79,83,71
TG01_I068,ab000001,1,SELF,1,results_b200_2/intent4_qwen38_27b_30task_3seed_5r/repeat_1/shards/q38a/SELF/problems/ab000001/candidates/r1.png,71,69,72,68,70
TG01_I069,ab000001,0,SELF,1,results_b200_2/intent4_qwen38_27b_30task_3seed_5r/repeat_0/shards/q38a/SELF/problems/ab000001/candidates/r1.png,87,83,86,79,85
TG01_I070,ab000001,2,AXES,3,results_b200_2/intent4_qwen38_27b_30task_3seed_5r/repeat_2/shards/q38a/AXES/problems/ab000001/candidates/r3.png,18,25,31,26,21
TG01_I071,ab000001,1,CEN_MAD,4,results_b200_2/intent4_qwen38_27b_30task_3seed_5r/repeat_1/shards/q38a/CEN_MAD/problems/ab000001/candidates/r4.png,82,80,83,74,80
TG01_I072,ab000001,1,FUSED,4,results_b200_2/intent4_qwen38_27b_30task_3seed_5r/repeat_1/shards/q38a/FUSED/problems/ab000001/candidates/r4.png,54,58,65,68,57
TG01_I073,ab000001,0,CEN_MAD,4,results_b200_2/intent4_qwen38_27b_30task_3seed_5r/repeat_0/shards/q38a/CEN_MAD/problems/ab000001/candidates/r4.png,75,66,80,84,73
TG01_I074,ab000001,0,SELF,2,results_b200_2/intent4_qwen38_27b_30task_3seed_5r/repeat_0/shards/q38a/SELF/problems/ab000001/candidates/r2.png,85,81,85,78,83
TG01_I075,ab000001,1,SELF,2,results_b200_2/intent4_qwen38_27b_30task_3seed_5r/repeat_1/shards/q38a/SELF/problems/ab000001/candidates/r2.png,51,55,63,66,55
TG01_I076,ab000001,1,MAD,4,results_b200_2/intent4_qwen38_27b_30task_3seed_5r/repeat_1/shards/q38a/MAD/problems/ab000001/candidates/r4.png,82,80,83,74,81
TG01_I077,ab000001,1,MAD,2,results_b200_2/intent4_qwen38_27b_30task_3seed_5r/repeat_1/shards/q38a/MAD/problems/ab000001/candidates/r2.png,83,81,84,73,81
TG01_I078,ab000001,0,MAD,3,results_b200_2/intent4_qwen38_27b_30task_3seed_5r/repeat_0/shards/q38a/MAD/problems/ab000001/candidates/r3.png,78,69,82,84,76
TG02_I001,ab000002,2,AXES,5,results_b200_2/intent4_qwen38_27b_30task_3seed_5r/repeat_2/shards/q38a/AXES/problems/ab000002/candidates/r5.png,89,87,88,86,87
TG02_I002,ab000002,1,FUSED,5,results_b200_2/intent4_qwen38_27b_30task_3seed_5r/repeat_1/shards/q38a/FUSED/problems/ab000002/candidates/r5.png,87,85,86,84,85
TG02_I003,ab000002,2,CEN_MAD,4,results_b200_2/intent4_qwen38_27b_30task_3seed_5r/repeat_2/shards/q38a/CEN_MAD/problems/ab000002/candidates/r4.png,34,43,58,54,40
TG02_I004,ab000002,0,CEN_MAD,2,results_b200_2/intent4_qwen38_27b_30task_3seed_5r/repeat_0/shards/q38a/CEN_MAD/problems/ab000002/candidates/r2.png,79,77,78,76,77
TG02_I005,ab000002,1,SELF,3,results_b200_2/intent4_qwen38_27b_30task_3seed_5r/repeat_1/shards/q38a/SELF/problems/ab000002/candidates/r3.png,90,88,89,87,88
TG02_I006,ab000002,2,FUSED,4,results_b200_2/intent4_qwen38_27b_30task_3seed_5r/repeat_2/shards/q38a/FUSED/problems/ab000002/candidates/r4.png,84,82,83,81,82
TG02_I007,ab000002,0,FUSED,2,results_b200_2/intent4_qwen38_27b_30task_3seed_5r/repeat_0/shards/q38a/FUSED/problems/ab000002/candidates/r2.png,86,84,85,83,84
TG02_I008,ab000002,0,AXES,4,results_b200_2/intent4_qwen38_27b_30task_3seed_5r/repeat_0/shards/q38a/AXES/problems/ab000002/candidates/r4.png,80,78,79,77,78
TG02_I009,ab000002,1,SELF,1,results_b200_2/intent4_qwen38_27b_30task_3seed_5r/repeat_1/shards/q38a/SELF/problems/ab000002/candidates/r1.png,82,80,81,79,80
TG02_I010,ab000002,2,CEN_MAD,2,results_b200_2/intent4_qwen38_27b_30task_3seed_5r/repeat_2/shards/q38a/CEN_MAD/problems/ab000002/candidates/r2.png,89,87,88,86,87
TG02_I011,ab000002,0,AXES,5,results_b200_2/intent4_qwen38_27b_30task_3seed_5r/repeat_0/shards/q38a/AXES/problems/ab000002/candidates/r5.png,87,85,86,84,85
TG02_I012,ab000002,1,CEN_MAD,3,results_b200_2/intent4_qwen38_27b_30task_3seed_5r/repeat_1/shards/q38a/CEN_MAD/problems/ab000002/candidates/r3.png,81,79,80,78,79
TG02_I013,ab000002,2,R0,0,results_b200_2/intent4_qwen38_27b_30task_3seed_5r/repeat_2/shards/q38a/SELF/problems/ab000002/candidates/r0.png,83,81,82,80,81
TG02_I014,ab000002,1,AXES,4,results_b200_2/intent4_qwen38_27b_30task_3seed_5r/repeat_1/shards/q38a/AXES/problems/ab000002/candidates/r4.png,90,88,89,87,88
TG02_I015,ab000002,2,FUSED,1,results_b200_2/intent4_qwen38_27b_30task_3seed_5r/repeat_2/shards/q38a/FUSED/problems/ab000002/candidates/r1.png,88,86,87,85,86
TG02_I016,ab000002,1,CEN_MAD,1,results_b200_2/intent4_qwen38_27b_30task_3seed_5r/repeat_1/shards/q38a/CEN_MAD/problems/ab000002/candidates/r1.png,86,84,85,83,84
TG02_I017,ab000002,1,FUSED,3,results_b200_2/intent4_qwen38_27b_30task_3seed_5r/repeat_1/shards/q38a/FUSED/problems/ab000002/candidates/r3.png,84,82,83,81,82
TG02_I018,ab000002,2,MAD,5,results_b200_2/intent4_qwen38_27b_30task_3seed_5r/repeat_2/shards/q38a/MAD/problems/ab000002/candidates/r5.png,82,80,81,79,80
TG02_I019,ab000002,1,AXES,1,results_b200_2/intent4_qwen38_27b_30task_3seed_5r/repeat_1/shards/q38a/AXES/problems/ab000002/candidates/r1.png,89,87,88,86,87
TG02_I020,ab000002,2,CEN_MAD,3,results_b200_2/intent4_qwen38_27b_30task_3seed_5r/repeat_2/shards/q38a/CEN_MAD/problems/ab000002/candidates/r3.png,87,85,86,84,85
TG02_I021,ab000002,1,SELF,5,results_b200_2/intent4_qwen38_27b_30task_3seed_5r/repeat_1/shards/q38a/SELF/problems/ab000002/candidates/r5.png,85,83,84,82,83
TG02_I022,ab000002,1,AXES,3,results_b200_2/intent4_qwen38_27b_30task_3seed_5r/repeat_1/shards/q38a/AXES/problems/ab000002/candidates/r3.png,83,81,82,80,81
TG02_I023,ab000002,2,SELF,1,results_b200_2/intent4_qwen38_27b_30task_3seed_5r/repeat_2/shards/q38a/SELF/problems/ab000002/candidates/r1.png,90,88,89,87,88
TG02_I024,ab000002,0,MAD,4,results_b200_2/intent4_qwen38_27b_30task_3seed_5r/repeat_0/shards/q38a/MAD/problems/ab000002/candidates/r4.png,84,82,83,81,82
TG02_I025,ab000002,1,MAD,4,results_b200_2/intent4_qwen38_27b_30task_3seed_5r/repeat_1/shards/q38a/MAD/problems/ab000002/candidates/r4.png,86,84,85,83,84
TG02_I026,ab000002,0,FUSED,3,results_b200_2/intent4_qwen38_27b_30task_3seed_5r/repeat_0/shards/q38a/FUSED/problems/ab000002/candidates/r3.png,80,78,79,77,78
TG02_I027,ab000002,2,MAD,3,results_b200_2/intent4_qwen38_27b_30task_3seed_5r/repeat_2/shards/q38a/MAD/problems/ab000002/candidates/r3.png,82,80,81,79,80
TG02_I028,ab000002,0,MAD,1,results_b200_2/intent4_qwen38_27b_30task_3seed_5r/repeat_0/shards/q38a/MAD/problems/ab000002/candidates/r1.png,89,87,88,86,87
TG02_I029,ab000002,0,CEN_MAD,3,results_b200_2/intent4_qwen38_27b_30task_3seed_5r/repeat_0/shards/q38a/CEN_MAD/problems/ab000002/candidates/r3.png,87,85,86,84,85
TG02_I030,ab000002,1,CEN_MAD,2,results_b200_2/intent4_qwen38_27b_30task_3seed_5r/repeat_1/shards/q38a/CEN_MAD/problems/ab000002/candidates/r2.png,85,83,84,82,83
TG02_I031,ab000002,0,SELF,1,results_b200_2/intent4_qwen38_27b_30task_3seed_5r/repeat_0/shards/q38a/SELF/problems/ab000002/candidates/r1.png,83,81,82,80,81
TG02_I032,ab000002,1,FUSED,1,results_b200_2/intent4_qwen38_27b_30task_3seed_5r/repeat_1/shards/q38a/FUSED/problems/ab000002/candidates/r1.png,90,88,89,87,88
TG02_I033,ab000002,2,AXES,4,results_b200_2/intent4_qwen38_27b_30task_3seed_5r/repeat_2/shards/q38a/AXES/problems/ab000002/candidates/r4.png,88,86,87,85,86
TG02_I034,ab000002,2,SELF,4,results_b200_2/intent4_qwen38_27b_30task_3seed_5r/repeat_2/shards/q38a/SELF/problems/ab000002/candidates/r4.png,86,84,85,83,84
TG02_I035,ab000002,1,MAD,1,results_b200_2/intent4_qwen38_27b_30task_3seed_5r/repeat_1/shards/q38a/MAD/problems/ab000002/candidates/r1.png,84,82,83,81,82
TG02_I036,ab000002,1,R0,0,results_b200_2/intent4_qwen38_27b_30task_3seed_5r/repeat_1/shards/q38a/SELF/problems/ab000002/candidates/r0.png,78,76,77,75,76
TG02_I037,ab000002,0,MAD,3,results_b200_2/intent4_qwen38_27b_30task_3seed_5r/repeat_0/shards/q38a/MAD/problems/ab000002/candidates/r3.png,89,87,88,86,87
TG02_I038,ab000002,1,FUSED,2,results_b200_2/intent4_qwen38_27b_30task_3seed_5r/repeat_1/shards/q38a/FUSED/problems/ab000002/candidates/r2.png,87,85,86,84,85
TG02_I039,ab000002,1,MAD,3,results_b200_2/intent4_qwen38_27b_30task_3seed_5r/repeat_1/shards/q38a/MAD/problems/ab000002/candidates/r3.png,85,83,84,82,83
TG02_I040,ab000002,2,AXES,3,results_b200_2/intent4_qwen38_27b_30task_3seed_5r/repeat_2/shards/q38a/AXES/problems/ab000002/candidates/r3.png,83,81,82,80,81
TG02_I041,ab000002,0,AXES,3,results_b200_2/intent4_qwen38_27b_30task_3seed_5r/repeat_0/shards/q38a/AXES/problems/ab000002/candidates/r3.png,90,88,89,87,88
TG02_I042,ab000002,1,AXES,5,results_b200_2/intent4_qwen38_27b_30task_3seed_5r/repeat_1/shards/q38a/AXES/problems/ab000002/candidates/r5.png,88,86,87,85,86
TG02_I043,ab000002,1,CEN_MAD,4,results_b200_2/intent4_qwen38_27b_30task_3seed_5r/repeat_1/shards/q38a/CEN_MAD/problems/ab000002/candidates/r4.png,86,84,85,83,84
TG02_I044,ab000002,2,SELF,3,results_b200_2/intent4_qwen38_27b_30task_3seed_5r/repeat_2/shards/q38a/SELF/problems/ab000002/candidates/r3.png,80,78,79,77,78
TG02_I045,ab000002,2,FUSED,5,results_b200_2/intent4_qwen38_27b_30task_3seed_5r/repeat_2/shards/q38a/FUSED/problems/ab000002/candidates/r5.png,82,80,81,79,80
TG02_I046,ab000002,0,SELF,4,results_b200_2/intent4_qwen38_27b_30task_3seed_5r/repeat_0/shards/q38a/SELF/problems/ab000002/candidates/r4.png,89,87,88,86,87
TG02_I047,ab000002,2,SELF,2,results_b200_2/intent4_qwen38_27b_30task_3seed_5r/repeat_2/shards/q38a/SELF/problems/ab000002/candidates/r2.png,87,85,86,84,85
TG02_I048,ab000002,0,FUSED,1,results_b200_2/intent4_qwen38_27b_30task_3seed_5r/repeat_0/shards/q38a/FUSED/problems/ab000002/candidates/r1.png,81,79,80,78,79
TG02_I049,ab000002,0,SELF,3,results_b200_2/intent4_qwen38_27b_30task_3seed_5r/repeat_0/shards/q38a/SELF/problems/ab000002/candidates/r3.png,83,81,82,80,81
TG02_I050,ab000002,0,FUSED,4,results_b200_2/intent4_qwen38_27b_30task_3seed_5r/repeat_0/shards/q38a/FUSED/problems/ab000002/candidates/r4.png,86,84,85,83,84
TG02_I051,ab000002,0,AXES,2,results_b200_2/intent4_qwen38_27b_30task_3seed_5r/repeat_0/shards/q38a/AXES/problems/ab000002/candidates/r2.png,88,86,87,85,86
TG02_I052,ab000002,0,CEN_MAD,1,results_b200_2/intent4_qwen38_27b_30task_3seed_5r/repeat_0/shards/q38a/CEN_MAD/problems/ab000002/candidates/r1.png,82,80,81,79,80
TG02_I053,ab000002,1,MAD,2,results_b200_2/intent4_qwen38_27b_30task_3seed_5r/repeat_1/shards/q38a/MAD/problems/ab000002/candidates/r2.png,84,82,83,81,82
TG02_I054,ab000002,2,FUSED,2,results_b200_2/intent4_qwen38_27b_30task_3seed_5r/repeat_2/shards/q38a/FUSED/problems/ab000002/candidates/r2.png,82,80,81,79,80
TG02_I055,ab000002,2,MAD,4,results_b200_2/intent4_qwen38_27b_30task_3seed_5r/repeat_2/shards/q38a/MAD/problems/ab000002/candidates/r4.png,89,87,88,86,87
TG02_I056,ab000002,0,MAD,2,results_b200_2/intent4_qwen38_27b_30task_3seed_5r/repeat_0/shards/q38a/MAD/problems/ab000002/candidates/r2.png,87,85,86,84,85
TG02_I057,ab000002,0,R0,0,results_b200_2/intent4_qwen38_27b_30task_3seed_5r/repeat_0/shards/q38a/SELF/problems/ab000002/candidates/r0.png,85,83,84,82,83
TG02_I058,ab000002,2,CEN_MAD,5,results_b200_2/intent4_qwen38_27b_30task_3seed_5r/repeat_2/shards/q38a/CEN_MAD/problems/ab000002/candidates/r5.png,32,41,56,52,38
TG02_I059,ab000002,2,SELF,5,results_b200_2/intent4_qwen38_27b_30task_3seed_5r/repeat_2/shards/q38a/SELF/problems/ab000002/candidates/r5.png,86,84,85,83,84
TG02_I060,ab000002,0,CEN_MAD,4,results_b200_2/intent4_qwen38_27b_30task_3seed_5r/repeat_0/shards/q38a/CEN_MAD/problems/ab000002/candidates/r4.png,88,86,87,85,86
TG02_I061,ab000002,1,MAD,5,results_b200_2/intent4_qwen38_27b_30task_3seed_5r/repeat_1/shards/q38a/MAD/problems/ab000002/candidates/r5.png,86,84,85,83,84
TG02_I062,ab000002,2,CEN_MAD,1,results_b200_2/intent4_qwen38_27b_30task_3seed_5r/repeat_2/shards/q38a/CEN_MAD/problems/ab000002/candidates/r1.png,84,82,83,81,82
TG02_I063,ab000002,0,SELF,2,results_b200_2/intent4_qwen38_27b_30task_3seed_5r/repeat_0/shards/q38a/SELF/problems/ab000002/candidates/r2.png,78,76,77,75,76
TG02_I064,ab000002,2,MAD,2,results_b200_2/intent4_qwen38_27b_30task_3seed_5r/repeat_2/shards/q38a/MAD/problems/ab000002/candidates/r2.png,89,87,88,86,87
TG02_I065,ab000002,0,CEN_MAD,5,results_b200_2/intent4_qwen38_27b_30task_3seed_5r/repeat_0/shards/q38a/CEN_MAD/problems/ab000002/candidates/r5.png,87,85,86,84,85
TG02_I066,ab000002,1,AXES,2,results_b200_2/intent4_qwen38_27b_30task_3seed_5r/repeat_1/shards/q38a/AXES/problems/ab000002/candidates/r2.png,85,83,84,82,83
TG02_I067,ab000002,1,SELF,4,results_b200_2/intent4_qwen38_27b_30task_3seed_5r/repeat_1/shards/q38a/SELF/problems/ab000002/candidates/r4.png,83,81,82,80,81
TG02_I068,ab000002,0,SELF,5,results_b200_2/intent4_qwen38_27b_30task_3seed_5r/repeat_0/shards/q38a/SELF/problems/ab000002/candidates/r5.png,90,88,89,87,88
TG02_I069,ab000002,2,FUSED,3,results_b200_2/intent4_qwen38_27b_30task_3seed_5r/repeat_2/shards/q38a/FUSED/problems/ab000002/candidates/r3.png,88,86,87,85,86
TG02_I070,ab000002,1,CEN_MAD,5,results_b200_2/intent4_qwen38_27b_30task_3seed_5r/repeat_1/shards/q38a/CEN_MAD/problems/ab000002/candidates/r5.png,86,84,85,83,84
TG02_I071,ab000002,1,SELF,2,results_b200_2/intent4_qwen38_27b_30task_3seed_5r/repeat_1/shards/q38a/SELF/problems/ab000002/candidates/r2.png,84,82,83,81,82
TG02_I072,ab000002,0,MAD,5,results_b200_2/intent4_qwen38_27b_30task_3seed_5r/repeat_0/shards/q38a/MAD/problems/ab000002/candidates/r5.png,82,80,81,79,80
TG02_I073,ab000002,1,FUSED,4,results_b200_2/intent4_qwen38_27b_30task_3seed_5r/repeat_1/shards/q38a/FUSED/problems/ab000002/candidates/r4.png,89,87,88,86,87
TG02_I074,ab000002,0,FUSED,5,results_b200_2/intent4_qwen38_27b_30task_3seed_5r/repeat_0/shards/q38a/FUSED/problems/ab000002/candidates/r5.png,83,81,82,80,81
TG02_I075,ab000002,2,AXES,1,results_b200_2/intent4_qwen38_27b_30task_3seed_5r/repeat_2/shards/q38a/AXES/problems/ab000002/candidates/r1.png,85,83,84,82,83
TG02_I076,ab000002,2,AXES,2,results_b200_2/intent4_qwen38_27b_30task_3seed_5r/repeat_2/shards/q38a/AXES/problems/ab000002/candidates/r2.png,83,81,82,80,81
TG02_I077,ab000002,2,MAD,1,results_b200_2/intent4_qwen38_27b_30task_3seed_5r/repeat_2/shards/q38a/MAD/problems/ab000002/candidates/r1.png,90,88,89,87,88
TG02_I078,ab000002,0,AXES,1,results_b200_2/intent4_qwen38_27b_30task_3seed_5r/repeat_0/shards/q38a/AXES/problems/ab000002/candidates/r1.png,84,82,83,81,82
TG03_I001,ab000003,0,SELF,5,results_b200_2/intent4_qwen38_27b_30task_3seed_5r/repeat_0/shards/q38a/SELF/problems/ab000003/candidates/r5.png,87,87,85,86,87
TG03_I002,ab000003,0,MAD,3,results_b200_2/intent4_qwen38_27b_30task_3seed_5r/repeat_0/shards/q38a/MAD/problems/ab000003/candidates/r3.png,60,52,53,58,55
TG03_I003,ab000003,1,CEN_MAD,5,results_b200_2/intent4_qwen38_27b_30task_3seed_5r/repeat_1/shards/q38a/CEN_MAD/problems/ab000003/candidates/r5.png,58,52,49,62,53
TG03_I004,ab000003,1,FUSED,4,results_b200_2/intent4_qwen38_27b_30task_3seed_5r/repeat_1/shards/q38a/FUSED/problems/ab000003/candidates/r4.png,66,65,67,69,66
TG03_I005,ab000003,2,FUSED,5,results_b200_2/intent4_qwen38_27b_30task_3seed_5r/repeat_2/shards/q38a/FUSED/problems/ab000003/candidates/r5.png,83,83,81,82,83
TG03_I006,ab000003,1,SELF,1,results_b200_2/intent4_qwen38_27b_30task_3seed_5r/repeat_1/shards/q38a/SELF/problems/ab000003/candidates/r1.png,82,81,80,81,82
TG03_I007,ab000003,1,AXES,3,results_b200_2/intent4_qwen38_27b_30task_3seed_5r/repeat_1/shards/q38a/AXES/problems/ab000003/candidates/r3.png,81,81,79,80,81
TG03_I008,ab000003,2,MAD,5,results_b200_2/intent4_qwen38_27b_30task_3seed_5r/repeat_2/shards/q38a/MAD/problems/ab000003/candidates/r5.png,24,29,36,45,28
TG03_I009,ab000003,1,AXES,5,results_b200_2/intent4_qwen38_27b_30task_3seed_5r/repeat_1/shards/q38a/AXES/problems/ab000003/candidates/r5.png,63,62,64,66,63
TG03_I010,ab000003,0,SELF,2,results_b200_2/intent4_qwen38_27b_30task_3seed_5r/repeat_0/shards/q38a/SELF/problems/ab000003/candidates/r2.png,56,48,49,54,51
TG03_I011,ab000003,0,FUSED,3,results_b200_2/intent4_qwen38_27b_30task_3seed_5r/repeat_0/shards/q38a/FUSED/problems/ab000003/candidates/r3.png,59,51,52,57,54
TG03_I012,ab000003,2,MAD,1,results_b200_2/intent4_qwen38_27b_30task_3seed_5r/repeat_2/shards/q38a/MAD/problems/ab000003/candidates/r1.png,84,83,82,83,84
TG03_I013,ab000003,2,FUSED,1,results_b200_2/intent4_qwen38_27b_30task_3seed_5r/repeat_2/shards/q38a/FUSED/problems/ab000003/candidates/r1.png,83,83,81,82,83
TG03_I014,ab000003,2,AXES,2,results_b200_2/intent4_qwen38_27b_30task_3seed_5r/repeat_2/shards/q38a/AXES/problems/ab000003/candidates/r2.png,82,81,80,81,82
TG03_I015,ab000003,2,AXES,4,results_b200_2/intent4_qwen38_27b_30task_3seed_5r/repeat_2/shards/q38a/AXES/problems/ab000003/candidates/r4.png,81,81,79,80,81
TG03_I016,ab000003,1,FUSED,3,results_b200_2/intent4_qwen38_27b_30task_3seed_5r/repeat_1/shards/q38a/FUSED/problems/ab000003/candidates/r3.png,80,79,78,79,80
TG03_I017,ab000003,1,SELF,2,results_b200_2/intent4_qwen38_27b_30task_3seed_5r/repeat_1/shards/q38a/SELF/problems/ab000003/candidates/r2.png,87,87,85,86,87
TG03_I018,ab000003,1,CEN_MAD,3,results_b200_2/intent4_qwen38_27b_30task_3seed_5r/repeat_1/shards/q38a/CEN_MAD/problems/ab000003/candidates/r3.png,86,85,84,85,86
TG03_I019,ab000003,1,SELF,4,results_b200_2/intent4_qwen38_27b_30task_3seed_5r/repeat_1/shards/q38a/SELF/problems/ab000003/candidates/r4.png,85,85,83,84,85
TG03_I020,ab000003,1,SELF,5,results_b200_2/intent4_qwen38_27b_30task_3seed_5r/repeat_1/shards/q38a/SELF/problems/ab000003/candidates/r5.png,84,83,82,83,84
TG03_I021,ab000003,1,CEN_MAD,4,results_b200_2/intent4_qwen38_27b_30task_3seed_5r/repeat_1/shards/q38a/CEN_MAD/problems/ab000003/candidates/r4.png,60,59,61,63,60
TG03_I022,ab000003,1,AXES,1,results_b200_2/intent4_qwen38_27b_30task_3seed_5r/repeat_1/shards/q38a/AXES/problems/ab000003/candidates/r1.png,65,64,66,68,65
TG03_I023,ab000003,0,AXES,1,results_b200_2/intent4_qwen38_27b_30task_3seed_5r/repeat_0/shards/q38a/AXES/problems/ab000003/candidates/r1.png,60,52,53,58,55
TG03_I024,ab000003,0,MAD,1,results_b200_2/intent4_qwen38_27b_30task_3seed_5r/repeat_0/shards/q38a/MAD/problems/ab000003/candidates/r1.png,80,79,78,79,80
TG03_I025,ab000003,2,MAD,2,results_b200_2/intent4_qwen38_27b_30task_3seed_5r/repeat_2/shards/q38a/MAD/problems/ab000003/candidates/r2.png,87,87,85,86,87
TG03_I026,ab000003,2,CEN_MAD,5,results_b200_2/intent4_qwen38_27b_30task_3seed_5r/repeat_2/shards/q38a/CEN_MAD/problems/ab000003/candidates/r5.png,86,85,84,85,86
TG03_I027,ab000003,2,CEN_MAD,3,results_b200_2/intent4_qwen38_27b_30task_3seed_5r/repeat_2/shards/q38a/CEN_MAD/problems/ab000003/candidates/r3.png,85,85,83,84,85
TG03_I028,ab000003,1,FUSED,1,results_b200_2/intent4_qwen38_27b_30task_3seed_5r/repeat_1/shards/q38a/FUSED/problems/ab000003/candidates/r1.png,60,59,61,63,60
TG03_I029,ab000003,2,FUSED,4,results_b200_2/intent4_qwen38_27b_30task_3seed_5r/repeat_2/shards/q38a/FUSED/problems/ab000003/candidates/r4.png,83,83,81,82,83
TG03_I030,ab000003,2,CEN_MAD,4,results_b200_2/intent4_qwen38_27b_30task_3seed_5r/repeat_2/shards/q38a/CEN_MAD/problems/ab000003/candidates/r4.png,82,81,80,81,82
TG03_I031,ab000003,2,MAD,3,results_b200_2/intent4_qwen38_27b_30task_3seed_5r/repeat_2/shards/q38a/MAD/problems/ab000003/candidates/r3.png,81,81,79,80,81
TG03_I032,ab000003,1,R0,0,results_b200_2/intent4_qwen38_27b_30task_3seed_5r/repeat_1/shards/q38a/SELF/problems/ab000003/candidates/r0.png,66,65,67,69,66
TG03_I033,ab000003,1,SELF,3,results_b200_2/intent4_qwen38_27b_30task_3seed_5r/repeat_1/shards/q38a/SELF/problems/ab000003/candidates/r3.png,64,63,65,67,64
TG03_I034,ab000003,0,AXES,3,results_b200_2/intent4_qwen38_27b_30task_3seed_5r/repeat_0/shards/q38a/AXES/problems/ab000003/candidates/r3.png,58,50,51,56,53
TG03_I035,ab000003,0,SELF,3,results_b200_2/intent4_qwen38_27b_30task_3seed_5r/repeat_0/shards/q38a/SELF/problems/ab000003/candidates/r3.png,85,85,83,84,85
TG03_I036,ab000003,0,AXES,2,results_b200_2/intent4_qwen38_27b_30task_3seed_5r/repeat_0/shards/q38a/AXES/problems/ab000003/candidates/r2.png,57,49,50,55,52
TG03_I037,ab000003,1,FUSED,2,results_b200_2/intent4_qwen38_27b_30task_3seed_5r/repeat_1/shards/q38a/FUSED/problems/ab000003/candidates/r2.png,63,62,64,66,63
TG03_I038,ab000003,2,SELF,1,results_b200_2/intent4_qwen38_27b_30task_3seed_5r/repeat_2/shards/q38a/SELF/problems/ab000003/candidates/r1.png,82,81,80,81,82
TG03_I039,ab000003,2,AXES,3,results_b200_2/intent4_qwen38_27b_30task_3seed_5r/repeat_2/shards/q38a/AXES/problems/ab000003/candidates/r3.png,81,81,79,80,81
TG03_I040,ab000003,0,CEN_MAD,4,results_b200_2/intent4_qwen38_27b_30task_3seed_5r/repeat_0/shards/q38a/CEN_MAD/problems/ab000003/candidates/r4.png,55,47,48,53,50
TG03_I041,ab000003,1,AXES,4,results_b200_2/intent4_qwen38_27b_30task_3seed_5r/repeat_1/shards/q38a/AXES/problems/ab000003/candidates/r4.png,62,61,63,65,62
TG03_I042,ab000003,1,MAD,5,results_b200_2/intent4_qwen38_27b_30task_3seed_5r/repeat_1/shards/q38a/MAD/problems/ab000003/candidates/r5.png,60,59,61,63,60
TG03_I043,ab000003,0,FUSED,2,results_b200_2/intent4_qwen38_27b_30task_3seed_5r/repeat_0/shards/q38a/FUSED/problems/ab000003/candidates/r2.png,57,49,50,55,52
TG03_I044,ab000003,2,CEN_MAD,1,results_b200_2/intent4_qwen38_27b_30task_3seed_5r/repeat_2/shards/q38a/CEN_MAD/problems/ab000003/candidates/r1.png,84,83,82,83,84
TG03_I045,ab000003,0,FUSED,1,results_b200_2/intent4_qwen38_27b_30task_3seed_5r/repeat_0/shards/q38a/FUSED/problems/ab000003/candidates/r1.png,56,48,49,54,51
TG03_I046,ab000003,1,MAD,3,results_b200_2/intent4_qwen38_27b_30task_3seed_5r/repeat_1/shards/q38a/MAD/problems/ab000003/candidates/r3.png,66,65,67,69,66
TG03_I047,ab000003,2,R0,0,results_b200_2/intent4_qwen38_27b_30task_3seed_5r/repeat_2/shards/q38a/SELF/problems/ab000003/candidates/r0.png,64,63,65,67,64
TG03_I048,ab000003,0,SELF,1,results_b200_2/intent4_qwen38_27b_30task_3seed_5r/repeat_0/shards/q38a/SELF/problems/ab000003/candidates/r1.png,58,50,51,56,53
TG03_I049,ab000003,0,MAD,5,results_b200_2/intent4_qwen38_27b_30task_3seed_5r/repeat_0/shards/q38a/MAD/problems/ab000003/candidates/r5.png,20,25,34,39,24
TG03_I050,ab000003,0,CEN_MAD,5,results_b200_2/intent4_qwen38_27b_30task_3seed_5r/repeat_0/shards/q38a/CEN_MAD/problems/ab000003/candidates/r5.png,57,49,50,55,52
TG03_I051,ab000003,0,CEN_MAD,3,results_b200_2/intent4_qwen38_27b_30task_3seed_5r/repeat_0/shards/q38a/CEN_MAD/problems/ab000003/candidates/r3.png,60,52,53,58,55
TG03_I052,ab000003,1,MAD,1,results_b200_2/intent4_qwen38_27b_30task_3seed_5r/repeat_1/shards/q38a/MAD/problems/ab000003/candidates/r1.png,61,60,62,64,61
TG03_I053,ab000003,0,SELF,4,results_b200_2/intent4_qwen38_27b_30task_3seed_5r/repeat_0/shards/q38a/SELF/problems/ab000003/candidates/r4.png,38,35,46,55,39
TG03_I054,ab000003,0,MAD,2,results_b200_2/intent4_qwen38_27b_30task_3seed_5r/repeat_0/shards/q38a/MAD/problems/ab000003/candidates/r2.png,82,81,80,81,82
TG03_I055,ab000003,0,CEN_MAD,1,results_b200_2/intent4_qwen38_27b_30task_3seed_5r/repeat_0/shards/q38a/CEN_MAD/problems/ab000003/candidates/r1.png,58,50,51,56,53
TG03_I056,ab000003,2,FUSED,3,results_b200_2/intent4_qwen38_27b_30task_3seed_5r/repeat_2/shards/q38a/FUSED/problems/ab000003/candidates/r3.png,80,79,78,79,80
TG03_I057,ab000003,0,R0,0,results_b200_2/intent4_qwen38_27b_30task_3seed_5r/repeat_0/shards/q38a/SELF/problems/ab000003/candidates/r0.png,57,49,50,55,52
TG03_I058,ab000003,0,AXES,4,results_b200_2/intent4_qwen38_27b_30task_3seed_5r/repeat_0/shards/q38a/AXES/problems/ab000003/candidates/r4.png,60,52,53,58,55
TG03_I059,ab000003,1,FUSED,5,results_b200_2/intent4_qwen38_27b_30task_3seed_5r/repeat_1/shards/q38a/FUSED/problems/ab000003/candidates/r5.png,61,60,62,64,61
TG03_I060,ab000003,0,AXES,5,results_b200_2/intent4_qwen38_27b_30task_3seed_5r/repeat_0/shards/q38a/AXES/problems/ab000003/candidates/r5.png,84,83,82,83,84
TG03_I061,ab000003,2,FUSED,2,results_b200_2/intent4_qwen38_27b_30task_3seed_5r/repeat_2/shards/q38a/FUSED/problems/ab000003/candidates/r2.png,83,83,81,82,83
TG03_I062,ab000003,2,SELF,3,results_b200_2/intent4_qwen38_27b_30task_3seed_5r/repeat_2/shards/q38a/SELF/problems/ab000003/candidates/r3.png,82,81,80,81,82
TG03_I063,ab000003,2,SELF,5,results_b200_2/intent4_qwen38_27b_30task_3seed_5r/repeat_2/shards/q38a/SELF/problems/ab000003/candidates/r5.png,81,81,79,80,81
TG03_I064,ab000003,1,MAD,4,results_b200_2/intent4_qwen38_27b_30task_3seed_5r/repeat_1/shards/q38a/MAD/problems/ab000003/candidates/r4.png,65,64,66,68,65
TG03_I065,ab000003,0,FUSED,4,results_b200_2/intent4_qwen38_27b_30task_3seed_5r/repeat_0/shards/q38a/FUSED/problems/ab000003/candidates/r4.png,60,52,53,58,55
TG03_I066,ab000003,0,MAD,4,results_b200_2/intent4_qwen38_27b_30task_3seed_5r/repeat_0/shards/q38a/MAD/problems/ab000003/candidates/r4.png,86,85,84,85,86
TG03_I067,ab000003,1,CEN_MAD,2,results_b200_2/intent4_qwen38_27b_30task_3seed_5r/repeat_1/shards/q38a/CEN_MAD/problems/ab000003/candidates/r2.png,66,65,67,69,66
TG03_I068,ab000003,1,CEN_MAD,1,results_b200_2/intent4_qwen38_27b_30task_3seed_5r/repeat_1/shards/q38a/CEN_MAD/problems/ab000003/candidates/r1.png,64,63,65,67,64
TG03_I069,ab000003,2,CEN_MAD,2,results_b200_2/intent4_qwen38_27b_30task_3seed_5r/repeat_2/shards/q38a/CEN_MAD/problems/ab000003/candidates/r2.png,83,83,81,82,83
TG03_I070,ab000003,1,MAD,2,results_b200_2/intent4_qwen38_27b_30task_3seed_5r/repeat_1/shards/q38a/MAD/problems/ab000003/candidates/r2.png,60,59,61,63,60
TG03_I071,ab000003,0,FUSED,5,results_b200_2/intent4_qwen38_27b_30task_3seed_5r/repeat_0/shards/q38a/FUSED/problems/ab000003/candidates/r5.png,57,49,50,55,52
TG03_I072,ab000003,2,MAD,4,results_b200_2/intent4_qwen38_27b_30task_3seed_5r/repeat_2/shards/q38a/MAD/problems/ab000003/candidates/r4.png,80,79,78,79,80
TG03_I073,ab000003,2,AXES,1,results_b200_2/intent4_qwen38_27b_30task_3seed_5r/repeat_2/shards/q38a/AXES/problems/ab000003/candidates/r1.png,87,87,85,86,87
TG03_I074,ab000003,1,AXES,2,results_b200_2/intent4_qwen38_27b_30task_3seed_5r/repeat_1/shards/q38a/AXES/problems/ab000003/candidates/r2.png,66,65,67,69,66
TG03_I075,ab000003,2,AXES,5,results_b200_2/intent4_qwen38_27b_30task_3seed_5r/repeat_2/shards/q38a/AXES/problems/ab000003/candidates/r5.png,85,85,83,84,85
TG03_I076,ab000003,2,SELF,4,results_b200_2/intent4_qwen38_27b_30task_3seed_5r/repeat_2/shards/q38a/SELF/problems/ab000003/candidates/r4.png,84,83,82,83,84
TG03_I077,ab000003,2,SELF,2,results_b200_2/intent4_qwen38_27b_30task_3seed_5r/repeat_2/shards/q38a/SELF/problems/ab000003/candidates/r2.png,83,83,81,82,83
TG03_I078,ab000003,0,CEN_MAD,2,results_b200_2/intent4_qwen38_27b_30task_3seed_5r/repeat_0/shards/q38a/CEN_MAD/problems/ab000003/candidates/r2.png,57,49,50,55,52
TG04_I001,ab000004,0,MAD,3,results_b200_2/intent4_qwen38_27b_30task_3seed_5r/repeat_0/shards/q38a/MAD/problems/ab000004/candidates/r3.png,82,82,80,81,82
TG04_I002,ab000004,1,SELF,3,results_b200_2/intent4_qwen38_27b_30task_3seed_5r/repeat_1/shards/q38a/SELF/problems/ab000004/candidates/r3.png,82,81,80,81,82
TG04_I003,ab000004,0,AXES,2,results_b200_2/intent4_qwen38_27b_30task_3seed_5r/repeat_0/shards/q38a/AXES/problems/ab000004/candidates/r2.png,82,82,80,81,82
TG04_I004,ab000004,2,CEN_MAD,4,results_b200_2/intent4_qwen38_27b_30task_3seed_5r/repeat_2/shards/q38a/CEN_MAD/problems/ab000004/candidates/r4.png,82,81,80,81,82
TG04_I005,ab000004,1,CEN_MAD,4,results_b200_2/intent4_qwen38_27b_30task_3seed_5r/repeat_1/shards/q38a/CEN_MAD/problems/ab000004/candidates/r4.png,82,82,80,81,82
TG04_I006,ab000004,0,MAD,2,results_b200_2/intent4_qwen38_27b_30task_3seed_5r/repeat_0/shards/q38a/MAD/problems/ab000004/candidates/r2.png,82,81,80,81,82
TG04_I007,ab000004,1,FUSED,1,results_b200_2/intent4_qwen38_27b_30task_3seed_5r/repeat_1/shards/q38a/FUSED/problems/ab000004/candidates/r1.png,82,82,80,81,82
TG04_I008,ab000004,0,CEN_MAD,3,results_b200_2/intent4_qwen38_27b_30task_3seed_5r/repeat_0/shards/q38a/CEN_MAD/problems/ab000004/candidates/r3.png,82,81,80,81,82
TG04_I009,ab000004,1,MAD,5,results_b200_2/intent4_qwen38_27b_30task_3seed_5r/repeat_1/shards/q38a/MAD/problems/ab000004/candidates/r5.png,82,82,80,81,82
TG04_I010,ab000004,2,MAD,5,results_b200_2/intent4_qwen38_27b_30task_3seed_5r/repeat_2/shards/q38a/MAD/problems/ab000004/candidates/r5.png,82,81,80,81,82
TG04_I011,ab000004,1,CEN_MAD,3,results_b200_2/intent4_qwen38_27b_30task_3seed_5r/repeat_1/shards/q38a/CEN_MAD/problems/ab000004/candidates/r3.png,82,82,80,81,82
TG04_I012,ab000004,1,FUSED,5,results_b200_2/intent4_qwen38_27b_30task_3seed_5r/repeat_1/shards/q38a/FUSED/problems/ab000004/candidates/r5.png,82,81,80,81,82
TG04_I013,ab000004,2,R0,0,results_b200_2/intent4_qwen38_27b_30task_3seed_5r/repeat_2/shards/q38a/SELF/problems/ab000004/candidates/r0.png,82,82,80,81,82
TG04_I014,ab000004,2,SELF,5,results_b200_2/intent4_qwen38_27b_30task_3seed_5r/repeat_2/shards/q38a/SELF/problems/ab000004/candidates/r5.png,82,81,80,81,82
TG04_I015,ab000004,2,AXES,5,results_b200_2/intent4_qwen38_27b_30task_3seed_5r/repeat_2/shards/q38a/AXES/problems/ab000004/candidates/r5.png,82,82,80,81,82
TG04_I016,ab000004,2,FUSED,1,results_b200_2/intent4_qwen38_27b_30task_3seed_5r/repeat_2/shards/q38a/FUSED/problems/ab000004/candidates/r1.png,82,81,80,81,82
TG04_I017,ab000004,0,FUSED,1,results_b200_2/intent4_qwen38_27b_30task_3seed_5r/repeat_0/shards/q38a/FUSED/problems/ab000004/candidates/r1.png,82,82,80,81,82
TG04_I018,ab000004,0,FUSED,2,results_b200_2/intent4_qwen38_27b_30task_3seed_5r/repeat_0/shards/q38a/FUSED/problems/ab000004/candidates/r2.png,82,81,80,81,82
TG04_I019,ab000004,2,FUSED,2,results_b200_2/intent4_qwen38_27b_30task_3seed_5r/repeat_2/shards/q38a/FUSED/problems/ab000004/candidates/r2.png,82,82,80,81,82
TG04_I020,ab000004,0,SELF,4,results_b200_2/intent4_qwen38_27b_30task_3seed_5r/repeat_0/shards/q38a/SELF/problems/ab000004/candidates/r4.png,82,81,80,81,82
TG04_I021,ab000004,0,CEN_MAD,5,results_b200_2/intent4_qwen38_27b_30task_3seed_5r/repeat_0/shards/q38a/CEN_MAD/problems/ab000004/candidates/r5.png,71,71,69,70,71
TG04_I022,ab000004,1,CEN_MAD,5,results_b200_2/intent4_qwen38_27b_30task_3seed_5r/repeat_1/shards/q38a/CEN_MAD/problems/ab000004/candidates/r5.png,82,81,80,81,82
TG04_I023,ab000004,0,AXES,1,results_b200_2/intent4_qwen38_27b_30task_3seed_5r/repeat_0/shards/q38a/AXES/problems/ab000004/candidates/r1.png,82,82,80,81,82
TG04_I024,ab000004,1,AXES,4,results_b200_2/intent4_qwen38_27b_30task_3seed_5r/repeat_1/shards/q38a/AXES/problems/ab000004/candidates/r4.png,82,81,80,81,82
TG04_I025,ab000004,1,FUSED,2,results_b200_2/intent4_qwen38_27b_30task_3seed_5r/repeat_1/shards/q38a/FUSED/problems/ab000004/candidates/r2.png,82,82,80,81,82
TG04_I026,ab000004,1,AXES,2,results_b200_2/intent4_qwen38_27b_30task_3seed_5r/repeat_1/shards/q38a/AXES/problems/ab000004/candidates/r2.png,82,81,80,81,82
TG04_I027,ab000004,2,CEN_MAD,5,results_b200_2/intent4_qwen38_27b_30task_3seed_5r/repeat_2/shards/q38a/CEN_MAD/problems/ab000004/candidates/r5.png,82,82,80,81,82
TG04_I028,ab000004,2,CEN_MAD,3,results_b200_2/intent4_qwen38_27b_30task_3seed_5r/repeat_2/shards/q38a/CEN_MAD/problems/ab000004/candidates/r3.png,82,81,80,81,82
TG04_I029,ab000004,1,SELF,4,results_b200_2/intent4_qwen38_27b_30task_3seed_5r/repeat_1/shards/q38a/SELF/problems/ab000004/candidates/r4.png,82,82,80,81,82
TG04_I030,ab000004,2,MAD,1,results_b200_2/intent4_qwen38_27b_30task_3seed_5r/repeat_2/shards/q38a/MAD/problems/ab000004/candidates/r1.png,82,81,80,81,82
TG04_I031,ab000004,0,SELF,3,results_b200_2/intent4_qwen38_27b_30task_3seed_5r/repeat_0/shards/q38a/SELF/problems/ab000004/candidates/r3.png,82,82,80,81,82
TG04_I032,ab000004,2,CEN_MAD,1,results_b200_2/intent4_qwen38_27b_30task_3seed_5r/repeat_2/shards/q38a/CEN_MAD/problems/ab000004/candidates/r1.png,82,81,80,81,82
TG04_I033,ab000004,1,SELF,2,results_b200_2/intent4_qwen38_27b_30task_3seed_5r/repeat_1/shards/q38a/SELF/problems/ab000004/candidates/r2.png,82,82,80,81,82
TG04_I034,ab000004,1,MAD,3,results_b200_2/intent4_qwen38_27b_30task_3seed_5r/repeat_1/shards/q38a/MAD/problems/ab000004/candidates/r3.png,82,81,80,81,82
TG04_I035,ab000004,0,FUSED,5,results_b200_2/intent4_qwen38_27b_30task_3seed_5r/repeat_0/shards/q38a/FUSED/problems/ab000004/candidates/r5.png,82,82,80,81,82
TG04_I036,ab000004,1,SELF,1,results_b200_2/intent4_qwen38_27b_30task_3seed_5r/repeat_1/shards/q38a/SELF/problems/ab000004/candidates/r1.png,82,81,80,81,82
TG04_I037,ab000004,2,MAD,4,results_b200_2/intent4_qwen38_27b_30task_3seed_5r/repeat_2/shards/q38a/MAD/problems/ab000004/candidates/r4.png,72,72,70,71,72
TG04_I038,ab000004,0,CEN_MAD,2,results_b200_2/intent4_qwen38_27b_30task_3seed_5r/repeat_0/shards/q38a/CEN_MAD/problems/ab000004/candidates/r2.png,82,81,80,81,82
TG04_I039,ab000004,0,R0,0,results_b200_2/intent4_qwen38_27b_30task_3seed_5r/repeat_0/shards/q38a/SELF/problems/ab000004/candidates/r0.png,82,82,80,81,82
TG04_I040,ab000004,0,AXES,3,results_b200_2/intent4_qwen38_27b_30task_3seed_5r/repeat_0/shards/q38a/AXES/problems/ab000004/candidates/r3.png,82,81,80,81,82
TG04_I041,ab000004,1,AXES,1,results_b200_2/intent4_qwen38_27b_30task_3seed_5r/repeat_1/shards/q38a/AXES/problems/ab000004/candidates/r1.png,82,82,80,81,82
TG04_I042,ab000004,1,MAD,4,results_b200_2/intent4_qwen38_27b_30task_3seed_5r/repeat_1/shards/q38a/MAD/problems/ab000004/candidates/r4.png,82,81,80,81,82
TG04_I043,ab000004,2,AXES,4,results_b200_2/intent4_qwen38_27b_30task_3seed_5r/repeat_2/shards/q38a/AXES/problems/ab000004/candidates/r4.png,82,82,80,81,82
TG04_I044,ab000004,1,AXES,3,results_b200_2/intent4_qwen38_27b_30task_3seed_5r/repeat_1/shards/q38a/AXES/problems/ab000004/candidates/r3.png,82,81,80,81,82
TG04_I045,ab000004,0,SELF,1,results_b200_2/intent4_qwen38_27b_30task_3seed_5r/repeat_0/shards/q38a/SELF/problems/ab000004/candidates/r1.png,82,82,80,81,82
TG04_I046,ab000004,2,AXES,2,results_b200_2/intent4_qwen38_27b_30task_3seed_5r/repeat_2/shards/q38a/AXES/problems/ab000004/candidates/r2.png,82,81,80,81,82
TG04_I047,ab000004,2,MAD,3,results_b200_2/intent4_qwen38_27b_30task_3seed_5r/repeat_2/shards/q38a/MAD/problems/ab000004/candidates/r3.png,82,82,80,81,82
TG04_I048,ab000004,1,FUSED,3,results_b200_2/intent4_qwen38_27b_30task_3seed_5r/repeat_1/shards/q38a/FUSED/problems/ab000004/candidates/r3.png,82,81,80,81,82
TG04_I049,ab000004,2,SELF,4,results_b200_2/intent4_qwen38_27b_30task_3seed_5r/repeat_2/shards/q38a/SELF/problems/ab000004/candidates/r4.png,74,74,72,73,74
TG04_I050,ab000004,1,R0,0,results_b200_2/intent4_qwen38_27b_30task_3seed_5r/repeat_1/shards/q38a/SELF/problems/ab000004/candidates/r0.png,82,81,80,81,82
TG04_I051,ab000004,1,CEN_MAD,1,results_b200_2/intent4_qwen38_27b_30task_3seed_5r/repeat_1/shards/q38a/CEN_MAD/problems/ab000004/candidates/r1.png,82,82,80,81,82
TG04_I052,ab000004,2,AXES,1,results_b200_2/intent4_qwen38_27b_30task_3seed_5r/repeat_2/shards/q38a/AXES/problems/ab000004/candidates/r1.png,82,81,80,81,82
TG04_I053,ab000004,0,FUSED,3,results_b200_2/intent4_qwen38_27b_30task_3seed_5r/repeat_0/shards/q38a/FUSED/problems/ab000004/candidates/r3.png,82,82,80,81,82
TG04_I054,ab000004,1,AXES,5,results_b200_2/intent4_qwen38_27b_30task_3seed_5r/repeat_1/shards/q38a/AXES/problems/ab000004/candidates/r5.png,82,81,80,81,82
TG04_I055,ab000004,1,CEN_MAD,2,results_b200_2/intent4_qwen38_27b_30task_3seed_5r/repeat_1/shards/q38a/CEN_MAD/problems/ab000004/candidates/r2.png,82,82,80,81,82
TG04_I056,ab000004,0,SELF,2,results_b200_2/intent4_qwen38_27b_30task_3seed_5r/repeat_0/shards/q38a/SELF/problems/ab000004/candidates/r2.png,82,81,80,81,82
TG04_I057,ab000004,0,AXES,5,results_b200_2/intent4_qwen38_27b_30task_3seed_5r/repeat_0/shards/q38a/AXES/problems/ab000004/candidates/r5.png,82,82,80,81,82
TG04_I058,ab000004,0,CEN_MAD,1,results_b200_2/intent4_qwen38_27b_30task_3seed_5r/repeat_0/shards/q38a/CEN_MAD/problems/ab000004/candidates/r1.png,82,81,80,81,82
TG04_I059,ab000004,0,MAD,1,results_b200_2/intent4_qwen38_27b_30task_3seed_5r/repeat_0/shards/q38a/MAD/problems/ab000004/candidates/r1.png,82,82,80,81,82
TG04_I060,ab000004,0,MAD,4,results_b200_2/intent4_qwen38_27b_30task_3seed_5r/repeat_0/shards/q38a/MAD/problems/ab000004/candidates/r4.png,82,81,80,81,82
TG04_I061,ab000004,1,SELF,5,results_b200_2/intent4_qwen38_27b_30task_3seed_5r/repeat_1/shards/q38a/SELF/problems/ab000004/candidates/r5.png,71,71,69,70,71
TG04_I062,ab000004,0,SELF,5,results_b200_2/intent4_qwen38_27b_30task_3seed_5r/repeat_0/shards/q38a/SELF/problems/ab000004/candidates/r5.png,82,81,80,81,82
TG04_I063,ab000004,2,FUSED,4,results_b200_2/intent4_qwen38_27b_30task_3seed_5r/repeat_2/shards/q38a/FUSED/problems/ab000004/candidates/r4.png,82,82,80,81,82
TG04_I064,ab000004,0,FUSED,4,results_b200_2/intent4_qwen38_27b_30task_3seed_5r/repeat_0/shards/q38a/FUSED/problems/ab000004/candidates/r4.png,82,81,80,81,82
TG04_I065,ab000004,2,SELF,2,results_b200_2/intent4_qwen38_27b_30task_3seed_5r/repeat_2/shards/q38a/SELF/problems/ab000004/candidates/r2.png,82,82,80,81,82
TG04_I066,ab000004,2,FUSED,5,results_b200_2/intent4_qwen38_27b_30task_3seed_5r/repeat_2/shards/q38a/FUSED/problems/ab000004/candidates/r5.png,71,70,69,70,71
TG04_I067,ab000004,2,AXES,3,results_b200_2/intent4_qwen38_27b_30task_3seed_5r/repeat_2/shards/q38a/AXES/problems/ab000004/candidates/r3.png,82,82,80,81,82
TG04_I068,ab000004,0,CEN_MAD,4,results_b200_2/intent4_qwen38_27b_30task_3seed_5r/repeat_0/shards/q38a/CEN_MAD/problems/ab000004/candidates/r4.png,82,81,80,81,82
TG04_I069,ab000004,1,FUSED,4,results_b200_2/intent4_qwen38_27b_30task_3seed_5r/repeat_1/shards/q38a/FUSED/problems/ab000004/candidates/r4.png,82,82,80,81,82
TG04_I070,ab000004,2,SELF,1,results_b200_2/intent4_qwen38_27b_30task_3seed_5r/repeat_2/shards/q38a/SELF/problems/ab000004/candidates/r1.png,82,81,80,81,82
TG04_I071,ab000004,2,CEN_MAD,2,results_b200_2/intent4_qwen38_27b_30task_3seed_5r/repeat_2/shards/q38a/CEN_MAD/problems/ab000004/candidates/r2.png,82,82,80,81,82
TG04_I072,ab000004,1,MAD,2,results_b200_2/intent4_qwen38_27b_30task_3seed_5r/repeat_1/shards/q38a/MAD/problems/ab000004/candidates/r2.png,82,81,80,81,82
TG04_I073,ab000004,2,SELF,3,results_b200_2/intent4_qwen38_27b_30task_3seed_5r/repeat_2/shards/q38a/SELF/problems/ab000004/candidates/r3.png,82,82,80,81,82
TG04_I074,ab000004,2,MAD,2,results_b200_2/intent4_qwen38_27b_30task_3seed_5r/repeat_2/shards/q38a/MAD/problems/ab000004/candidates/r2.png,74,73,72,73,74
TG04_I075,ab000004,0,MAD,5,results_b200_2/intent4_qwen38_27b_30task_3seed_5r/repeat_0/shards/q38a/MAD/problems/ab000004/candidates/r5.png,82,82,80,81,82
TG04_I076,ab000004,2,FUSED,3,results_b200_2/intent4_qwen38_27b_30task_3seed_5r/repeat_2/shards/q38a/FUSED/problems/ab000004/candidates/r3.png,82,81,80,81,82
TG04_I077,ab000004,1,MAD,1,results_b200_2/intent4_qwen38_27b_30task_3seed_5r/repeat_1/shards/q38a/MAD/problems/ab000004/candidates/r1.png,82,82,80,81,82
TG04_I078,ab000004,0,AXES,4,results_b200_2/intent4_qwen38_27b_30task_3seed_5r/repeat_0/shards/q38a/AXES/problems/ab000004/candidates/r4.png,73,72,71,72,73
TG05_I001,ab000005,1,MAD,4,results_b200_2/intent4_qwen38_27b_30task_3seed_5r/repeat_1/shards/q38a/MAD/problems/ab000005/candidates/r4.png,88,86,87,84,87
TG05_I002,ab000005,2,CEN_MAD,2,results_b200_2/intent4_qwen38_27b_30task_3seed_5r/repeat_2/shards/q38a/CEN_MAD/problems/ab000005/candidates/r2.png,82,80,81,78,81
TG05_I003,ab000005,0,SELF,5,results_b200_2/intent4_qwen38_27b_30task_3seed_5r/repeat_0/shards/q38a/SELF/problems/ab000005/candidates/r5.png,70,67,68,72,69
TG05_I004,ab000005,0,FUSED,1,results_b200_2/intent4_qwen38_27b_30task_3seed_5r/repeat_0/shards/q38a/FUSED/problems/ab000005/candidates/r1.png,82,80,81,78,81
TG05_I005,ab000005,2,CEN_MAD,1,results_b200_2/intent4_qwen38_27b_30task_3seed_5r/repeat_2/shards/q38a/CEN_MAD/problems/ab000005/candidates/r1.png,82,80,81,78,81
TG05_I006,ab000005,1,FUSED,4,results_b200_2/intent4_qwen38_27b_30task_3seed_5r/repeat_1/shards/q38a/FUSED/problems/ab000005/candidates/r4.png,34,46,40,39,37
TG05_I007,ab000005,2,SELF,4,results_b200_2/intent4_qwen38_27b_30task_3seed_5r/repeat_2/shards/q38a/SELF/problems/ab000005/candidates/r4.png,82,80,81,78,81
TG05_I008,ab000005,0,SELF,2,results_b200_2/intent4_qwen38_27b_30task_3seed_5r/repeat_0/shards/q38a/SELF/problems/ab000005/candidates/r2.png,82,80,81,78,81
TG05_I009,ab000005,0,CEN_MAD,3,results_b200_2/intent4_qwen38_27b_30task_3seed_5r/repeat_0/shards/q38a/CEN_MAD/problems/ab000005/candidates/r3.png,34,46,40,39,37
TG05_I010,ab000005,1,AXES,4,results_b200_2/intent4_qwen38_27b_30task_3seed_5r/repeat_1/shards/q38a/AXES/problems/ab000005/candidates/r4.png,82,80,81,78,81
TG05_I011,ab000005,2,SELF,2,results_b200_2/intent4_qwen38_27b_30task_3seed_5r/repeat_2/shards/q38a/SELF/problems/ab000005/candidates/r2.png,88,86,87,84,87
TG05_I012,ab000005,0,AXES,5,results_b200_2/intent4_qwen38_27b_30task_3seed_5r/repeat_0/shards/q38a/AXES/problems/ab000005/candidates/r5.png,82,80,81,78,81
TG05_I013,ab000005,2,AXES,2,results_b200_2/intent4_qwen38_27b_30task_3seed_5r/repeat_2/shards/q38a/AXES/problems/ab000005/candidates/r2.png,88,86,87,84,87
TG05_I014,ab000005,0,MAD,3,results_b200_2/intent4_qwen38_27b_30task_3seed_5r/repeat_0/shards/q38a/MAD/problems/ab000005/candidates/r3.png,88,86,87,84,87
TG05_I015,ab000005,2,CEN_MAD,4,results_b200_2/intent4_qwen38_27b_30task_3seed_5r/repeat_2/shards/q38a/CEN_MAD/problems/ab000005/candidates/r4.png,88,86,87,84,87
TG05_I016,ab000005,0,FUSED,5,results_b200_2/intent4_qwen38_27b_30task_3seed_5r/repeat_0/shards/q38a/FUSED/problems/ab000005/candidates/r5.png,88,86,87,84,87
TG05_I017,ab000005,1,MAD,1,results_b200_2/intent4_qwen38_27b_30task_3seed_5r/repeat_1/shards/q38a/MAD/problems/ab000005/candidates/r1.png,88,86,87,84,87
TG05_I018,ab000005,0,R0,0,results_b200_2/intent4_qwen38_27b_30task_3seed_5r/repeat_0/shards/q38a/SELF/problems/ab000005/candidates/r0.png,88,86,87,84,87
TG05_I019,ab000005,2,FUSED,4,results_b200_2/intent4_qwen38_27b_30task_3seed_5r/repeat_2/shards/q38a/FUSED/problems/ab000005/candidates/r4.png,88,86,87,84,87
TG05_I020,ab000005,1,SELF,5,results_b200_2/intent4_qwen38_27b_30task_3seed_5r/repeat_1/shards/q38a/SELF/problems/ab000005/candidates/r5.png,88,86,87,84,87
TG05_I021,ab000005,0,FUSED,2,results_b200_2/intent4_qwen38_27b_30task_3seed_5r/repeat_0/shards/q38a/FUSED/problems/ab000005/candidates/r2.png,88,86,87,84,87
TG05_I022,ab000005,2,MAD,4,results_b200_2/intent4_qwen38_27b_30task_3seed_5r/repeat_2/shards/q38a/MAD/problems/ab000005/candidates/r4.png,82,74,80,78,79
TG05_I023,ab000005,2,AXES,5,results_b200_2/intent4_qwen38_27b_30task_3seed_5r/repeat_2/shards/q38a/AXES/problems/ab000005/candidates/r5.png,88,86,87,84,87
TG05_I024,ab000005,1,AXES,5,results_b200_2/intent4_qwen38_27b_30task_3seed_5r/repeat_1/shards/q38a/AXES/problems/ab000005/candidates/r5.png,88,86,87,84,87
TG05_I025,ab000005,1,SELF,1,results_b200_2/intent4_qwen38_27b_30task_3seed_5r/repeat_1/shards/q38a/SELF/problems/ab000005/candidates/r1.png,70,67,68,72,69
TG05_I026,ab000005,1,AXES,3,results_b200_2/intent4_qwen38_27b_30task_3seed_5r/repeat_1/shards/q38a/AXES/problems/ab000005/candidates/r3.png,70,67,68,72,69
TG05_I027,ab000005,1,CEN_MAD,4,results_b200_2/intent4_qwen38_27b_30task_3seed_5r/repeat_1/shards/q38a/CEN_MAD/problems/ab000005/candidates/r4.png,88,86,87,84,87
TG05_I028,ab000005,0,SELF,1,results_b200_2/intent4_qwen38_27b_30task_3seed_5r/repeat_0/shards/q38a/SELF/problems/ab000005/candidates/r1.png,88,86,87,84,87
TG05_I029,ab000005,0,CEN_MAD,1,results_b200_2/intent4_qwen38_27b_30task_3seed_5r/repeat_0/shards/q38a/CEN_MAD/problems/ab000005/candidates/r1.png,88,86,87,84,87
TG05_I030,ab000005,2,SELF,1,results_b200_2/intent4_qwen38_27b_30task_3seed_5r/repeat_2/shards/q38a/SELF/problems/ab000005/candidates/r1.png,88,86,87,84,87
TG05_I031,ab000005,1,FUSED,3,results_b200_2/intent4_qwen38_27b_30task_3seed_5r/repeat_1/shards/q38a/FUSED/problems/ab000005/candidates/r3.png,88,86,87,84,87
TG05_I032,ab000005,2,MAD,5,results_b200_2/intent4_qwen38_27b_30task_3seed_5r/repeat_2/shards/q38a/MAD/problems/ab000005/candidates/r5.png,88,86,87,84,87
TG05_I033,ab000005,1,FUSED,2,results_b200_2/intent4_qwen38_27b_30task_3seed_5r/repeat_1/shards/q38a/FUSED/problems/ab000005/candidates/r2.png,34,46,40,39,37
TG05_I034,ab000005,1,SELF,3,results_b200_2/intent4_qwen38_27b_30task_3seed_5r/repeat_1/shards/q38a/SELF/problems/ab000005/candidates/r3.png,82,74,80,78,79
TG05_I035,ab000005,0,MAD,1,results_b200_2/intent4_qwen38_27b_30task_3seed_5r/repeat_0/shards/q38a/MAD/problems/ab000005/candidates/r1.png,34,46,40,39,37
TG05_I036,ab000005,2,FUSED,1,results_b200_2/intent4_qwen38_27b_30task_3seed_5r/repeat_2/shards/q38a/FUSED/problems/ab000005/candidates/r1.png,82,74,80,78,79
TG05_I037,ab000005,1,AXES,1,results_b200_2/intent4_qwen38_27b_30task_3seed_5r/repeat_1/shards/q38a/AXES/problems/ab000005/candidates/r1.png,34,46,40,39,37
TG05_I038,ab000005,0,MAD,5,results_b200_2/intent4_qwen38_27b_30task_3seed_5r/repeat_0/shards/q38a/MAD/problems/ab000005/candidates/r5.png,88,86,87,84,87
TG05_I039,ab000005,1,CEN_MAD,2,results_b200_2/intent4_qwen38_27b_30task_3seed_5r/repeat_1/shards/q38a/CEN_MAD/problems/ab000005/candidates/r2.png,34,46,40,39,37
TG05_I040,ab000005,2,FUSED,5,results_b200_2/intent4_qwen38_27b_30task_3seed_5r/repeat_2/shards/q38a/FUSED/problems/ab000005/candidates/r5.png,88,86,87,84,87
TG05_I041,ab000005,0,FUSED,4,results_b200_2/intent4_qwen38_27b_30task_3seed_5r/repeat_0/shards/q38a/FUSED/problems/ab000005/candidates/r4.png,88,86,87,84,87
TG05_I042,ab000005,1,CEN_MAD,1,results_b200_2/intent4_qwen38_27b_30task_3seed_5r/repeat_1/shards/q38a/CEN_MAD/problems/ab000005/candidates/r1.png,70,67,68,72,69
TG05_I043,ab000005,1,FUSED,1,results_b200_2/intent4_qwen38_27b_30task_3seed_5r/repeat_1/shards/q38a/FUSED/problems/ab000005/candidates/r1.png,34,46,40,39,37
TG05_I044,ab000005,0,AXES,2,results_b200_2/intent4_qwen38_27b_30task_3seed_5r/repeat_0/shards/q38a/AXES/problems/ab000005/candidates/r2.png,88,86,87,84,87
TG05_I045,ab000005,0,AXES,3,results_b200_2/intent4_qwen38_27b_30task_3seed_5r/repeat_0/shards/q38a/AXES/problems/ab000005/candidates/r3.png,82,74,80,78,79
TG05_I046,ab000005,2,MAD,3,results_b200_2/intent4_qwen38_27b_30task_3seed_5r/repeat_2/shards/q38a/MAD/problems/ab000005/candidates/r3.png,88,86,87,84,87
TG05_I047,ab000005,0,CEN_MAD,2,results_b200_2/intent4_qwen38_27b_30task_3seed_5r/repeat_0/shards/q38a/CEN_MAD/problems/ab000005/candidates/r2.png,8,7,6,5,6
TG05_I048,ab000005,1,AXES,2,results_b200_2/intent4_qwen38_27b_30task_3seed_5r/repeat_1/shards/q38a/AXES/problems/ab000005/candidates/r2.png,70,67,68,72,69
TG05_I049,ab000005,2,AXES,4,results_b200_2/intent4_qwen38_27b_30task_3seed_5r/repeat_2/shards/q38a/AXES/problems/ab000005/candidates/r4.png,88,86,87,84,87
TG05_I050,ab000005,1,CEN_MAD,3,results_b200_2/intent4_qwen38_27b_30task_3seed_5r/repeat_1/shards/q38a/CEN_MAD/problems/ab000005/candidates/r3.png,34,46,40,39,37
TG05_I051,ab000005,0,AXES,1,results_b200_2/intent4_qwen38_27b_30task_3seed_5r/repeat_0/shards/q38a/AXES/problems/ab000005/candidates/r1.png,82,74,80,78,79
TG05_I052,ab000005,1,MAD,5,results_b200_2/intent4_qwen38_27b_30task_3seed_5r/repeat_1/shards/q38a/MAD/problems/ab000005/candidates/r5.png,88,86,87,84,87
TG05_I053,ab000005,1,FUSED,5,results_b200_2/intent4_qwen38_27b_30task_3seed_5r/repeat_1/shards/q38a/FUSED/problems/ab000005/candidates/r5.png,34,46,40,39,37
TG05_I054,ab000005,1,R0,0,results_b200_2/intent4_qwen38_27b_30task_3seed_5r/repeat_1/shards/q38a/SELF/problems/ab000005/candidates/r0.png,70,67,68,72,69
TG05_I055,ab000005,2,AXES,3,results_b200_2/intent4_qwen38_27b_30task_3seed_5r/repeat_2/shards/q38a/AXES/problems/ab000005/candidates/r3.png,88,86,87,84,87
TG05_I056,ab000005,2,AXES,1,results_b200_2/intent4_qwen38_27b_30task_3seed_5r/repeat_2/shards/q38a/AXES/problems/ab000005/candidates/r1.png,88,86,87,84,87
TG05_I057,ab000005,0,CEN_MAD,4,results_b200_2/intent4_qwen38_27b_30task_3seed_5r/repeat_0/shards/q38a/CEN_MAD/problems/ab000005/candidates/r4.png,8,7,6,5,6
TG05_I058,ab000005,1,MAD,2,results_b200_2/intent4_qwen38_27b_30task_3seed_5r/repeat_1/shards/q38a/MAD/problems/ab000005/candidates/r2.png,88,86,87,84,87
TG05_I059,ab000005,2,SELF,3,results_b200_2/intent4_qwen38_27b_30task_3seed_5r/repeat_2/shards/q38a/SELF/problems/ab000005/candidates/r3.png,88,86,87,84,87
TG05_I060,ab000005,2,R0,0,results_b200_2/intent4_qwen38_27b_30task_3seed_5r/repeat_2/shards/q38a/SELF/problems/ab000005/candidates/r0.png,88,86,87,84,87
TG05_I061,ab000005,2,MAD,2,results_b200_2/intent4_qwen38_27b_30task_3seed_5r/repeat_2/shards/q38a/MAD/problems/ab000005/candidates/r2.png,88,86,87,84,87
TG05_I062,ab000005,1,SELF,2,results_b200_2/intent4_qwen38_27b_30task_3seed_5r/repeat_1/shards/q38a/SELF/problems/ab000005/candidates/r2.png,70,67,68,72,69
TG05_I063,ab000005,0,FUSED,3,results_b200_2/intent4_qwen38_27b_30task_3seed_5r/repeat_0/shards/q38a/FUSED/problems/ab000005/candidates/r3.png,88,86,87,84,87
TG05_I064,ab000005,0,CEN_MAD,5,results_b200_2/intent4_qwen38_27b_30task_3seed_5r/repeat_0/shards/q38a/CEN_MAD/problems/ab000005/candidates/r5.png,8,7,6,5,6
TG05_I065,ab000005,2,MAD,1,results_b200_2/intent4_qwen38_27b_30task_3seed_5r/repeat_2/shards/q38a/MAD/problems/ab000005/candidates/r1.png,88,86,87,84,87
TG05_I066,ab000005,2,FUSED,2,results_b200_2/intent4_qwen38_27b_30task_3seed_5r/repeat_2/shards/q38a/FUSED/problems/ab000005/candidates/r2.png,88,86,87,84,87
TG05_I067,ab000005,1,MAD,3,results_b200_2/intent4_qwen38_27b_30task_3seed_5r/repeat_1/shards/q38a/MAD/problems/ab000005/candidates/r3.png,70,67,68,72,69
TG05_I068,ab000005,2,CEN_MAD,3,results_b200_2/intent4_qwen38_27b_30task_3seed_5r/repeat_2/shards/q38a/CEN_MAD/problems/ab000005/candidates/r3.png,88,86,87,84,87
TG05_I069,ab000005,0,SELF,4,results_b200_2/intent4_qwen38_27b_30task_3seed_5r/repeat_0/shards/q38a/SELF/problems/ab000005/candidates/r4.png,70,67,68,72,69
TG05_I070,ab000005,0,SELF,3,results_b200_2/intent4_qwen38_27b_30task_3seed_5r/repeat_0/shards/q38a/SELF/problems/ab000005/candidates/r3.png,70,67,68,72,69
TG05_I071,ab000005,2,SELF,5,results_b200_2/intent4_qwen38_27b_30task_3seed_5r/repeat_2/shards/q38a/SELF/problems/ab000005/candidates/r5.png,88,86,87,84,87
TG05_I072,ab000005,1,SELF,4,results_b200_2/intent4_qwen38_27b_30task_3seed_5r/repeat_1/shards/q38a/SELF/problems/ab000005/candidates/r4.png,70,67,68,72,69
TG05_I073,ab000005,2,CEN_MAD,5,results_b200_2/intent4_qwen38_27b_30task_3seed_5r/repeat_2/shards/q38a/CEN_MAD/problems/ab000005/candidates/r5.png,88,86,87,84,87
TG05_I074,ab000005,0,AXES,4,results_b200_2/intent4_qwen38_27b_30task_3seed_5r/repeat_0/shards/q38a/AXES/problems/ab000005/candidates/r4.png,82,74,80,78,79
TG05_I075,ab000005,0,MAD,2,results_b200_2/intent4_qwen38_27b_30task_3seed_5r/repeat_0/shards/q38a/MAD/problems/ab000005/candidates/r2.png,82,74,80,78,79
TG05_I076,ab000005,1,CEN_MAD,5,results_b200_2/intent4_qwen38_27b_30task_3seed_5r/repeat_1/shards/q38a/CEN_MAD/problems/ab000005/candidates/r5.png,88,86,87,84,87
TG05_I077,ab000005,2,FUSED,3,results_b200_2/intent4_qwen38_27b_30task_3seed_5r/repeat_2/shards/q38a/FUSED/problems/ab000005/candidates/r3.png,88,86,87,84,87
TG05_I078,ab000005,0,MAD,4,results_b200_2/intent4_qwen38_27b_30task_3seed_5r/repeat_0/shards/q38a/MAD/problems/ab000005/candidates/r4.png,82,74,80,78,79
TG06_I001,ab000006,0,AXES,3,results_b200_2/intent4_qwen38_27b_30task_3seed_5r/repeat_0/shards/q38a/AXES/problems/ab000006/candidates/r3.png,63,56,55,65,58
TG06_I002,ab000006,1,MAD,5,results_b200_2/intent4_qwen38_27b_30task_3seed_5r/repeat_1/shards/q38a/MAD/problems/ab000006/candidates/r5.png,89,87,88,87,88
TG06_I003,ab000006,2,MAD,3,results_b200_2/intent4_qwen38_27b_30task_3seed_5r/repeat_2/shards/q38a/MAD/problems/ab000006/candidates/r3.png,70,75,78,76,74
TG06_I004,ab000006,0,MAD,1,results_b200_2/intent4_qwen38_27b_30task_3seed_5r/repeat_0/shards/q38a/MAD/problems/ab000006/candidates/r1.png,48,42,40,54,44
TG06_I005,ab000006,0,MAD,4,results_b200_2/intent4_qwen38_27b_30task_3seed_5r/repeat_0/shards/q38a/MAD/problems/ab000006/candidates/r4.png,63,56,55,65,58
TG06_I006,ab000006,0,CEN_MAD,4,results_b200_2/intent4_qwen38_27b_30task_3seed_5r/repeat_0/shards/q38a/CEN_MAD/problems/ab000006/candidates/r4.png,48,42,40,54,44
TG06_I007,ab000006,0,FUSED,2,results_b200_2/intent4_qwen38_27b_30task_3seed_5r/repeat_0/shards/q38a/FUSED/problems/ab000006/candidates/r2.png,63,56,55,65,58
TG06_I008,ab000006,0,SELF,1,results_b200_2/intent4_qwen38_27b_30task_3seed_5r/repeat_0/shards/q38a/SELF/problems/ab000006/candidates/r1.png,63,56,55,65,58
TG06_I009,ab000006,0,AXES,2,results_b200_2/intent4_qwen38_27b_30task_3seed_5r/repeat_0/shards/q38a/AXES/problems/ab000006/candidates/r2.png,63,56,55,65,58
TG06_I010,ab000006,2,CEN_MAD,5,results_b200_2/intent4_qwen38_27b_30task_3seed_5r/repeat_2/shards/q38a/CEN_MAD/problems/ab000006/candidates/r5.png,70,75,78,76,74
TG06_I011,ab000006,2,MAD,2,results_b200_2/intent4_qwen38_27b_30task_3seed_5r/repeat_2/shards/q38a/MAD/problems/ab000006/candidates/r2.png,89,87,88,87,88
TG06_I012,ab000006,0,CEN_MAD,2,results_b200_2/intent4_qwen38_27b_30task_3seed_5r/repeat_0/shards/q38a/CEN_MAD/problems/ab000006/candidates/r2.png,63,56,55,65,58
TG06_I013,ab000006,1,CEN_MAD,4,results_b200_2/intent4_qwen38_27b_30task_3seed_5r/repeat_1/shards/q38a/CEN_MAD/problems/ab000006/candidates/r4.png,89,87,88,87,88
TG06_I014,ab000006,1,AXES,2,results_b200_2/intent4_qwen38_27b_30task_3seed_5r/repeat_1/shards/q38a/AXES/problems/ab000006/candidates/r2.png,89,87,88,87,88
TG06_I015,ab000006,1,CEN_MAD,5,results_b200_2/intent4_qwen38_27b_30task_3seed_5r/repeat_1/shards/q38a/CEN_MAD/problems/ab000006/candidates/r5.png,89,87,88,87,88
TG06_I016,ab000006,2,R0,0,results_b200_2/intent4_qwen38_27b_30task_3seed_5r/repeat_2/shards/q38a/SELF/problems/ab000006/candidates/r0.png,70,75,78,76,74
TG06_I017,ab000006,1,SELF,4,results_b200_2/intent4_qwen38_27b_30task_3seed_5r/repeat_1/shards/q38a/SELF/problems/ab000006/candidates/r4.png,89,87,88,87,88
TG06_I018,ab000006,1,FUSED,2,results_b200_2/intent4_qwen38_27b_30task_3seed_5r/repeat_1/shards/q38a/FUSED/problems/ab000006/candidates/r2.png,89,87,88,87,88
TG06_I019,ab000006,1,FUSED,3,results_b200_2/intent4_qwen38_27b_30task_3seed_5r/repeat_1/shards/q38a/FUSED/problems/ab000006/candidates/r3.png,70,75,78,76,74
TG06_I020,ab000006,2,SELF,1,results_b200_2/intent4_qwen38_27b_30task_3seed_5r/repeat_2/shards/q38a/SELF/problems/ab000006/candidates/r1.png,89,87,88,87,88
TG06_I021,ab000006,1,CEN_MAD,2,results_b200_2/intent4_qwen38_27b_30task_3seed_5r/repeat_1/shards/q38a/CEN_MAD/problems/ab000006/candidates/r2.png,89,87,88,87,88
TG06_I022,ab000006,0,MAD,5,results_b200_2/intent4_qwen38_27b_30task_3seed_5r/repeat_0/shards/q38a/MAD/problems/ab000006/candidates/r5.png,48,42,40,54,44
TG06_I023,ab000006,2,CEN_MAD,4,results_b200_2/intent4_qwen38_27b_30task_3seed_5r/repeat_2/shards/q38a/CEN_MAD/problems/ab000006/candidates/r4.png,70,75,78,76,74
TG06_I024,ab000006,1,AXES,5,results_b200_2/intent4_qwen38_27b_30task_3seed_5r/repeat_1/shards/q38a/AXES/problems/ab000006/candidates/r5.png,89,87,88,87,88
TG06_I025,ab000006,1,MAD,4,results_b200_2/intent4_qwen38_27b_30task_3seed_5r/repeat_1/shards/q38a/MAD/problems/ab000006/candidates/r4.png,89,87,88,87,88
TG06_I026,ab000006,2,FUSED,2,results_b200_2/intent4_qwen38_27b_30task_3seed_5r/repeat_2/shards/q38a/FUSED/problems/ab000006/candidates/r2.png,89,87,88,87,88
TG06_I027,ab000006,1,CEN_MAD,3,results_b200_2/intent4_qwen38_27b_30task_3seed_5r/repeat_1/shards/q38a/CEN_MAD/problems/ab000006/candidates/r3.png,89,87,88,87,88
TG06_I028,ab000006,1,CEN_MAD,1,results_b200_2/intent4_qwen38_27b_30task_3seed_5r/repeat_1/shards/q38a/CEN_MAD/problems/ab000006/candidates/r1.png,89,87,88,87,88
TG06_I029,ab000006,2,CEN_MAD,1,results_b200_2/intent4_qwen38_27b_30task_3seed_5r/repeat_2/shards/q38a/CEN_MAD/problems/ab000006/candidates/r1.png,89,87,88,87,88
TG06_I030,ab000006,2,CEN_MAD,3,results_b200_2/intent4_qwen38_27b_30task_3seed_5r/repeat_2/shards/q38a/CEN_MAD/problems/ab000006/candidates/r3.png,70,75,78,76,74
TG06_I031,ab000006,2,AXES,5,results_b200_2/intent4_qwen38_27b_30task_3seed_5r/repeat_2/shards/q38a/AXES/problems/ab000006/candidates/r5.png,63,56,55,65,58
TG06_I032,ab000006,0,FUSED,5,results_b200_2/intent4_qwen38_27b_30task_3seed_5r/repeat_0/shards/q38a/FUSED/problems/ab000006/candidates/r5.png,38,35,32,42,35
TG06_I033,ab000006,1,FUSED,4,results_b200_2/intent4_qwen38_27b_30task_3seed_5r/repeat_1/shards/q38a/FUSED/problems/ab000006/candidates/r4.png,70,75,78,76,74
TG06_I034,ab000006,2,AXES,2,results_b200_2/intent4_qwen38_27b_30task_3seed_5r/repeat_2/shards/q38a/AXES/problems/ab000006/candidates/r2.png,48,42,40,54,44
TG06_I035,ab000006,2,AXES,1,results_b200_2/intent4_qwen38_27b_30task_3seed_5r/repeat_2/shards/q38a/AXES/problems/ab000006/candidates/r1.png,48,42,40,54,44
TG06_I036,ab000006,0,SELF,4,results_b200_2/intent4_qwen38_27b_30task_3seed_5r/repeat_0/shards/q38a/SELF/problems/ab000006/candidates/r4.png,48,42,40,54,44
TG06_I037,ab000006,2,FUSED,3,results_b200_2/intent4_qwen38_27b_30task_3seed_5r/repeat_2/shards/q38a/FUSED/problems/ab000006/candidates/r3.png,70,75,78,76,74
TG06_I038,ab000006,2,SELF,5,results_b200_2/intent4_qwen38_27b_30task_3seed_5r/repeat_2/shards/q38a/SELF/problems/ab000006/candidates/r5.png,70,75,78,76,74
TG06_I039,ab000006,0,SELF,2,results_b200_2/intent4_qwen38_27b_30task_3seed_5r/repeat_0/shards/q38a/SELF/problems/ab000006/candidates/r2.png,63,56,55,65,58
TG06_I040,ab000006,2,FUSED,4,results_b200_2/intent4_qwen38_27b_30task_3seed_5r/repeat_2/shards/q38a/FUSED/problems/ab000006/candidates/r4.png,70,75,78,76,74
TG06_I041,ab000006,1,SELF,5,results_b200_2/intent4_qwen38_27b_30task_3seed_5r/repeat_1/shards/q38a/SELF/problems/ab000006/candidates/r5.png,89,87,88,87,88
TG06_I042,ab000006,2,MAD,4,results_b200_2/intent4_qwen38_27b_30task_3seed_5r/repeat_2/shards/q38a/MAD/problems/ab000006/candidates/r4.png,89,87,88,87,88
TG06_I043,ab000006,2,SELF,3,results_b200_2/intent4_qwen38_27b_30task_3seed_5r/repeat_2/shards/q38a/SELF/problems/ab000006/candidates/r3.png,89,87,88,87,88
TG06_I044,ab000006,1,MAD,1,results_b200_2/intent4_qwen38_27b_30task_3seed_5r/repeat_1/shards/q38a/MAD/problems/ab000006/candidates/r1.png,89,87,88,87,88
TG06_I045,ab000006,0,MAD,3,results_b200_2/intent4_qwen38_27b_30task_3seed_5r/repeat_0/shards/q38a/MAD/problems/ab000006/candidates/r3.png,48,42,40,54,44
TG06_I046,ab000006,0,R0,0,results_b200_2/intent4_qwen38_27b_30task_3seed_5r/repeat_0/shards/q38a/SELF/problems/ab000006/candidates/r0.png,63,56,55,65,58
TG06_I047,ab000006,0,CEN_MAD,5,results_b200_2/intent4_qwen38_27b_30task_3seed_5r/repeat_0/shards/q38a/CEN_MAD/problems/ab000006/candidates/r5.png,38,35,32,42,35
TG06_I048,ab000006,2,CEN_MAD,2,results_b200_2/intent4_qwen38_27b_30task_3seed_5r/repeat_2/shards/q38a/CEN_MAD/problems/ab000006/candidates/r2.png,38,35,32,42,35
TG06_I049,ab000006,1,R0,0,results_b200_2/intent4_qwen38_27b_30task_3seed_5r/repeat_1/shards/q38a/SELF/problems/ab000006/candidates/r0.png,89,87,88,87,88
TG06_I050,ab000006,0,CEN_MAD,3,results_b200_2/intent4_qwen38_27b_30task_3seed_5r/repeat_0/shards/q38a/CEN_MAD/problems/ab000006/candidates/r3.png,48,42,40,54,44
TG06_I051,ab000006,0,FUSED,1,results_b200_2/intent4_qwen38_27b_30task_3seed_5r/repeat_0/shards/q38a/FUSED/problems/ab000006/candidates/r1.png,38,35,32,42,35
TG06_I052,ab000006,0,FUSED,4,results_b200_2/intent4_qwen38_27b_30task_3seed_5r/repeat_0/shards/q38a/FUSED/problems/ab000006/candidates/r4.png,38,35,32,42,35
TG06_I053,ab000006,0,AXES,1,results_b200_2/intent4_qwen38_27b_30task_3seed_5r/repeat_0/shards/q38a/AXES/problems/ab000006/candidates/r1.png,48,42,40,54,44
TG06_I054,ab000006,1,MAD,3,results_b200_2/intent4_qwen38_27b_30task_3seed_5r/repeat_1/shards/q38a/MAD/problems/ab000006/candidates/r3.png,89,87,88,87,88
TG06_I055,ab000006,1,SELF,1,results_b200_2/intent4_qwen38_27b_30task_3seed_5r/repeat_1/shards/q38a/SELF/problems/ab000006/candidates/r1.png,89,87,88,87,88
TG06_I056,ab000006,2,FUSED,1,results_b200_2/intent4_qwen38_27b_30task_3seed_5r/repeat_2/shards/q38a/FUSED/problems/ab000006/candidates/r1.png,89,87,88,87,88
TG06_I057,ab000006,1,FUSED,1,results_b200_2/intent4_qwen38_27b_30task_3seed_5r/repeat_1/shards/q38a/FUSED/problems/ab000006/candidates/r1.png,89,87,88,87,88
TG06_I058,ab000006,0,CEN_MAD,1,results_b200_2/intent4_qwen38_27b_30task_3seed_5r/repeat_0/shards/q38a/CEN_MAD/problems/ab000006/candidates/r1.png,48,42,40,54,44
TG06_I059,ab000006,0,MAD,2,results_b200_2/intent4_qwen38_27b_30task_3seed_5r/repeat_0/shards/q38a/MAD/problems/ab000006/candidates/r2.png,63,56,55,65,58
TG06_I060,ab000006,0,SELF,5,results_b200_2/intent4_qwen38_27b_30task_3seed_5r/repeat_0/shards/q38a/SELF/problems/ab000006/candidates/r5.png,48,42,40,54,44
TG06_I061,ab000006,0,FUSED,3,results_b200_2/intent4_qwen38_27b_30task_3seed_5r/repeat_0/shards/q38a/FUSED/problems/ab000006/candidates/r3.png,38,35,32,42,35
TG06_I062,ab000006,1,FUSED,5,results_b200_2/intent4_qwen38_27b_30task_3seed_5r/repeat_1/shards/q38a/FUSED/problems/ab000006/candidates/r5.png,89,87,88,87,88
TG06_I063,ab000006,1,MAD,2,results_b200_2/intent4_qwen38_27b_30task_3seed_5r/repeat_1/shards/q38a/MAD/problems/ab000006/candidates/r2.png,89,87,88,87,88
TG06_I064,ab000006,0,AXES,4,results_b200_2/intent4_qwen38_27b_30task_3seed_5r/repeat_0/shards/q38a/AXES/problems/ab000006/candidates/r4.png,48,42,40,54,44
TG06_I065,ab000006,2,SELF,2,results_b200_2/intent4_qwen38_27b_30task_3seed_5r/repeat_2/shards/q38a/SELF/problems/ab000006/candidates/r2.png,89,87,88,87,88
TG06_I066,ab000006,0,SELF,3,results_b200_2/intent4_qwen38_27b_30task_3seed_5r/repeat_0/shards/q38a/SELF/problems/ab000006/candidates/r3.png,70,75,78,76,74
TG06_I067,ab000006,2,SELF,4,results_b200_2/intent4_qwen38_27b_30task_3seed_5r/repeat_2/shards/q38a/SELF/problems/ab000006/candidates/r4.png,89,87,88,87,88
TG06_I068,ab000006,2,MAD,5,results_b200_2/intent4_qwen38_27b_30task_3seed_5r/repeat_2/shards/q38a/MAD/problems/ab000006/candidates/r5.png,89,87,88,87,88
TG06_I069,ab000006,2,AXES,4,results_b200_2/intent4_qwen38_27b_30task_3seed_5r/repeat_2/shards/q38a/AXES/problems/ab000006/candidates/r4.png,89,87,88,87,88
TG06_I070,ab000006,1,AXES,1,results_b200_2/intent4_qwen38_27b_30task_3seed_5r/repeat_1/shards/q38a/AXES/problems/ab000006/candidates/r1.png,89,87,88,87,88
TG06_I071,ab000006,1,SELF,3,results_b200_2/intent4_qwen38_27b_30task_3seed_5r/repeat_1/shards/q38a/SELF/problems/ab000006/candidates/r3.png,48,42,40,54,44
TG06_I072,ab000006,2,AXES,3,results_b200_2/intent4_qwen38_27b_30task_3seed_5r/repeat_2/shards/q38a/AXES/problems/ab000006/candidates/r3.png,89,87,88,87,88
TG06_I073,ab000006,1,AXES,4,results_b200_2/intent4_qwen38_27b_30task_3seed_5r/repeat_1/shards/q38a/AXES/problems/ab000006/candidates/r4.png,89,87,88,87,88
TG06_I074,ab000006,2,MAD,1,results_b200_2/intent4_qwen38_27b_30task_3seed_5r/repeat_2/shards/q38a/MAD/problems/ab000006/candidates/r1.png,70,75,78,76,74
TG06_I075,ab000006,1,SELF,2,results_b200_2/intent4_qwen38_27b_30task_3seed_5r/repeat_1/shards/q38a/SELF/problems/ab000006/candidates/r2.png,89,87,88,87,88
TG06_I076,ab000006,1,AXES,3,results_b200_2/intent4_qwen38_27b_30task_3seed_5r/repeat_1/shards/q38a/AXES/problems/ab000006/candidates/r3.png,89,87,88,87,88
TG06_I077,ab000006,0,AXES,5,results_b200_2/intent4_qwen38_27b_30task_3seed_5r/repeat_0/shards/q38a/AXES/problems/ab000006/candidates/r5.png,48,42,40,54,44
TG06_I078,ab000006,2,FUSED,5,results_b200_2/intent4_qwen38_27b_30task_3seed_5r/repeat_2/shards/q38a/FUSED/problems/ab000006/candidates/r5.png,70,75,78,76,74
TG07_I001,ab000007,2,FUSED,5,results_b200_2/intent4_qwen38_27b_30task_3seed_5r/repeat_2/shards/q38a/FUSED/problems/ab000007/candidates/r5.png,76,73,79,77,77
TG07_I002,ab000007,2,AXES,5,results_b200_2/intent4_qwen38_27b_30task_3seed_5r/repeat_2/shards/q38a/AXES/problems/ab000007/candidates/r5.png,90,86,89,88,89
TG07_I003,ab000007,1,SELF,1,results_b200_2/intent4_qwen38_27b_30task_3seed_5r/repeat_1/shards/q38a/SELF/problems/ab000007/candidates/r1.png,78,75,81,79,79
TG07_I004,ab000007,2,CEN_MAD,3,results_b200_2/intent4_qwen38_27b_30task_3seed_5r/repeat_2/shards/q38a/CEN_MAD/problems/ab000007/candidates/r3.png,75,76,78,80,76
TG07_I005,ab000007,0,MAD,3,results_b200_2/intent4_qwen38_27b_30task_3seed_5r/repeat_0/shards/q38a/MAD/problems/ab000007/candidates/r3.png,90,85,89,87,89
TG07_I006,ab000007,0,FUSED,1,results_b200_2/intent4_qwen38_27b_30task_3seed_5r/repeat_0/shards/q38a/FUSED/problems/ab000007/candidates/r1.png,88,86,87,88,87
TG07_I007,ab000007,1,SELF,5,results_b200_2/intent4_qwen38_27b_30task_3seed_5r/repeat_1/shards/q38a/SELF/problems/ab000007/candidates/r5.png,89,87,88,89,88
TG07_I008,ab000007,0,SELF,2,results_b200_2/intent4_qwen38_27b_30task_3seed_5r/repeat_0/shards/q38a/SELF/problems/ab000007/candidates/r2.png,75,75,78,79,76
TG07_I009,ab000007,0,CEN_MAD,3,results_b200_2/intent4_qwen38_27b_30task_3seed_5r/repeat_0/shards/q38a/CEN_MAD/problems/ab000007/candidates/r3.png,62,62,70,70,64
TG07_I010,ab000007,1,AXES,3,results_b200_2/intent4_qwen38_27b_30task_3seed_5r/repeat_1/shards/q38a/AXES/problems/ab000007/candidates/r3.png,89,86,88,88,88
TG07_I011,ab000007,1,AXES,5,results_b200_2/intent4_qwen38_27b_30task_3seed_5r/repeat_1/shards/q38a/AXES/problems/ab000007/candidates/r5.png,90,87,89,89,89
TG07_I012,ab000007,1,CEN_MAD,1,results_b200_2/intent4_qwen38_27b_30task_3seed_5r/repeat_1/shards/q38a/CEN_MAD/problems/ab000007/candidates/r1.png,88,84,87,86,87
TG07_I013,ab000007,0,SELF,3,results_b200_2/intent4_qwen38_27b_30task_3seed_5r/repeat_0/shards/q38a/SELF/problems/ab000007/candidates/r3.png,61,62,70,69,64
TG07_I014,ab000007,2,AXES,2,results_b200_2/intent4_qwen38_27b_30task_3seed_5r/repeat_2/shards/q38a/AXES/problems/ab000007/candidates/r2.png,90,86,89,88,89
TG07_I015,ab000007,2,MAD,2,results_b200_2/intent4_qwen38_27b_30task_3seed_5r/repeat_2/shards/q38a/MAD/problems/ab000007/candidates/r2.png,88,87,87,89,87
TG07_I016,ab000007,0,FUSED,2,results_b200_2/intent4_qwen38_27b_30task_3seed_5r/repeat_0/shards/q38a/FUSED/problems/ab000007/candidates/r2.png,89,84,88,86,88
TG07_I017,ab000007,2,CEN_MAD,1,results_b200_2/intent4_qwen38_27b_30task_3seed_5r/repeat_2/shards/q38a/CEN_MAD/problems/ab000007/candidates/r1.png,90,85,89,87,89
TG07_I018,ab000007,0,FUSED,5,results_b200_2/intent4_qwen38_27b_30task_3seed_5r/repeat_0/shards/q38a/FUSED/problems/ab000007/candidates/r5.png,77,75,80,79,78
TG07_I019,ab000007,1,MAD,1,results_b200_2/intent4_qwen38_27b_30task_3seed_5r/repeat_1/shards/q38a/MAD/problems/ab000007/candidates/r1.png,62,64,72,70,66
TG07_I020,ab000007,1,CEN_MAD,2,results_b200_2/intent4_qwen38_27b_30task_3seed_5r/repeat_1/shards/q38a/CEN_MAD/problems/ab000007/candidates/r2.png,90,84,89,86,89
TG07_I021,ab000007,0,AXES,5,results_b200_2/intent4_qwen38_27b_30task_3seed_5r/repeat_0/shards/q38a/AXES/problems/ab000007/candidates/r5.png,59,62,70,67,64
TG07_I022,ab000007,0,SELF,1,results_b200_2/intent4_qwen38_27b_30task_3seed_5r/repeat_0/shards/q38a/SELF/problems/ab000007/candidates/r1.png,60,63,71,68,65
TG07_I023,ab000007,2,FUSED,3,results_b200_2/intent4_qwen38_27b_30task_3seed_5r/repeat_2/shards/q38a/FUSED/problems/ab000007/candidates/r3.png,90,87,89,89,89
TG07_I024,ab000007,0,FUSED,4,results_b200_2/intent4_qwen38_27b_30task_3seed_5r/repeat_0/shards/q38a/FUSED/problems/ab000007/candidates/r4.png,75,76,78,80,76
TG07_I025,ab000007,1,FUSED,2,results_b200_2/intent4_qwen38_27b_30task_3seed_5r/repeat_1/shards/q38a/FUSED/problems/ab000007/candidates/r2.png,89,85,88,87,88
TG07_I026,ab000007,0,AXES,4,results_b200_2/intent4_qwen38_27b_30task_3seed_5r/repeat_0/shards/q38a/AXES/problems/ab000007/candidates/r4.png,59,63,71,67,65
TG07_I027,ab000007,0,CEN_MAD,4,results_b200_2/intent4_qwen38_27b_30task_3seed_5r/repeat_0/shards/q38a/CEN_MAD/problems/ab000007/candidates/r4.png,88,87,87,89,87
TG07_I028,ab000007,0,SELF,5,results_b200_2/intent4_qwen38_27b_30task_3seed_5r/repeat_0/shards/q38a/SELF/problems/ab000007/candidates/r5.png,75,75,78,79,76
TG07_I029,ab000007,1,CEN_MAD,5,results_b200_2/intent4_qwen38_27b_30task_3seed_5r/repeat_1/shards/q38a/CEN_MAD/problems/ab000007/candidates/r5.png,90,85,89,87,89
TG07_I030,ab000007,1,FUSED,3,results_b200_2/intent4_qwen38_27b_30task_3seed_5r/repeat_1/shards/q38a/FUSED/problems/ab000007/candidates/r3.png,88,86,87,88,87
TG07_I031,ab000007,2,AXES,3,results_b200_2/intent4_qwen38_27b_30task_3seed_5r/repeat_2/shards/q38a/AXES/problems/ab000007/candidates/r3.png,89,87,88,89,88
TG07_I032,ab000007,1,FUSED,4,results_b200_2/intent4_qwen38_27b_30task_3seed_5r/repeat_1/shards/q38a/FUSED/problems/ab000007/candidates/r4.png,90,84,89,86,89
TG07_I033,ab000007,2,CEN_MAD,2,results_b200_2/intent4_qwen38_27b_30task_3seed_5r/repeat_2/shards/q38a/CEN_MAD/problems/ab000007/candidates/r2.png,76,75,79,79,77
TG07_I034,ab000007,2,MAD,5,results_b200_2/intent4_qwen38_27b_30task_3seed_5r/repeat_2/shards/q38a/MAD/problems/ab000007/candidates/r5.png,89,86,88,88,88
TG07_I035,ab000007,1,SELF,3,results_b200_2/intent4_qwen38_27b_30task_3seed_5r/repeat_1/shards/q38a/SELF/problems/ab000007/candidates/r3.png,78,72,81,76,79
TG07_I036,ab000007,2,FUSED,4,results_b200_2/intent4_qwen38_27b_30task_3seed_5r/repeat_2/shards/q38a/FUSED/problems/ab000007/candidates/r4.png,88,84,87,86,87
TG07_I037,ab000007,1,MAD,4,results_b200_2/intent4_qwen38_27b_30task_3seed_5r/repeat_1/shards/q38a/MAD/problems/ab000007/candidates/r4.png,89,85,88,87,88
TG07_I038,ab000007,1,AXES,2,results_b200_2/intent4_qwen38_27b_30task_3seed_5r/repeat_1/shards/q38a/AXES/problems/ab000007/candidates/r2.png,90,86,89,88,89
TG07_I039,ab000007,2,AXES,4,results_b200_2/intent4_qwen38_27b_30task_3seed_5r/repeat_2/shards/q38a/AXES/problems/ab000007/candidates/r4.png,88,87,87,89,87
TG07_I040,ab000007,2,FUSED,2,results_b200_2/intent4_qwen38_27b_30task_3seed_5r/repeat_2/shards/q38a/FUSED/problems/ab000007/candidates/r2.png,89,84,88,86,88
TG07_I041,ab000007,1,CEN_MAD,3,results_b200_2/intent4_qwen38_27b_30task_3seed_5r/repeat_1/shards/q38a/CEN_MAD/problems/ab000007/candidates/r3.png,90,85,89,87,89
TG07_I042,ab000007,1,FUSED,5,results_b200_2/intent4_qwen38_27b_30task_3seed_5r/repeat_1/shards/q38a/FUSED/problems/ab000007/candidates/r5.png,88,86,87,88,87
TG07_I043,ab000007,1,MAD,2,results_b200_2/intent4_qwen38_27b_30task_3seed_5r/repeat_1/shards/q38a/MAD/problems/ab000007/candidates/r2.png,61,64,72,69,66
TG07_I044,ab000007,2,SELF,5,results_b200_2/intent4_qwen38_27b_30task_3seed_5r/repeat_2/shards/q38a/SELF/problems/ab000007/candidates/r5.png,90,84,89,86,89
TG07_I045,ab000007,2,AXES,1,results_b200_2/intent4_qwen38_27b_30task_3seed_5r/repeat_2/shards/q38a/AXES/problems/ab000007/candidates/r1.png,58,62,70,66,64
TG07_I046,ab000007,2,FUSED,1,results_b200_2/intent4_qwen38_27b_30task_3seed_5r/repeat_2/shards/q38a/FUSED/problems/ab000007/candidates/r1.png,89,86,88,88,88
TG07_I047,ab000007,1,SELF,2,results_b200_2/intent4_qwen38_27b_30task_3seed_5r/repeat_1/shards/q38a/SELF/problems/ab000007/candidates/r2.png,90,87,89,89,89
TG07_I048,ab000007,2,SELF,3,results_b200_2/intent4_qwen38_27b_30task_3seed_5r/repeat_2/shards/q38a/SELF/problems/ab000007/candidates/r3.png,88,84,87,86,87
TG07_I049,ab000007,0,CEN_MAD,5,results_b200_2/intent4_qwen38_27b_30task_3seed_5r/repeat_0/shards/q38a/CEN_MAD/problems/ab000007/candidates/r5.png,89,85,88,87,88
TG07_I050,ab000007,0,MAD,2,results_b200_2/intent4_qwen38_27b_30task_3seed_5r/repeat_0/shards/q38a/MAD/problems/ab000007/candidates/r2.png,58,63,71,66,65
TG07_I051,ab000007,1,MAD,5,results_b200_2/intent4_qwen38_27b_30task_3seed_5r/repeat_1/shards/q38a/MAD/problems/ab000007/candidates/r5.png,88,87,87,89,87
TG07_I052,ab000007,0,MAD,1,results_b200_2/intent4_qwen38_27b_30task_3seed_5r/repeat_0/shards/q38a/MAD/problems/ab000007/candidates/r1.png,60,61,69,68,63
TG07_I053,ab000007,0,AXES,2,results_b200_2/intent4_qwen38_27b_30task_3seed_5r/repeat_0/shards/q38a/AXES/problems/ab000007/candidates/r2.png,61,62,70,69,64
TG07_I054,ab000007,1,AXES,4,results_b200_2/intent4_qwen38_27b_30task_3seed_5r/repeat_1/shards/q38a/AXES/problems/ab000007/candidates/r4.png,88,86,87,88,87
TG07_I055,ab000007,2,CEN_MAD,5,results_b200_2/intent4_qwen38_27b_30task_3seed_5r/repeat_2/shards/q38a/CEN_MAD/problems/ab000007/candidates/r5.png,58,64,72,66,66
TG07_I056,ab000007,2,MAD,3,results_b200_2/intent4_qwen38_27b_30task_3seed_5r/repeat_2/shards/q38a/MAD/problems/ab000007/candidates/r3.png,90,84,89,86,89
TG07_I057,ab000007,1,SELF,4,results_b200_2/intent4_qwen38_27b_30task_3seed_5r/repeat_1/shards/q38a/SELF/problems/ab000007/candidates/r4.png,76,74,79,78,77
TG07_I058,ab000007,0,AXES,3,results_b200_2/intent4_qwen38_27b_30task_3seed_5r/repeat_0/shards/q38a/AXES/problems/ab000007/candidates/r3.png,61,63,71,69,65
TG07_I059,ab000007,0,MAD,5,results_b200_2/intent4_qwen38_27b_30task_3seed_5r/repeat_0/shards/q38a/MAD/problems/ab000007/candidates/r5.png,62,64,72,70,66
TG07_I060,ab000007,1,R0,0,results_b200_2/intent4_qwen38_27b_30task_3seed_5r/repeat_1/shards/q38a/SELF/problems/ab000007/candidates/r0.png,88,84,87,86,87
TG07_I061,ab000007,2,CEN_MAD,4,results_b200_2/intent4_qwen38_27b_30task_3seed_5r/repeat_2/shards/q38a/CEN_MAD/problems/ab000007/candidates/r4.png,59,62,70,67,64
TG07_I062,ab000007,2,SELF,2,results_b200_2/intent4_qwen38_27b_30task_3seed_5r/repeat_2/shards/q38a/SELF/problems/ab000007/candidates/r2.png,90,86,89,88,89
TG07_I063,ab000007,0,AXES,1,results_b200_2/intent4_qwen38_27b_30task_3seed_5r/repeat_0/shards/q38a/AXES/problems/ab000007/candidates/r1.png,61,64,72,69,66
TG07_I064,ab000007,2,MAD,4,results_b200_2/intent4_qwen38_27b_30task_3seed_5r/repeat_2/shards/q38a/MAD/problems/ab000007/candidates/r4.png,89,84,88,86,88
TG07_I065,ab000007,0,CEN_MAD,1,results_b200_2/intent4_qwen38_27b_30task_3seed_5r/repeat_0/shards/q38a/CEN_MAD/problems/ab000007/candidates/r1.png,58,62,70,66,64
TG07_I066,ab000007,1,AXES,1,results_b200_2/intent4_qwen38_27b_30task_3seed_5r/repeat_1/shards/q38a/AXES/problems/ab000007/candidates/r1.png,88,86,87,88,87
TG07_I067,ab000007,0,MAD,4,results_b200_2/intent4_qwen38_27b_30task_3seed_5r/repeat_0/shards/q38a/MAD/problems/ab000007/candidates/r4.png,60,64,72,68,66
TG07_I068,ab000007,1,CEN_MAD,4,results_b200_2/intent4_qwen38_27b_30task_3seed_5r/repeat_1/shards/q38a/CEN_MAD/problems/ab000007/candidates/r4.png,90,84,89,86,89
TG07_I069,ab000007,0,SELF,4,results_b200_2/intent4_qwen38_27b_30task_3seed_5r/repeat_0/shards/q38a/SELF/problems/ab000007/candidates/r4.png,62,62,70,70,64
TG07_I070,ab000007,2,MAD,1,results_b200_2/intent4_qwen38_27b_30task_3seed_5r/repeat_2/shards/q38a/MAD/problems/ab000007/candidates/r1.png,46,55,65,58,53
TG07_I071,ab000007,0,FUSED,3,results_b200_2/intent4_qwen38_27b_30task_3seed_5r/repeat_0/shards/q38a/FUSED/problems/ab000007/candidates/r3.png,90,87,89,89,89
TG07_I072,ab000007,2,SELF,1,results_b200_2/intent4_qwen38_27b_30task_3seed_5r/repeat_2/shards/q38a/SELF/problems/ab000007/candidates/r1.png,88,84,87,86,87
TG07_I073,ab000007,2,R0,0,results_b200_2/intent4_qwen38_27b_30task_3seed_5r/repeat_2/shards/q38a/SELF/problems/ab000007/candidates/r0.png,46,55,65,58,53
TG07_I074,ab000007,0,CEN_MAD,2,results_b200_2/intent4_qwen38_27b_30task_3seed_5r/repeat_0/shards/q38a/CEN_MAD/problems/ab000007/candidates/r2.png,62,63,71,70,65
TG07_I075,ab000007,1,MAD,3,results_b200_2/intent4_qwen38_27b_30task_3seed_5r/repeat_1/shards/q38a/MAD/problems/ab000007/candidates/r3.png,88,87,87,89,87
TG07_I076,ab000007,1,FUSED,1,results_b200_2/intent4_qwen38_27b_30task_3seed_5r/repeat_1/shards/q38a/FUSED/problems/ab000007/candidates/r1.png,89,84,88,86,88
TG07_I077,ab000007,0,R0,0,results_b200_2/intent4_qwen38_27b_30task_3seed_5r/repeat_0/shards/q38a/SELF/problems/ab000007/candidates/r0.png,60,62,70,68,64
TG07_I078,ab000007,2,SELF,4,results_b200_2/intent4_qwen38_27b_30task_3seed_5r/repeat_2/shards/q38a/SELF/problems/ab000007/candidates/r4.png,88,86,87,88,87
TG08_I001,ab000008,0,MAD,4,results_b200_2/intent4_qwen38_27b_30task_3seed_5r/repeat_0/shards/q38a/MAD/problems/ab000008/candidates/r4.png,44,50,58,57,51
TG08_I002,ab000008,1,CEN_MAD,2,results_b200_2/intent4_qwen38_27b_30task_3seed_5r/repeat_1/shards/q38a/CEN_MAD/problems/ab000008/candidates/r2.png,90,87,89,89,90
TG08_I003,ab000008,1,SELF,5,results_b200_2/intent4_qwen38_27b_30task_3seed_5r/repeat_1/shards/q38a/SELF/problems/ab000008/candidates/r5.png,88,88,87,90,88
TG08_I004,ab000008,1,FUSED,2,results_b200_2/intent4_qwen38_27b_30task_3seed_5r/repeat_1/shards/q38a/FUSED/problems/ab000008/candidates/r2.png,89,85,88,87,89
TG08_I005,ab000008,1,FUSED,1,results_b200_2/intent4_qwen38_27b_30task_3seed_5r/repeat_1/shards/q38a/FUSED/problems/ab000008/candidates/r1.png,77,73,78,76,77
TG08_I006,ab000008,0,CEN_MAD,2,results_b200_2/intent4_qwen38_27b_30task_3seed_5r/repeat_0/shards/q38a/CEN_MAD/problems/ab000008/candidates/r2.png,88,87,87,89,88
TG08_I007,ab000008,2,MAD,3,results_b200_2/intent4_qwen38_27b_30task_3seed_5r/repeat_2/shards/q38a/MAD/problems/ab000008/candidates/r3.png,71,65,68,75,70
TG08_I008,ab000008,1,AXES,4,results_b200_2/intent4_qwen38_27b_30task_3seed_5r/repeat_1/shards/q38a/AXES/problems/ab000008/candidates/r4.png,90,85,89,87,90
TG08_I009,ab000008,0,AXES,2,results_b200_2/intent4_qwen38_27b_30task_3seed_5r/repeat_0/shards/q38a/AXES/problems/ab000008/candidates/r2.png,88,86,87,88,88
TG08_I010,ab000008,1,AXES,2,results_b200_2/intent4_qwen38_27b_30task_3seed_5r/repeat_1/shards/q38a/AXES/problems/ab000008/candidates/r2.png,89,87,88,89,89
TG08_I011,ab000008,0,CEN_MAD,5,results_b200_2/intent4_qwen38_27b_30task_3seed_5r/repeat_0/shards/q38a/CEN_MAD/problems/ab000008/candidates/r5.png,90,88,89,90,90
TG08_I012,ab000008,2,MAD,1,results_b200_2/intent4_qwen38_27b_30task_3seed_5r/repeat_2/shards/q38a/MAD/problems/ab000008/candidates/r1.png,88,85,87,87,88
TG08_I013,ab000008,1,MAD,2,results_b200_2/intent4_qwen38_27b_30task_3seed_5r/repeat_1/shards/q38a/MAD/problems/ab000008/candidates/r2.png,89,86,88,88,89
TG08_I014,ab000008,0,CEN_MAD,1,results_b200_2/intent4_qwen38_27b_30task_3seed_5r/repeat_0/shards/q38a/CEN_MAD/problems/ab000008/candidates/r1.png,90,87,89,89,90
TG08_I015,ab000008,2,AXES,5,results_b200_2/intent4_qwen38_27b_30task_3seed_5r/repeat_2/shards/q38a/AXES/problems/ab000008/candidates/r5.png,70,63,67,75,69
TG08_I016,ab000008,2,CEN_MAD,3,results_b200_2/intent4_qwen38_27b_30task_3seed_5r/repeat_2/shards/q38a/CEN_MAD/problems/ab000008/candidates/r3.png,71,64,68,68,70
TG08_I017,ab000008,0,AXES,3,results_b200_2/intent4_qwen38_27b_30task_3seed_5r/repeat_0/shards/q38a/AXES/problems/ab000008/candidates/r3.png,90,86,89,88,90
TG08_I018,ab000008,1,FUSED,4,results_b200_2/intent4_qwen38_27b_30task_3seed_5r/repeat_1/shards/q38a/FUSED/problems/ab000008/candidates/r4.png,45,53,59,60,52
TG08_I019,ab000008,0,AXES,5,results_b200_2/intent4_qwen38_27b_30task_3seed_5r/repeat_0/shards/q38a/AXES/problems/ab000008/candidates/r5.png,65,67,62,71,64
TG08_I020,ab000008,1,SELF,4,results_b200_2/intent4_qwen38_27b_30task_3seed_5r/repeat_1/shards/q38a/SELF/problems/ab000008/candidates/r4.png,90,85,89,87,90
TG08_I021,ab000008,2,MAD,2,results_b200_2/intent4_qwen38_27b_30task_3seed_5r/repeat_2/shards/q38a/MAD/problems/ab000008/candidates/r2.png,67,59,64,73,66
TG08_I022,ab000008,1,CEN_MAD,3,results_b200_2/intent4_qwen38_27b_30task_3seed_5r/repeat_1/shards/q38a/CEN_MAD/problems/ab000008/candidates/r3.png,89,87,88,89,89
TG08_I023,ab000008,2,FUSED,2,results_b200_2/intent4_qwen38_27b_30task_3seed_5r/repeat_2/shards/q38a/FUSED/problems/ab000008/candidates/r2.png,69,61,66,75,68
TG08_I024,ab000008,0,AXES,4,results_b200_2/intent4_qwen38_27b_30task_3seed_5r/repeat_0/shards/q38a/AXES/problems/ab000008/candidates/r4.png,88,85,87,87,88
TG08_I025,ab000008,1,SELF,1,results_b200_2/intent4_qwen38_27b_30task_3seed_5r/repeat_1/shards/q38a/SELF/problems/ab000008/candidates/r1.png,89,86,88,88,89
TG08_I026,ab000008,2,CEN_MAD,4,results_b200_2/intent4_qwen38_27b_30task_3seed_5r/repeat_2/shards/q38a/CEN_MAD/problems/ab000008/candidates/r4.png,72,64,69,70,71
TG08_I027,ab000008,0,CEN_MAD,4,results_b200_2/intent4_qwen38_27b_30task_3seed_5r/repeat_0/shards/q38a/CEN_MAD/problems/ab000008/candidates/r4.png,88,88,87,90,88
TG08_I028,ab000008,0,FUSED,4,results_b200_2/intent4_qwen38_27b_30task_3seed_5r/repeat_0/shards/q38a/FUSED/problems/ab000008/candidates/r4.png,89,85,88,87,89
TG08_I029,ab000008,0,MAD,2,results_b200_2/intent4_qwen38_27b_30task_3seed_5r/repeat_0/shards/q38a/MAD/problems/ab000008/candidates/r2.png,48,50,62,57,55
TG08_I030,ab000008,1,AXES,5,results_b200_2/intent4_qwen38_27b_30task_3seed_5r/repeat_1/shards/q38a/AXES/problems/ab000008/candidates/r5.png,88,87,87,89,88
TG08_I031,ab000008,2,FUSED,5,results_b200_2/intent4_qwen38_27b_30task_3seed_5r/repeat_2/shards/q38a/FUSED/problems/ab000008/candidates/r5.png,68,59,65,75,67
TG08_I032,ab000008,1,FUSED,5,results_b200_2/intent4_qwen38_27b_30task_3seed_5r/repeat_1/shards/q38a/FUSED/problems/ab000008/candidates/r5.png,43,53,57,60,50
TG08_I033,ab000008,0,CEN_MAD,3,results_b200_2/intent4_qwen38_27b_30task_3seed_5r/repeat_0/shards/q38a/CEN_MAD/problems/ab000008/candidates/r3.png,88,86,87,88,88
TG08_I034,ab000008,2,AXES,4,results_b200_2/intent4_qwen38_27b_30task_3seed_5r/repeat_2/shards/q38a/AXES/problems/ab000008/candidates/r4.png,71,62,68,70,70
TG08_I035,ab000008,0,FUSED,1,results_b200_2/intent4_qwen38_27b_30task_3seed_5r/repeat_0/shards/q38a/FUSED/problems/ab000008/candidates/r1.png,46,49,60,56,53
TG08_I036,ab000008,1,MAD,1,results_b200_2/intent4_qwen38_27b_30task_3seed_5r/repeat_1/shards/q38a/MAD/problems/ab000008/candidates/r1.png,88,85,87,87,88
TG08_I037,ab000008,0,SELF,1,results_b200_2/intent4_qwen38_27b_30task_3seed_5r/repeat_0/shards/q38a/SELF/problems/ab000008/candidates/r1.png,89,86,88,88,89
TG08_I038,ab000008,2,AXES,2,results_b200_2/intent4_qwen38_27b_30task_3seed_5r/repeat_2/shards/q38a/AXES/problems/ab000008/candidates/r2.png,66,66,63,74,65
TG08_I039,ab000008,1,CEN_MAD,4,results_b200_2/intent4_qwen38_27b_30task_3seed_5r/repeat_1/shards/q38a/CEN_MAD/problems/ab000008/candidates/r4.png,50,53,64,60,57
TG08_I040,ab000008,2,FUSED,1,results_b200_2/intent4_qwen38_27b_30task_3seed_5r/repeat_2/shards/q38a/FUSED/problems/ab000008/candidates/r1.png,68,58,65,68,67
TG08_I041,ab000008,2,R0,0,results_b200_2/intent4_qwen38_27b_30task_3seed_5r/repeat_2/shards/q38a/SELF/problems/ab000008/candidates/r0.png,90,86,89,88,90
TG08_I042,ab000008,2,AXES,3,results_b200_2/intent4_qwen38_27b_30task_3seed_5r/repeat_2/shards/q38a/AXES/problems/ab000008/candidates/r3.png,70,60,67,70,69
TG08_I043,ab000008,1,FUSED,3,results_b200_2/intent4_qwen38_27b_30task_3seed_5r/repeat_1/shards/q38a/FUSED/problems/ab000008/candidates/r3.png,89,88,88,90,89
TG08_I044,ab000008,0,R0,0,results_b200_2/intent4_qwen38_27b_30task_3seed_5r/repeat_0/shards/q38a/SELF/problems/ab000008/candidates/r0.png,90,85,89,87,90
TG08_I045,ab000008,2,FUSED,3,results_b200_2/intent4_qwen38_27b_30task_3seed_5r/repeat_2/shards/q38a/FUSED/problems/ab000008/candidates/r3.png,64,63,61,73,63
TG08_I046,ab000008,0,MAD,3,results_b200_2/intent4_qwen38_27b_30task_3seed_5r/repeat_0/shards/q38a/MAD/problems/ab000008/candidates/r3.png,49,53,63,60,56
TG08_I047,ab000008,2,SELF,2,results_b200_2/intent4_qwen38_27b_30task_3seed_5r/repeat_2/shards/q38a/SELF/problems/ab000008/candidates/r2.png,90,88,89,90,90
TG08_I048,ab000008,1,R0,0,results_b200_2/intent4_qwen38_27b_30task_3seed_5r/repeat_1/shards/q38a/SELF/problems/ab000008/candidates/r0.png,88,85,87,87,88
TG08_I049,ab000008,1,MAD,4,results_b200_2/intent4_qwen38_27b_30task_3seed_5r/repeat_1/shards/q38a/MAD/problems/ab000008/candidates/r4.png,68,67,65,69,67
TG08_I050,ab000008,0,MAD,1,results_b200_2/intent4_qwen38_27b_30task_3seed_5r/repeat_0/shards/q38a/MAD/problems/ab000008/candidates/r1.png,45,50,59,57,52
TG08_I051,ab000008,2,SELF,4,results_b200_2/intent4_qwen38_27b_30task_3seed_5r/repeat_2/shards/q38a/SELF/problems/ab000008/candidates/r4.png,88,88,87,90,88
TG08_I052,ab000008,1,CEN_MAD,1,results_b200_2/intent4_qwen38_27b_30task_3seed_5r/repeat_1/shards/q38a/CEN_MAD/problems/ab000008/candidates/r1.png,89,85,88,87,89
TG08_I053,ab000008,1,SELF,2,results_b200_2/intent4_qwen38_27b_30task_3seed_5r/repeat_1/shards/q38a/SELF/problems/ab000008/candidates/r2.png,90,86,89,88,90
TG08_I054,ab000008,2,AXES,1,results_b200_2/intent4_qwen38_27b_30task_3seed_5r/repeat_2/shards/q38a/AXES/problems/ab000008/candidates/r1.png,88,87,87,89,88
TG08_I055,ab000008,1,MAD,5,results_b200_2/intent4_qwen38_27b_30task_3seed_5r/repeat_1/shards/q38a/MAD/problems/ab000008/candidates/r5.png,65,63,62,75,64
TG08_I056,ab000008,0,FUSED,2,results_b200_2/intent4_qwen38_27b_30task_3seed_5r/repeat_0/shards/q38a/FUSED/problems/ab000008/candidates/r2.png,43,49,57,56,50
TG08_I057,ab000008,0,MAD,5,results_b200_2/intent4_qwen38_27b_30task_3seed_5r/repeat_0/shards/q38a/MAD/problems/ab000008/candidates/r5.png,44,50,58,57,51
TG08_I058,ab000008,2,MAD,5,results_b200_2/intent4_qwen38_27b_30task_3seed_5r/repeat_2/shards/q38a/MAD/problems/ab000008/candidates/r5.png,68,66,65,70,67
TG08_I059,ab000008,0,SELF,2,results_b200_2/intent4_qwen38_27b_30task_3seed_5r/repeat_0/shards/q38a/SELF/problems/ab000008/candidates/r2.png,90,88,89,90,90
TG08_I060,ab000008,0,FUSED,5,results_b200_2/intent4_qwen38_27b_30task_3seed_5r/repeat_0/shards/q38a/FUSED/problems/ab000008/candidates/r5.png,88,85,87,87,88
TG08_I061,ab000008,0,SELF,5,results_b200_2/intent4_qwen38_27b_30task_3seed_5r/repeat_0/shards/q38a/SELF/problems/ab000008/candidates/r5.png,71,59,68,73,70
TG08_I062,ab000008,1,MAD,3,results_b200_2/intent4_qwen38_27b_30task_3seed_5r/repeat_1/shards/q38a/MAD/problems/ab000008/candidates/r3.png,90,87,89,89,90
TG08_I063,ab000008,2,CEN_MAD,1,results_b200_2/intent4_qwen38_27b_30task_3seed_5r/repeat_2/shards/q38a/CEN_MAD/problems/ab000008/candidates/r1.png,64,61,61,75,63
TG08_I064,ab000008,1,SELF,3,results_b200_2/intent4_qwen38_27b_30task_3seed_5r/repeat_1/shards/q38a/SELF/problems/ab000008/candidates/r3.png,89,85,88,87,89
TG08_I065,ab000008,2,CEN_MAD,2,results_b200_2/intent4_qwen38_27b_30task_3seed_5r/repeat_2/shards/q38a/CEN_MAD/problems/ab000008/candidates/r2.png,90,86,89,88,90
TG08_I066,ab000008,1,CEN_MAD,5,results_b200_2/intent4_qwen38_27b_30task_3seed_5r/repeat_1/shards/q38a/CEN_MAD/problems/ab000008/candidates/r5.png,88,87,87,89,88
TG08_I067,ab000008,2,SELF,5,results_b200_2/intent4_qwen38_27b_30task_3seed_5r/repeat_2/shards/q38a/SELF/problems/ab000008/candidates/r5.png,89,88,88,90,89
TG08_I068,ab000008,0,SELF,3,results_b200_2/intent4_qwen38_27b_30task_3seed_5r/repeat_0/shards/q38a/SELF/problems/ab000008/candidates/r3.png,69,66,66,72,68
TG08_I069,ab000008,2,FUSED,4,results_b200_2/intent4_qwen38_27b_30task_3seed_5r/repeat_2/shards/q38a/FUSED/problems/ab000008/candidates/r4.png,70,67,67,73,69
TG08_I070,ab000008,1,AXES,1,results_b200_2/intent4_qwen38_27b_30task_3seed_5r/repeat_1/shards/q38a/AXES/problems/ab000008/candidates/r1.png,89,87,88,89,89
TG08_I071,ab000008,0,FUSED,3,results_b200_2/intent4_qwen38_27b_30task_3seed_5r/repeat_0/shards/q38a/FUSED/problems/ab000008/candidates/r3.png,72,59,69,75,71
TG08_I072,ab000008,1,AXES,3,results_b200_2/intent4_qwen38_27b_30task_3seed_5r/repeat_1/shards/q38a/AXES/problems/ab000008/candidates/r3.png,88,85,87,87,88
TG08_I073,ab000008,0,SELF,4,results_b200_2/intent4_qwen38_27b_30task_3seed_5r/repeat_0/shards/q38a/SELF/problems/ab000008/candidates/r4.png,65,61,62,69,64
TG08_I074,ab000008,0,AXES,1,results_b200_2/intent4_qwen38_27b_30task_3seed_5r/repeat_0/shards/q38a/AXES/problems/ab000008/candidates/r1.png,66,62,63,70,65
TG08_I075,ab000008,2,SELF,3,results_b200_2/intent4_qwen38_27b_30task_3seed_5r/repeat_2/shards/q38a/SELF/problems/ab000008/candidates/r3.png,88,88,87,90,88
TG08_I076,ab000008,2,SELF,1,results_b200_2/intent4_qwen38_27b_30task_3seed_5r/repeat_2/shards/q38a/SELF/problems/ab000008/candidates/r1.png,89,85,88,87,89
TG08_I077,ab000008,2,MAD,4,results_b200_2/intent4_qwen38_27b_30task_3seed_5r/repeat_2/shards/q38a/MAD/problems/ab000008/candidates/r4.png,69,65,66,73,68
TG08_I078,ab000008,2,CEN_MAD,5,results_b200_2/intent4_qwen38_27b_30task_3seed_5r/repeat_2/shards/q38a/CEN_MAD/problems/ab000008/candidates/r5.png,70,66,67,74,69
TG09_I001,ab000009,1,MAD,3,results_b200_2/intent4_qwen38_27b_30task_3seed_5r/repeat_1/shards/q38a/MAD/problems/ab000009/candidates/r3.png,92,91,89,86,89
TG09_I002,ab000009,2,MAD,1,results_b200_2/intent4_qwen38_27b_30task_3seed_5r/repeat_2/shards/q38a/MAD/problems/ab000009/candidates/r1.png,92,91,89,86,89
TG09_I003,ab000009,1,SELF,1,results_b200_2/intent4_qwen38_27b_30task_3seed_5r/repeat_1/shards/q38a/SELF/problems/ab000009/candidates/r1.png,92,91,89,86,89
TG09_I004,ab000009,0,R0,0,results_b200_2/intent4_qwen38_27b_30task_3seed_5r/repeat_0/shards/q38a/SELF/problems/ab000009/candidates/r0.png,12,31,20,18,17
TG09_I005,ab000009,2,FUSED,5,results_b200_2/intent4_qwen38_27b_30task_3seed_5r/repeat_2/shards/q38a/FUSED/problems/ab000009/candidates/r5.png,82,86,82,80,82
TG09_I006,ab000009,2,MAD,4,results_b200_2/intent4_qwen38_27b_30task_3seed_5r/repeat_2/shards/q38a/MAD/problems/ab000009/candidates/r4.png,82,86,82,80,82
TG09_I007,ab000009,1,FUSED,3,results_b200_2/intent4_qwen38_27b_30task_3seed_5r/repeat_1/shards/q38a/FUSED/problems/ab000009/candidates/r3.png,92,91,89,86,89
TG09_I008,ab000009,0,CEN_MAD,3,results_b200_2/intent4_qwen38_27b_30task_3seed_5r/repeat_0/shards/q38a/CEN_MAD/problems/ab000009/candidates/r3.png,12,31,20,18,17
TG09_I009,ab000009,1,AXES,3,results_b200_2/intent4_qwen38_27b_30task_3seed_5r/repeat_1/shards/q38a/AXES/problems/ab000009/candidates/r3.png,92,91,89,86,89
TG09_I010,ab000009,1,AXES,2,results_b200_2/intent4_qwen38_27b_30task_3seed_5r/repeat_1/shards/q38a/AXES/problems/ab000009/candidates/r2.png,92,91,89,86,89
TG09_I011,ab000009,0,MAD,3,results_b200_2/intent4_qwen38_27b_30task_3seed_5r/repeat_0/shards/q38a/MAD/problems/ab000009/candidates/r3.png,12,31,20,18,17
TG09_I012,ab000009,1,CEN_MAD,5,results_b200_2/intent4_qwen38_27b_30task_3seed_5r/repeat_1/shards/q38a/CEN_MAD/problems/ab000009/candidates/r5.png,66,76,70,69,69
TG09_I013,ab000009,0,AXES,2,results_b200_2/intent4_qwen38_27b_30task_3seed_5r/repeat_0/shards/q38a/AXES/problems/ab000009/candidates/r2.png,12,31,20,18,17
TG09_I014,ab000009,2,AXES,2,results_b200_2/intent4_qwen38_27b_30task_3seed_5r/repeat_2/shards/q38a/AXES/problems/ab000009/candidates/r2.png,12,31,20,18,17
TG09_I015,ab000009,0,FUSED,5,results_b200_2/intent4_qwen38_27b_30task_3seed_5r/repeat_0/shards/q38a/FUSED/problems/ab000009/candidates/r5.png,82,86,82,80,82
TG09_I016,ab000009,1,FUSED,1,results_b200_2/intent4_qwen38_27b_30task_3seed_5r/repeat_1/shards/q38a/FUSED/problems/ab000009/candidates/r1.png,82,86,82,80,82
TG09_I017,ab000009,2,AXES,5,results_b200_2/intent4_qwen38_27b_30task_3seed_5r/repeat_2/shards/q38a/AXES/problems/ab000009/candidates/r5.png,92,91,89,86,89
TG09_I018,ab000009,2,CEN_MAD,3,results_b200_2/intent4_qwen38_27b_30task_3seed_5r/repeat_2/shards/q38a/CEN_MAD/problems/ab000009/candidates/r3.png,82,86,82,80,82
TG09_I019,ab000009,2,SELF,1,results_b200_2/intent4_qwen38_27b_30task_3seed_5r/repeat_2/shards/q38a/SELF/problems/ab000009/candidates/r1.png,82,86,82,80,82
TG09_I020,ab000009,2,SELF,5,results_b200_2/intent4_qwen38_27b_30task_3seed_5r/repeat_2/shards/q38a/SELF/problems/ab000009/candidates/r5.png,82,86,82,80,82
TG09_I021,ab000009,1,MAD,2,results_b200_2/intent4_qwen38_27b_30task_3seed_5r/repeat_1/shards/q38a/MAD/problems/ab000009/candidates/r2.png,92,91,89,86,89
TG09_I022,ab000009,2,FUSED,4,results_b200_2/intent4_qwen38_27b_30task_3seed_5r/repeat_2/shards/q38a/FUSED/problems/ab000009/candidates/r4.png,82,86,82,80,82
TG09_I023,ab000009,2,CEN_MAD,4,results_b200_2/intent4_qwen38_27b_30task_3seed_5r/repeat_2/shards/q38a/CEN_MAD/problems/ab000009/candidates/r4.png,82,86,82,80,82
TG09_I024,ab000009,2,FUSED,3,results_b200_2/intent4_qwen38_27b_30task_3seed_5r/repeat_2/shards/q38a/FUSED/problems/ab000009/candidates/r3.png,82,86,82,80,82
TG09_I025,ab000009,1,CEN_MAD,1,results_b200_2/intent4_qwen38_27b_30task_3seed_5r/repeat_1/shards/q38a/CEN_MAD/problems/ab000009/candidates/r1.png,92,91,89,86,89
TG09_I026,ab000009,0,CEN_MAD,5,results_b200_2/intent4_qwen38_27b_30task_3seed_5r/repeat_0/shards/q38a/CEN_MAD/problems/ab000009/candidates/r5.png,12,31,20,18,17
TG09_I027,ab000009,0,SELF,5,results_b200_2/intent4_qwen38_27b_30task_3seed_5r/repeat_0/shards/q38a/SELF/problems/ab000009/candidates/r5.png,12,31,20,18,17
TG09_I028,ab000009,0,SELF,2,results_b200_2/intent4_qwen38_27b_30task_3seed_5r/repeat_0/shards/q38a/SELF/problems/ab000009/candidates/r2.png,12,31,20,18,17
TG09_I029,ab000009,0,AXES,5,results_b200_2/intent4_qwen38_27b_30task_3seed_5r/repeat_0/shards/q38a/AXES/problems/ab000009/candidates/r5.png,12,31,20,18,17
TG09_I030,ab000009,1,MAD,4,results_b200_2/intent4_qwen38_27b_30task_3seed_5r/repeat_1/shards/q38a/MAD/problems/ab000009/candidates/r4.png,92,91,89,86,89
TG09_I031,ab000009,2,SELF,3,results_b200_2/intent4_qwen38_27b_30task_3seed_5r/repeat_2/shards/q38a/SELF/problems/ab000009/candidates/r3.png,66,76,70,69,69
TG09_I032,ab000009,0,AXES,4,results_b200_2/intent4_qwen38_27b_30task_3seed_5r/repeat_0/shards/q38a/AXES/problems/ab000009/candidates/r4.png,12,31,20,18,17
TG09_I033,ab000009,1,MAD,1,results_b200_2/intent4_qwen38_27b_30task_3seed_5r/repeat_1/shards/q38a/MAD/problems/ab000009/candidates/r1.png,12,31,20,18,17
TG09_I034,ab000009,1,FUSED,2,results_b200_2/intent4_qwen38_27b_30task_3seed_5r/repeat_1/shards/q38a/FUSED/problems/ab000009/candidates/r2.png,92,91,89,86,89
TG09_I035,ab000009,2,R0,0,results_b200_2/intent4_qwen38_27b_30task_3seed_5r/repeat_2/shards/q38a/SELF/problems/ab000009/candidates/r0.png,66,76,70,69,69
TG09_I036,ab000009,2,AXES,4,results_b200_2/intent4_qwen38_27b_30task_3seed_5r/repeat_2/shards/q38a/AXES/problems/ab000009/candidates/r4.png,12,31,20,18,17
TG09_I037,ab000009,1,AXES,4,results_b200_2/intent4_qwen38_27b_30task_3seed_5r/repeat_1/shards/q38a/AXES/problems/ab000009/candidates/r4.png,92,91,89,86,89
TG09_I038,ab000009,2,CEN_MAD,1,results_b200_2/intent4_qwen38_27b_30task_3seed_5r/repeat_2/shards/q38a/CEN_MAD/problems/ab000009/candidates/r1.png,92,91,89,86,89
TG09_I039,ab000009,0,MAD,5,results_b200_2/intent4_qwen38_27b_30task_3seed_5r/repeat_0/shards/q38a/MAD/problems/ab000009/candidates/r5.png,12,31,20,18,17
TG09_I040,ab000009,1,CEN_MAD,2,results_b200_2/intent4_qwen38_27b_30task_3seed_5r/repeat_1/shards/q38a/CEN_MAD/problems/ab000009/candidates/r2.png,92,91,89,86,89
TG09_I041,ab000009,0,MAD,4,results_b200_2/intent4_qwen38_27b_30task_3seed_5r/repeat_0/shards/q38a/MAD/problems/ab000009/candidates/r4.png,12,31,20,18,17
TG09_I042,ab000009,1,SELF,2,results_b200_2/intent4_qwen38_27b_30task_3seed_5r/repeat_1/shards/q38a/SELF/problems/ab000009/candidates/r2.png,92,91,89,86,89
TG09_I043,ab000009,2,CEN_MAD,5,results_b200_2/intent4_qwen38_27b_30task_3seed_5r/repeat_2/shards/q38a/CEN_MAD/problems/ab000009/candidates/r5.png,92,91,89,86,89
TG09_I044,ab000009,1,MAD,5,results_b200_2/intent4_qwen38_27b_30task_3seed_5r/repeat_1/shards/q38a/MAD/problems/ab000009/candidates/r5.png,82,86,82,80,82
TG09_I045,ab000009,0,SELF,3,results_b200_2/intent4_qwen38_27b_30task_3seed_5r/repeat_0/shards/q38a/SELF/problems/ab000009/candidates/r3.png,12,31,20,18,17
TG09_I046,ab000009,2,AXES,1,results_b200_2/intent4_qwen38_27b_30task_3seed_5r/repeat_2/shards/q38a/AXES/problems/ab000009/candidates/r1.png,92,91,89,86,89
TG09_I047,ab000009,2,FUSED,2,results_b200_2/intent4_qwen38_27b_30task_3seed_5r/repeat_2/shards/q38a/FUSED/problems/ab000009/candidates/r2.png,82,86,82,80,82
TG09_I048,ab000009,0,CEN_MAD,2,results_b200_2/intent4_qwen38_27b_30task_3seed_5r/repeat_0/shards/q38a/CEN_MAD/problems/ab000009/candidates/r2.png,12,31,20,18,17
TG09_I049,ab000009,2,MAD,3,results_b200_2/intent4_qwen38_27b_30task_3seed_5r/repeat_2/shards/q38a/MAD/problems/ab000009/candidates/r3.png,12,31,20,18,17
TG09_I050,ab000009,2,MAD,2,results_b200_2/intent4_qwen38_27b_30task_3seed_5r/repeat_2/shards/q38a/MAD/problems/ab000009/candidates/r2.png,82,86,82,80,82
TG09_I051,ab000009,2,SELF,4,results_b200_2/intent4_qwen38_27b_30task_3seed_5r/repeat_2/shards/q38a/SELF/problems/ab000009/candidates/r4.png,82,86,82,80,82
TG09_I052,ab000009,2,AXES,3,results_b200_2/intent4_qwen38_27b_30task_3seed_5r/repeat_2/shards/q38a/AXES/problems/ab000009/candidates/r3.png,12,31,20,18,17
TG09_I053,ab000009,2,MAD,5,results_b200_2/intent4_qwen38_27b_30task_3seed_5r/repeat_2/shards/q38a/MAD/problems/ab000009/candidates/r5.png,92,91,89,86,89
TG09_I054,ab000009,1,AXES,1,results_b200_2/intent4_qwen38_27b_30task_3seed_5r/repeat_1/shards/q38a/AXES/problems/ab000009/candidates/r1.png,82,86,82,80,82
TG09_I055,ab000009,1,AXES,5,results_b200_2/intent4_qwen38_27b_30task_3seed_5r/repeat_1/shards/q38a/AXES/problems/ab000009/candidates/r5.png,82,86,82,80,82
TG09_I056,ab000009,1,SELF,4,results_b200_2/intent4_qwen38_27b_30task_3seed_5r/repeat_1/shards/q38a/SELF/problems/ab000009/candidates/r4.png,92,91,89,86,89
TG09_I057,ab000009,2,CEN_MAD,2,results_b200_2/intent4_qwen38_27b_30task_3seed_5r/repeat_2/shards/q38a/CEN_MAD/problems/ab000009/candidates/r2.png,92,91,89,86,89
TG09_I058,ab000009,1,SELF,3,results_b200_2/intent4_qwen38_27b_30task_3seed_5r/repeat_1/shards/q38a/SELF/problems/ab000009/candidates/r3.png,82,86,82,80,82
TG09_I059,ab000009,0,AXES,1,results_b200_2/intent4_qwen38_27b_30task_3seed_5r/repeat_0/shards/q38a/AXES/problems/ab000009/candidates/r1.png,12,31,20,18,17
TG09_I060,ab000009,0,MAD,2,results_b200_2/intent4_qwen38_27b_30task_3seed_5r/repeat_0/shards/q38a/MAD/problems/ab000009/candidates/r2.png,12,31,20,18,17
TG09_I061,ab000009,0,SELF,4,results_b200_2/intent4_qwen38_27b_30task_3seed_5r/repeat_0/shards/q38a/SELF/problems/ab000009/candidates/r4.png,12,31,20,18,17
TG09_I062,ab000009,0,FUSED,4,results_b200_2/intent4_qwen38_27b_30task_3seed_5r/repeat_0/shards/q38a/FUSED/problems/ab000009/candidates/r4.png,12,31,20,18,17
TG09_I063,ab000009,1,CEN_MAD,3,results_b200_2/intent4_qwen38_27b_30task_3seed_5r/repeat_1/shards/q38a/CEN_MAD/problems/ab000009/candidates/r3.png,92,91,89,86,89
TG09_I064,ab000009,0,MAD,1,results_b200_2/intent4_qwen38_27b_30task_3seed_5r/repeat_0/shards/q38a/MAD/problems/ab000009/candidates/r1.png,12,31,20,18,17
TG09_I065,ab000009,1,SELF,5,results_b200_2/intent4_qwen38_27b_30task_3seed_5r/repeat_1/shards/q38a/SELF/problems/ab000009/candidates/r5.png,92,91,89,86,89
TG09_I066,ab000009,1,R0,0,results_b200_2/intent4_qwen38_27b_30task_3seed_5r/repeat_1/shards/q38a/SELF/problems/ab000009/candidates/r0.png,92,91,89,86,89
TG09_I067,ab000009,1,FUSED,5,results_b200_2/intent4_qwen38_27b_30task_3seed_5r/repeat_1/shards/q38a/FUSED/problems/ab000009/candidates/r5.png,82,86,82,80,82
TG09_I068,ab000009,1,CEN_MAD,4,results_b200_2/intent4_qwen38_27b_30task_3seed_5r/repeat_1/shards/q38a/CEN_MAD/problems/ab000009/candidates/r4.png,92,91,89,86,89
TG09_I069,ab000009,0,FUSED,3,results_b200_2/intent4_qwen38_27b_30task_3seed_5r/repeat_0/shards/q38a/FUSED/problems/ab000009/candidates/r3.png,12,31,20,18,17
TG09_I070,ab000009,1,FUSED,4,results_b200_2/intent4_qwen38_27b_30task_3seed_5r/repeat_1/shards/q38a/FUSED/problems/ab000009/candidates/r4.png,92,91,89,86,89
TG09_I071,ab000009,2,FUSED,1,results_b200_2/intent4_qwen38_27b_30task_3seed_5r/repeat_2/shards/q38a/FUSED/problems/ab000009/candidates/r1.png,92,91,89,86,89
TG09_I072,ab000009,0,FUSED,2,results_b200_2/intent4_qwen38_27b_30task_3seed_5r/repeat_0/shards/q38a/FUSED/problems/ab000009/candidates/r2.png,12,31,20,18,17
TG09_I073,ab000009,0,CEN_MAD,4,results_b200_2/intent4_qwen38_27b_30task_3seed_5r/repeat_0/shards/q38a/CEN_MAD/problems/ab000009/candidates/r4.png,12,31,20,18,17
TG09_I074,ab000009,0,SELF,1,results_b200_2/intent4_qwen38_27b_30task_3seed_5r/repeat_0/shards/q38a/SELF/problems/ab000009/candidates/r1.png,92,91,89,86,89
TG09_I075,ab000009,0,FUSED,1,results_b200_2/intent4_qwen38_27b_30task_3seed_5r/repeat_0/shards/q38a/FUSED/problems/ab000009/candidates/r1.png,12,31,20,18,17
TG09_I076,ab000009,2,SELF,2,results_b200_2/intent4_qwen38_27b_30task_3seed_5r/repeat_2/shards/q38a/SELF/problems/ab000009/candidates/r2.png,82,86,82,80,82
TG09_I077,ab000009,0,AXES,3,results_b200_2/intent4_qwen38_27b_30task_3seed_5r/repeat_0/shards/q38a/AXES/problems/ab000009/candidates/r3.png,12,31,20,18,17
TG09_I078,ab000009,0,CEN_MAD,1,results_b200_2/intent4_qwen38_27b_30task_3seed_5r/repeat_0/shards/q38a/CEN_MAD/problems/ab000009/candidates/r1.png,12,31,20,18,17
TG10_I001,ab000010,2,CEN_MAD,4,results_b200_2/intent4_qwen38_27b_30task_3seed_5r/repeat_2/shards/q38a/CEN_MAD/problems/ab000010/candidates/r4.png,60,69,77,63,66
TG10_I002,ab000010,2,FUSED,1,results_b200_2/intent4_qwen38_27b_30task_3seed_5r/repeat_2/shards/q38a/FUSED/problems/ab000010/candidates/r1.png,61,70,78,64,67
TG10_I003,ab000010,1,SELF,3,results_b200_2/intent4_qwen38_27b_30task_3seed_5r/repeat_1/shards/q38a/SELF/problems/ab000010/candidates/r3.png,90,87,90,89,91
TG10_I004,ab000010,1,CEN_MAD,2,results_b200_2/intent4_qwen38_27b_30task_3seed_5r/repeat_1/shards/q38a/CEN_MAD/problems/ab000010/candidates/r2.png,63,72,80,66,69
TG10_I005,ab000010,0,FUSED,2,results_b200_2/intent4_qwen38_27b_30task_3seed_5r/repeat_0/shards/q38a/FUSED/problems/ab000010/candidates/r2.png,64,73,81,67,70
TG10_I006,ab000010,2,AXES,1,results_b200_2/intent4_qwen38_27b_30task_3seed_5r/repeat_2/shards/q38a/AXES/problems/ab000010/candidates/r1.png,65,74,82,68,71
TG10_I007,ab000010,1,MAD,3,results_b200_2/intent4_qwen38_27b_30task_3seed_5r/repeat_1/shards/q38a/MAD/problems/ab000010/candidates/r3.png,59,68,76,62,65
TG10_I008,ab000010,1,CEN_MAD,3,results_b200_2/intent4_qwen38_27b_30task_3seed_5r/repeat_1/shards/q38a/CEN_MAD/problems/ab000010/candidates/r3.png,87,87,87,89,88
TG10_I009,ab000010,0,SELF,5,results_b200_2/intent4_qwen38_27b_30task_3seed_5r/repeat_0/shards/q38a/SELF/problems/ab000010/candidates/r5.png,61,70,78,64,67
TG10_I010,ab000010,0,SELF,3,results_b200_2/intent4_qwen38_27b_30task_3seed_5r/repeat_0/shards/q38a/SELF/problems/ab000010/candidates/r3.png,62,71,79,65,68
TG10_I011,ab000010,1,AXES,4,results_b200_2/intent4_qwen38_27b_30task_3seed_5r/repeat_1/shards/q38a/AXES/problems/ab000010/candidates/r4.png,42,54,58,46,47
TG10_I012,ab000010,2,CEN_MAD,1,results_b200_2/intent4_qwen38_27b_30task_3seed_5r/repeat_2/shards/q38a/CEN_MAD/problems/ab000010/candidates/r1.png,64,73,81,67,70
TG10_I013,ab000010,1,AXES,1,results_b200_2/intent4_qwen38_27b_30task_3seed_5r/repeat_1/shards/q38a/AXES/problems/ab000010/candidates/r1.png,65,74,82,68,71
TG10_I014,ab000010,0,MAD,5,results_b200_2/intent4_qwen38_27b_30task_3seed_5r/repeat_0/shards/q38a/MAD/problems/ab000010/candidates/r5.png,89,88,89,90,90
TG10_I015,ab000010,0,CEN_MAD,1,results_b200_2/intent4_qwen38_27b_30task_3seed_5r/repeat_0/shards/q38a/CEN_MAD/problems/ab000010/candidates/r1.png,60,69,77,63,66
TG10_I016,ab000010,0,SELF,4,results_b200_2/intent4_qwen38_27b_30task_3seed_5r/repeat_0/shards/q38a/SELF/problems/ab000010/candidates/r4.png,61,70,78,64,67
TG10_I017,ab000010,0,FUSED,5,results_b200_2/intent4_qwen38_27b_30task_3seed_5r/repeat_0/shards/q38a/FUSED/problems/ab000010/candidates/r5.png,72,74,75,74,73
TG10_I018,ab000010,1,FUSED,2,results_b200_2/intent4_qwen38_27b_30task_3seed_5r/repeat_1/shards/q38a/FUSED/problems/ab000010/candidates/r2.png,41,54,57,46,47
TG10_I019,ab000010,0,AXES,1,results_b200_2/intent4_qwen38_27b_30task_3seed_5r/repeat_0/shards/q38a/AXES/problems/ab000010/candidates/r1.png,64,73,81,67,70
TG10_I020,ab000010,0,SELF,1,results_b200_2/intent4_qwen38_27b_30task_3seed_5r/repeat_0/shards/q38a/SELF/problems/ab000010/candidates/r1.png,65,74,82,68,71
TG10_I021,ab000010,2,SELF,4,results_b200_2/intent4_qwen38_27b_30task_3seed_5r/repeat_2/shards/q38a/SELF/problems/ab000010/candidates/r4.png,59,68,76,62,65
TG10_I022,ab000010,2,MAD,1,results_b200_2/intent4_qwen38_27b_30task_3seed_5r/repeat_2/shards/q38a/MAD/problems/ab000010/candidates/r1.png,60,69,77,63,66
TG10_I023,ab000010,1,FUSED,5,results_b200_2/intent4_qwen38_27b_30task_3seed_5r/repeat_1/shards/q38a/FUSED/problems/ab000010/candidates/r5.png,61,70,78,64,67
TG10_I024,ab000010,0,FUSED,1,results_b200_2/intent4_qwen38_27b_30task_3seed_5r/repeat_0/shards/q38a/FUSED/problems/ab000010/candidates/r1.png,62,71,79,65,68
TG10_I025,ab000010,0,FUSED,4,results_b200_2/intent4_qwen38_27b_30task_3seed_5r/repeat_0/shards/q38a/FUSED/problems/ab000010/candidates/r4.png,72,73,75,74,73
TG10_I026,ab000010,0,MAD,1,results_b200_2/intent4_qwen38_27b_30task_3seed_5r/repeat_0/shards/q38a/MAD/problems/ab000010/candidates/r1.png,64,73,81,67,70
TG10_I027,ab000010,1,CEN_MAD,4,results_b200_2/intent4_qwen38_27b_30task_3seed_5r/repeat_1/shards/q38a/CEN_MAD/problems/ab000010/candidates/r4.png,90,86,90,88,91
TG10_I028,ab000010,1,SELF,5,results_b200_2/intent4_qwen38_27b_30task_3seed_5r/repeat_1/shards/q38a/SELF/problems/ab000010/candidates/r5.png,87,87,87,89,88
TG10_I029,ab000010,2,SELF,2,results_b200_2/intent4_qwen38_27b_30task_3seed_5r/repeat_2/shards/q38a/SELF/problems/ab000010/candidates/r2.png,60,69,77,63,66
TG10_I030,ab000010,2,AXES,2,results_b200_2/intent4_qwen38_27b_30task_3seed_5r/repeat_2/shards/q38a/AXES/problems/ab000010/candidates/r2.png,61,70,78,64,67
TG10_I031,ab000010,2,CEN_MAD,2,results_b200_2/intent4_qwen38_27b_30task_3seed_5r/repeat_2/shards/q38a/CEN_MAD/problems/ab000010/candidates/r2.png,62,71,79,65,68
TG10_I032,ab000010,2,FUSED,2,results_b200_2/intent4_qwen38_27b_30task_3seed_5r/repeat_2/shards/q38a/FUSED/problems/ab000010/candidates/r2.png,63,72,80,66,69
TG10_I033,ab000010,1,R0,0,results_b200_2/intent4_qwen38_27b_30task_3seed_5r/repeat_1/shards/q38a/SELF/problems/ab000010/candidates/r0.png,40,55,56,47,48
TG10_I034,ab000010,0,CEN_MAD,5,results_b200_2/intent4_qwen38_27b_30task_3seed_5r/repeat_0/shards/q38a/CEN_MAD/problems/ab000010/candidates/r5.png,65,74,82,68,71
TG10_I035,ab000010,2,MAD,4,results_b200_2/intent4_qwen38_27b_30task_3seed_5r/repeat_2/shards/q38a/MAD/problems/ab000010/candidates/r4.png,59,68,76,62,65
TG10_I036,ab000010,2,MAD,3,results_b200_2/intent4_qwen38_27b_30task_3seed_5r/repeat_2/shards/q38a/MAD/problems/ab000010/candidates/r3.png,60,69,77,63,66
TG10_I037,ab000010,2,SELF,5,results_b200_2/intent4_qwen38_27b_30task_3seed_5r/repeat_2/shards/q38a/SELF/problems/ab000010/candidates/r5.png,61,70,78,64,67
TG10_I038,ab000010,2,CEN_MAD,3,results_b200_2/intent4_qwen38_27b_30task_3seed_5r/repeat_2/shards/q38a/CEN_MAD/problems/ab000010/candidates/r3.png,62,71,79,65,68
TG10_I039,ab000010,2,AXES,5,results_b200_2/intent4_qwen38_27b_30task_3seed_5r/repeat_2/shards/q38a/AXES/problems/ab000010/candidates/r5.png,63,72,80,66,69
TG10_I040,ab000010,1,SELF,4,results_b200_2/intent4_qwen38_27b_30task_3seed_5r/repeat_1/shards/q38a/SELF/problems/ab000010/candidates/r4.png,87,84,87,86,88
TG10_I041,ab000010,2,FUSED,5,results_b200_2/intent4_qwen38_27b_30task_3seed_5r/repeat_2/shards/q38a/FUSED/problems/ab000010/candidates/r5.png,72,74,75,74,73
TG10_I042,ab000010,1,FUSED,3,results_b200_2/intent4_qwen38_27b_30task_3seed_5r/repeat_1/shards/q38a/FUSED/problems/ab000010/candidates/r3.png,41,50,57,42,43
TG10_I043,ab000010,0,MAD,4,results_b200_2/intent4_qwen38_27b_30task_3seed_5r/repeat_0/shards/q38a/MAD/problems/ab000010/candidates/r4.png,60,69,77,63,66
TG10_I044,ab000010,2,MAD,2,results_b200_2/intent4_qwen38_27b_30task_3seed_5r/repeat_2/shards/q38a/MAD/problems/ab000010/candidates/r2.png,61,70,78,64,67
TG10_I045,ab000010,0,MAD,3,results_b200_2/intent4_qwen38_27b_30task_3seed_5r/repeat_0/shards/q38a/MAD/problems/ab000010/candidates/r3.png,62,71,79,65,68
TG10_I046,ab000010,1,AXES,2,results_b200_2/intent4_qwen38_27b_30task_3seed_5r/repeat_1/shards/q38a/AXES/problems/ab000010/candidates/r2.png,45,54,61,46,47
TG10_I047,ab000010,1,SELF,1,results_b200_2/intent4_qwen38_27b_30task_3seed_5r/repeat_1/shards/q38a/SELF/problems/ab000010/candidates/r1.png,90,86,90,88,91
TG10_I048,ab000010,0,SELF,2,results_b200_2/intent4_qwen38_27b_30task_3seed_5r/repeat_0/shards/q38a/SELF/problems/ab000010/candidates/r2.png,65,74,82,68,71
TG10_I049,ab000010,2,FUSED,4,results_b200_2/intent4_qwen38_27b_30task_3seed_5r/repeat_2/shards/q38a/FUSED/problems/ab000010/candidates/r4.png,72,73,75,74,73
TG10_I050,ab000010,0,CEN_MAD,3,results_b200_2/intent4_qwen38_27b_30task_3seed_5r/repeat_0/shards/q38a/CEN_MAD/problems/ab000010/candidates/r3.png,60,69,77,63,66
TG10_I051,ab000010,2,R0,0,results_b200_2/intent4_qwen38_27b_30task_3seed_5r/repeat_2/shards/q38a/SELF/problems/ab000010/candidates/r0.png,61,70,78,64,67
TG10_I052,ab000010,1,CEN_MAD,5,results_b200_2/intent4_qwen38_27b_30task_3seed_5r/repeat_1/shards/q38a/CEN_MAD/problems/ab000010/candidates/r5.png,87,86,87,88,88
TG10_I053,ab000010,2,AXES,4,results_b200_2/intent4_qwen38_27b_30task_3seed_5r/repeat_2/shards/q38a/AXES/problems/ab000010/candidates/r4.png,63,72,80,66,69
TG10_I054,ab000010,2,AXES,3,results_b200_2/intent4_qwen38_27b_30task_3seed_5r/repeat_2/shards/q38a/AXES/problems/ab000010/candidates/r3.png,64,73,81,67,70
TG10_I055,ab000010,1,SELF,2,results_b200_2/intent4_qwen38_27b_30task_3seed_5r/repeat_1/shards/q38a/SELF/problems/ab000010/candidates/r2.png,90,84,90,86,91
TG10_I056,ab000010,2,MAD,5,results_b200_2/intent4_qwen38_27b_30task_3seed_5r/repeat_2/shards/q38a/MAD/problems/ab000010/candidates/r5.png,59,68,76,62,65
TG10_I057,ab000010,1,FUSED,4,results_b200_2/intent4_qwen38_27b_30task_3seed_5r/repeat_1/shards/q38a/FUSED/problems/ab000010/candidates/r4.png,40,51,56,43,44
TG10_I058,ab000010,1,CEN_MAD,1,results_b200_2/intent4_qwen38_27b_30task_3seed_5r/repeat_1/shards/q38a/CEN_MAD/problems/ab000010/candidates/r1.png,89,87,89,89,90
TG10_I059,ab000010,1,MAD,2,results_b200_2/intent4_qwen38_27b_30task_3seed_5r/repeat_1/shards/q38a/MAD/problems/ab000010/candidates/r2.png,74,74,77,76,75
TG10_I060,ab000010,0,FUSED,3,results_b200_2/intent4_qwen38_27b_30task_3seed_5r/repeat_0/shards/q38a/FUSED/problems/ab000010/candidates/r3.png,63,72,80,66,69
TG10_I061,ab000010,0,CEN_MAD,4,results_b200_2/intent4_qwen38_27b_30task_3seed_5r/repeat_0/shards/q38a/CEN_MAD/problems/ab000010/candidates/r4.png,44,55,60,47,48
TG10_I062,ab000010,1,MAD,4,results_b200_2/intent4_qwen38_27b_30task_3seed_5r/repeat_1/shards/q38a/MAD/problems/ab000010/candidates/r4.png,45,56,61,48,49
TG10_I063,ab000010,1,FUSED,1,results_b200_2/intent4_qwen38_27b_30task_3seed_5r/repeat_1/shards/q38a/FUSED/problems/ab000010/candidates/r1.png,59,68,76,62,65
TG10_I064,ab000010,2,FUSED,3,results_b200_2/intent4_qwen38_27b_30task_3seed_5r/repeat_2/shards/q38a/FUSED/problems/ab000010/candidates/r3.png,60,69,77,63,66
TG10_I065,ab000010,0,CEN_MAD,2,results_b200_2/intent4_qwen38_27b_30task_3seed_5r/repeat_0/shards/q38a/CEN_MAD/problems/ab000010/candidates/r2.png,61,70,78,64,67
TG10_I066,ab000010,2,CEN_MAD,5,results_b200_2/intent4_qwen38_27b_30task_3seed_5r/repeat_2/shards/q38a/CEN_MAD/problems/ab000010/candidates/r5.png,62,71,79,65,68
TG10_I067,ab000010,1,AXES,5,results_b200_2/intent4_qwen38_27b_30task_3seed_5r/repeat_1/shards/q38a/AXES/problems/ab000010/candidates/r5.png,42,54,58,46,47
TG10_I068,ab000010,0,R0,0,results_b200_2/intent4_qwen38_27b_30task_3seed_5r/repeat_0/shards/q38a/SELF/problems/ab000010/candidates/r0.png,64,73,81,67,70
TG10_I069,ab000010,2,SELF,3,results_b200_2/intent4_qwen38_27b_30task_3seed_5r/repeat_2/shards/q38a/SELF/problems/ab000010/candidates/r3.png,65,74,82,68,71
TG10_I070,ab000010,0,MAD,2,results_b200_2/intent4_qwen38_27b_30task_3seed_5r/repeat_0/shards/q38a/MAD/problems/ab000010/candidates/r2.png,59,68,76,62,65
TG10_I071,ab000010,2,SELF,1,results_b200_2/intent4_qwen38_27b_30task_3seed_5r/repeat_2/shards/q38a/SELF/problems/ab000010/candidates/r1.png,60,69,77,63,66
TG10_I072,ab000010,0,AXES,5,results_b200_2/intent4_qwen38_27b_30task_3seed_5r/repeat_0/shards/q38a/AXES/problems/ab000010/candidates/r5.png,61,70,78,64,67
TG10_I073,ab000010,0,AXES,2,results_b200_2/intent4_qwen38_27b_30task_3seed_5r/repeat_0/shards/q38a/AXES/problems/ab000010/candidates/r2.png,62,71,79,65,68
TG10_I074,ab000010,1,MAD,1,results_b200_2/intent4_qwen38_27b_30task_3seed_5r/repeat_1/shards/q38a/MAD/problems/ab000010/candidates/r1.png,89,88,89,90,90
TG10_I075,ab000010,1,AXES,3,results_b200_2/intent4_qwen38_27b_30task_3seed_5r/repeat_1/shards/q38a/AXES/problems/ab000010/candidates/r3.png,42,55,58,47,48
TG10_I076,ab000010,1,MAD,5,results_b200_2/intent4_qwen38_27b_30task_3seed_5r/repeat_1/shards/q38a/MAD/problems/ab000010/candidates/r5.png,43,56,59,48,49
TG10_I077,ab000010,0,AXES,3,results_b200_2/intent4_qwen38_27b_30task_3seed_5r/repeat_0/shards/q38a/AXES/problems/ab000010/candidates/r3.png,59,68,76,62,65
TG10_I078,ab000010,0,AXES,4,results_b200_2/intent4_qwen38_27b_30task_3seed_5r/repeat_0/shards/q38a/AXES/problems/ab000010/candidates/r4.png,60,69,77,63,66
TG11_I001,ab000011,2,SELF,4,results_b200_2/intent4_qwen38_27b_30task_3seed_5r/repeat_2/shards/q38a/SELF/problems/ab000011/candidates/r4.png,73,69,71,70,72
TG11_I002,ab000011,0,SELF,5,results_b200_2/intent4_qwen38_27b_30task_3seed_5r/repeat_0/shards/q38a/SELF/problems/ab000011/candidates/r5.png,27,45,50,47,36
TG11_I003,ab000011,1,CEN_MAD,2,results_b200_2/intent4_qwen38_27b_30task_3seed_5r/repeat_1/shards/q38a/CEN_MAD/problems/ab000011/candidates/r2.png,91,86,87,85,89
TG11_I004,ab000011,0,MAD,4,results_b200_2/intent4_qwen38_27b_30task_3seed_5r/repeat_0/shards/q38a/MAD/problems/ab000011/candidates/r4.png,29,47,52,49,38
TG11_I005,ab000011,0,AXES,3,results_b200_2/intent4_qwen38_27b_30task_3seed_5r/repeat_0/shards/q38a/AXES/problems/ab000011/candidates/r3.png,30,48,53,50,39
TG11_I006,ab000011,0,SELF,3,results_b200_2/intent4_qwen38_27b_30task_3seed_5r/repeat_0/shards/q38a/SELF/problems/ab000011/candidates/r3.png,31,49,54,51,40
TG11_I007,ab000011,1,R0,0,results_b200_2/intent4_qwen38_27b_30task_3seed_5r/repeat_1/shards/q38a/SELF/problems/ab000011/candidates/r0.png,91,84,86,82,88
TG11_I008,ab000011,2,MAD,2,results_b200_2/intent4_qwen38_27b_30task_3seed_5r/repeat_2/shards/q38a/MAD/problems/ab000011/candidates/r2.png,72,76,78,69,79
TG11_I009,ab000011,0,R0,0,results_b200_2/intent4_qwen38_27b_30task_3seed_5r/repeat_0/shards/q38a/SELF/problems/ab000011/candidates/r0.png,27,43,49,54,36
TG11_I010,ab000011,0,CEN_MAD,1,results_b200_2/intent4_qwen38_27b_30task_3seed_5r/repeat_0/shards/q38a/CEN_MAD/problems/ab000011/candidates/r1.png,28,44,50,45,37
TG11_I011,ab000011,0,SELF,1,results_b200_2/intent4_qwen38_27b_30task_3seed_5r/repeat_0/shards/q38a/SELF/problems/ab000011/candidates/r1.png,29,45,51,46,38
TG11_I012,ab000011,1,CEN_MAD,4,results_b200_2/intent4_qwen38_27b_30task_3seed_5r/repeat_1/shards/q38a/CEN_MAD/problems/ab000011/candidates/r4.png,76,70,73,73,74
TG11_I013,ab000011,1,FUSED,4,results_b200_2/intent4_qwen38_27b_30task_3seed_5r/repeat_1/shards/q38a/FUSED/problems/ab000011/candidates/r4.png,31,47,53,48,40
TG11_I014,ab000011,2,R0,0,results_b200_2/intent4_qwen38_27b_30task_3seed_5r/repeat_2/shards/q38a/SELF/problems/ab000011/candidates/r0.png,90,85,88,82,90
TG11_I015,ab000011,2,AXES,4,results_b200_2/intent4_qwen38_27b_30task_3seed_5r/repeat_2/shards/q38a/AXES/problems/ab000011/candidates/r4.png,79,73,76,76,77
TG11_I016,ab000011,0,AXES,2,results_b200_2/intent4_qwen38_27b_30task_3seed_5r/repeat_0/shards/q38a/AXES/problems/ab000011/candidates/r2.png,27,50,48,51,36
TG11_I017,ab000011,1,MAD,4,results_b200_2/intent4_qwen38_27b_30task_3seed_5r/repeat_1/shards/q38a/MAD/problems/ab000011/candidates/r4.png,73,75,78,70,79
TG11_I018,ab000011,1,AXES,1,results_b200_2/intent4_qwen38_27b_30task_3seed_5r/repeat_1/shards/q38a/AXES/problems/ab000011/candidates/r1.png,90,83,87,86,89
TG11_I019,ab000011,2,CEN_MAD,3,results_b200_2/intent4_qwen38_27b_30task_3seed_5r/repeat_2/shards/q38a/CEN_MAD/problems/ab000011/candidates/r3.png,75,77,71,72,72
TG11_I020,ab000011,0,SELF,4,results_b200_2/intent4_qwen38_27b_30task_3seed_5r/repeat_0/shards/q38a/SELF/problems/ab000011/candidates/r4.png,76,68,72,73,73
TG11_I021,ab000011,0,FUSED,2,results_b200_2/intent4_qwen38_27b_30task_3seed_5r/repeat_0/shards/q38a/FUSED/problems/ab000011/candidates/r2.png,25,46,53,46,34
TG11_I022,ab000011,1,CEN_MAD,3,results_b200_2/intent4_qwen38_27b_30task_3seed_5r/repeat_1/shards/q38a/CEN_MAD/problems/ab000011/candidates/r3.png,78,70,74,75,75
TG11_I023,ab000011,2,CEN_MAD,2,results_b200_2/intent4_qwen38_27b_30task_3seed_5r/repeat_2/shards/q38a/CEN_MAD/problems/ab000011/candidates/r2.png,79,71,75,76,76
TG11_I024,ab000011,0,FUSED,1,results_b200_2/intent4_qwen38_27b_30task_3seed_5r/repeat_0/shards/q38a/FUSED/problems/ab000011/candidates/r1.png,28,49,48,49,37
TG11_I025,ab000011,1,FUSED,2,results_b200_2/intent4_qwen38_27b_30task_3seed_5r/repeat_1/shards/q38a/FUSED/problems/ab000011/candidates/r2.png,89,84,84,86,86
TG11_I026,ab000011,1,FUSED,5,results_b200_2/intent4_qwen38_27b_30task_3seed_5r/repeat_1/shards/q38a/FUSED/problems/ab000011/candidates/r5.png,30,51,50,51,39
TG11_I027,ab000011,2,AXES,1,results_b200_2/intent4_qwen38_27b_30task_3seed_5r/repeat_2/shards/q38a/AXES/problems/ab000011/candidates/r1.png,75,75,70,72,71
TG11_I028,ab000011,2,FUSED,3,results_b200_2/intent4_qwen38_27b_30task_3seed_5r/repeat_2/shards/q38a/FUSED/problems/ab000011/candidates/r3.png,76,76,71,73,72
TG11_I029,ab000011,2,CEN_MAD,4,results_b200_2/intent4_qwen38_27b_30task_3seed_5r/repeat_2/shards/q38a/CEN_MAD/problems/ab000011/candidates/r4.png,77,77,72,74,73
TG11_I030,ab000011,0,AXES,1,results_b200_2/intent4_qwen38_27b_30task_3seed_5r/repeat_0/shards/q38a/AXES/problems/ab000011/candidates/r1.png,27,46,54,45,36
TG11_I031,ab000011,0,FUSED,4,results_b200_2/intent4_qwen38_27b_30task_3seed_5r/repeat_0/shards/q38a/FUSED/problems/ab000011/candidates/r4.png,28,47,55,46,37
TG11_I032,ab000011,1,FUSED,3,results_b200_2/intent4_qwen38_27b_30task_3seed_5r/repeat_1/shards/q38a/FUSED/problems/ab000011/candidates/r3.png,72,70,75,69,76
TG11_I033,ab000011,0,CEN_MAD,3,results_b200_2/intent4_qwen38_27b_30task_3seed_5r/repeat_0/shards/q38a/CEN_MAD/problems/ab000011/candidates/r3.png,30,49,49,48,39
TG11_I034,ab000011,2,FUSED,2,results_b200_2/intent4_qwen38_27b_30task_3seed_5r/repeat_2/shards/q38a/FUSED/problems/ab000011/candidates/r2.png,74,72,77,71,78
TG11_I035,ab000011,2,FUSED,5,results_b200_2/intent4_qwen38_27b_30task_3seed_5r/repeat_2/shards/q38a/FUSED/problems/ab000011/candidates/r5.png,75,73,78,72,79
TG11_I036,ab000011,0,CEN_MAD,5,results_b200_2/intent4_qwen38_27b_30task_3seed_5r/repeat_0/shards/q38a/CEN_MAD/problems/ab000011/candidates/r5.png,26,43,52,51,35
TG11_I037,ab000011,1,CEN_MAD,5,results_b200_2/intent4_qwen38_27b_30task_3seed_5r/repeat_1/shards/q38a/CEN_MAD/problems/ab000011/candidates/r5.png,89,84,86,84,88
TG11_I038,ab000011,1,SELF,4,results_b200_2/intent4_qwen38_27b_30task_3seed_5r/repeat_1/shards/q38a/SELF/problems/ab000011/candidates/r4.png,84,84,82,79,83
TG11_I039,ab000011,2,SELF,1,results_b200_2/intent4_qwen38_27b_30task_3seed_5r/repeat_2/shards/q38a/SELF/problems/ab000011/candidates/r1.png,79,77,73,76,74
TG11_I040,ab000011,2,AXES,2,results_b200_2/intent4_qwen38_27b_30task_3seed_5r/repeat_2/shards/q38a/AXES/problems/ab000011/candidates/r2.png,72,68,74,69,75
TG11_I041,ab000011,0,MAD,5,results_b200_2/intent4_qwen38_27b_30task_3seed_5r/repeat_0/shards/q38a/MAD/problems/ab000011/candidates/r5.png,31,48,49,46,40
TG11_I042,ab000011,2,SELF,3,results_b200_2/intent4_qwen38_27b_30task_3seed_5r/repeat_2/shards/q38a/SELF/problems/ab000011/candidates/r3.png,74,70,76,71,77
TG11_I043,ab000011,2,FUSED,4,results_b200_2/intent4_qwen38_27b_30task_3seed_5r/repeat_2/shards/q38a/FUSED/problems/ab000011/candidates/r4.png,75,71,77,72,78
TG11_I044,ab000011,1,FUSED,1,results_b200_2/intent4_qwen38_27b_30task_3seed_5r/repeat_1/shards/q38a/FUSED/problems/ab000011/candidates/r1.png,88,85,88,84,90
TG11_I045,ab000011,2,MAD,1,results_b200_2/intent4_qwen38_27b_30task_3seed_5r/repeat_2/shards/q38a/MAD/problems/ab000011/candidates/r1.png,77,73,70,74,71
TG11_I046,ab000011,0,MAD,2,results_b200_2/intent4_qwen38_27b_30task_3seed_5r/repeat_0/shards/q38a/MAD/problems/ab000011/candidates/r2.png,29,44,54,51,38
TG11_I047,ab000011,0,MAD,1,results_b200_2/intent4_qwen38_27b_30task_3seed_5r/repeat_0/shards/q38a/MAD/problems/ab000011/candidates/r1.png,30,45,55,52,39
TG11_I048,ab000011,0,FUSED,5,results_b200_2/intent4_qwen38_27b_30task_3seed_5r/repeat_0/shards/q38a/FUSED/problems/ab000011/candidates/r5.png,31,46,48,53,40
TG11_I049,ab000011,0,FUSED,3,results_b200_2/intent4_qwen38_27b_30task_3seed_5r/repeat_0/shards/q38a/FUSED/problems/ab000011/candidates/r3.png,25,47,49,54,34
TG11_I050,ab000011,1,AXES,2,results_b200_2/intent4_qwen38_27b_30task_3seed_5r/repeat_1/shards/q38a/AXES/problems/ab000011/candidates/r2.png,74,68,75,71,76
TG11_I051,ab000011,1,SELF,3,results_b200_2/intent4_qwen38_27b_30task_3seed_5r/repeat_1/shards/q38a/SELF/problems/ab000011/candidates/r3.png,75,69,76,72,77
TG11_I052,ab000011,1,MAD,3,results_b200_2/intent4_qwen38_27b_30task_3seed_5r/repeat_1/shards/q38a/MAD/problems/ab000011/candidates/r3.png,76,70,77,73,78
TG11_I053,ab000011,0,SELF,2,results_b200_2/intent4_qwen38_27b_30task_3seed_5r/repeat_0/shards/q38a/SELF/problems/ab000011/candidates/r2.png,29,51,53,48,38
TG11_I054,ab000011,1,SELF,2,results_b200_2/intent4_qwen38_27b_30task_3seed_5r/repeat_1/shards/q38a/SELF/problems/ab000011/candidates/r2.png,90,83,88,87,90
TG11_I055,ab000011,1,SELF,1,results_b200_2/intent4_qwen38_27b_30task_3seed_5r/repeat_1/shards/q38a/SELF/problems/ab000011/candidates/r1.png,79,73,71,76,72
TG11_I056,ab000011,2,MAD,5,results_b200_2/intent4_qwen38_27b_30task_3seed_5r/repeat_2/shards/q38a/MAD/problems/ab000011/candidates/r5.png,84,78,79,79,80
TG11_I057,ab000011,2,SELF,2,results_b200_2/intent4_qwen38_27b_30task_3seed_5r/repeat_2/shards/q38a/SELF/problems/ab000011/candidates/r2.png,73,75,73,70,74
TG11_I058,ab000011,2,CEN_MAD,1,results_b200_2/intent4_qwen38_27b_30task_3seed_5r/repeat_2/shards/q38a/CEN_MAD/problems/ab000011/candidates/r1.png,74,76,74,71,75
TG11_I059,ab000011,2,MAD,4,results_b200_2/intent4_qwen38_27b_30task_3seed_5r/repeat_2/shards/q38a/MAD/problems/ab000011/candidates/r4.png,75,77,75,72,76
TG11_I060,ab000011,1,MAD,5,results_b200_2/intent4_qwen38_27b_30task_3seed_5r/repeat_1/shards/q38a/MAD/problems/ab000011/candidates/r5.png,88,83,84,86,86
TG11_I061,ab000011,2,MAD,3,results_b200_2/intent4_qwen38_27b_30task_3seed_5r/repeat_2/shards/q38a/MAD/problems/ab000011/candidates/r3.png,77,69,77,74,78
TG11_I062,ab000011,1,CEN_MAD,1,results_b200_2/intent4_qwen38_27b_30task_3seed_5r/repeat_1/shards/q38a/CEN_MAD/problems/ab000011/candidates/r1.png,90,85,86,88,88
TG11_I063,ab000011,0,MAD,3,results_b200_2/intent4_qwen38_27b_30task_3seed_5r/repeat_0/shards/q38a/MAD/problems/ab000011/candidates/r3.png,25,43,55,48,34
TG11_I064,ab000011,2,FUSED,1,results_b200_2/intent4_qwen38_27b_30task_3seed_5r/repeat_2/shards/q38a/FUSED/problems/ab000011/candidates/r1.png,72,72,71,69,72
TG11_I065,ab000011,0,AXES,4,results_b200_2/intent4_qwen38_27b_30task_3seed_5r/repeat_0/shards/q38a/AXES/problems/ab000011/candidates/r4.png,27,45,49,50,36
TG11_I066,ab000011,0,CEN_MAD,4,results_b200_2/intent4_qwen38_27b_30task_3seed_5r/repeat_0/shards/q38a/CEN_MAD/problems/ab000011/candidates/r4.png,28,46,50,51,37
TG11_I067,ab000011,1,MAD,1,results_b200_2/intent4_qwen38_27b_30task_3seed_5r/repeat_1/shards/q38a/MAD/problems/ab000011/candidates/r1.png,29,47,51,52,38
TG11_I068,ab000011,1,AXES,4,results_b200_2/intent4_qwen38_27b_30task_3seed_5r/repeat_1/shards/q38a/AXES/problems/ab000011/candidates/r4.png,88,85,87,87,89
TG11_I069,ab000011,2,CEN_MAD,5,results_b200_2/intent4_qwen38_27b_30task_3seed_5r/repeat_2/shards/q38a/CEN_MAD/problems/ab000011/candidates/r5.png,77,77,76,74,77
TG11_I070,ab000011,1,AXES,3,results_b200_2/intent4_qwen38_27b_30task_3seed_5r/repeat_1/shards/q38a/AXES/problems/ab000011/candidates/r3.png,90,87,84,82,86
TG11_I071,ab000011,2,AXES,3,results_b200_2/intent4_qwen38_27b_30task_3seed_5r/repeat_2/shards/q38a/AXES/problems/ab000011/candidates/r3.png,79,69,78,76,79
TG11_I072,ab000011,1,AXES,5,results_b200_2/intent4_qwen38_27b_30task_3seed_5r/repeat_1/shards/q38a/AXES/problems/ab000011/candidates/r5.png,88,83,86,84,88
TG11_I073,ab000011,2,SELF,5,results_b200_2/intent4_qwen38_27b_30task_3seed_5r/repeat_2/shards/q38a/SELF/problems/ab000011/candidates/r5.png,73,71,71,70,72
TG11_I074,ab000011,2,AXES,5,results_b200_2/intent4_qwen38_27b_30task_3seed_5r/repeat_2/shards/q38a/AXES/problems/ab000011/candidates/r5.png,90,85,88,86,90
TG11_I075,ab000011,0,AXES,5,results_b200_2/intent4_qwen38_27b_30task_3seed_5r/repeat_0/shards/q38a/AXES/problems/ab000011/candidates/r5.png,30,46,51,50,39
TG11_I076,ab000011,0,CEN_MAD,2,results_b200_2/intent4_qwen38_27b_30task_3seed_5r/repeat_0/shards/q38a/CEN_MAD/problems/ab000011/candidates/r2.png,31,47,52,51,40
TG11_I077,ab000011,1,SELF,5,results_b200_2/intent4_qwen38_27b_30task_3seed_5r/repeat_1/shards/q38a/SELF/problems/ab000011/candidates/r5.png,89,88,86,82,88
TG11_I078,ab000011,1,MAD,2,results_b200_2/intent4_qwen38_27b_30task_3seed_5r/repeat_1/shards/q38a/MAD/problems/ab000011/candidates/r2.png,90,83,87,83,89
TG12_I001,ab000012,1,FUSED,5,results_b200_2/intent4_qwen38_27b_30task_3seed_5r/repeat_1/shards/q38a/FUSED/problems/ab000012/candidates/r5.png,86,83,87,89,87
TG12_I002,ab000012,0,AXES,4,results_b200_2/intent4_qwen38_27b_30task_3seed_5r/repeat_0/shards/q38a/AXES/problems/ab000012/candidates/r4.png,87,84,88,90,88
TG12_I003,ab000012,0,CEN_MAD,1,results_b200_2/intent4_qwen38_27b_30task_3seed_5r/repeat_0/shards/q38a/CEN_MAD/problems/ab000012/candidates/r1.png,88,85,89,91,89
TG12_I004,ab000012,2,MAD,4,results_b200_2/intent4_qwen38_27b_30task_3seed_5r/repeat_2/shards/q38a/MAD/problems/ab000012/candidates/r4.png,89,86,90,92,90
TG12_I005,ab000012,2,CEN_MAD,1,results_b200_2/intent4_qwen38_27b_30task_3seed_5r/repeat_2/shards/q38a/CEN_MAD/problems/ab000012/candidates/r1.png,90,87,91,93,91
TG12_I006,ab000012,2,CEN_MAD,3,results_b200_2/intent4_qwen38_27b_30task_3seed_5r/repeat_2/shards/q38a/CEN_MAD/problems/ab000012/candidates/r3.png,91,88,86,94,92
TG12_I007,ab000012,1,MAD,4,results_b200_2/intent4_qwen38_27b_30task_3seed_5r/repeat_1/shards/q38a/MAD/problems/ab000012/candidates/r4.png,85,89,87,88,86
TG12_I008,ab000012,2,SELF,5,results_b200_2/intent4_qwen38_27b_30task_3seed_5r/repeat_2/shards/q38a/SELF/problems/ab000012/candidates/r5.png,86,82,88,89,87
TG12_I009,ab000012,0,SELF,5,results_b200_2/intent4_qwen38_27b_30task_3seed_5r/repeat_0/shards/q38a/SELF/problems/ab000012/candidates/r5.png,87,83,89,90,88
TG12_I010,ab000012,0,MAD,3,results_b200_2/intent4_qwen38_27b_30task_3seed_5r/repeat_0/shards/q38a/MAD/problems/ab000012/candidates/r3.png,88,84,90,91,89
TG12_I011,ab000012,0,SELF,3,results_b200_2/intent4_qwen38_27b_30task_3seed_5r/repeat_0/shards/q38a/SELF/problems/ab000012/candidates/r3.png,89,85,91,92,90
TG12_I012,ab000012,2,AXES,3,results_b200_2/intent4_qwen38_27b_30task_3seed_5r/repeat_2/shards/q38a/AXES/problems/ab000012/candidates/r3.png,90,86,86,93,91
TG12_I013,ab000012,1,AXES,5,results_b200_2/intent4_qwen38_27b_30task_3seed_5r/repeat_1/shards/q38a/AXES/problems/ab000012/candidates/r5.png,91,87,87,94,92
TG12_I014,ab000012,2,MAD,1,results_b200_2/intent4_qwen38_27b_30task_3seed_5r/repeat_2/shards/q38a/MAD/problems/ab000012/candidates/r1.png,85,88,88,88,86
TG12_I015,ab000012,1,R0,0,results_b200_2/intent4_qwen38_27b_30task_3seed_5r/repeat_1/shards/q38a/SELF/problems/ab000012/candidates/r0.png,86,89,89,89,87
TG12_I016,ab000012,2,AXES,1,results_b200_2/intent4_qwen38_27b_30task_3seed_5r/repeat_2/shards/q38a/AXES/problems/ab000012/candidates/r1.png,87,82,90,90,88
TG12_I017,ab000012,0,CEN_MAD,5,results_b200_2/intent4_qwen38_27b_30task_3seed_5r/repeat_0/shards/q38a/CEN_MAD/problems/ab000012/candidates/r5.png,88,83,91,91,89
TG12_I018,ab000012,0,SELF,1,results_b200_2/intent4_qwen38_27b_30task_3seed_5r/repeat_0/shards/q38a/SELF/problems/ab000012/candidates/r1.png,89,84,86,92,90
TG12_I019,ab000012,1,AXES,4,results_b200_2/intent4_qwen38_27b_30task_3seed_5r/repeat_1/shards/q38a/AXES/problems/ab000012/candidates/r4.png,90,85,87,93,91
TG12_I020,ab000012,0,FUSED,1,results_b200_2/intent4_qwen38_27b_30task_3seed_5r/repeat_0/shards/q38a/FUSED/problems/ab000012/candidates/r1.png,91,86,88,94,92
TG12_I021,ab000012,0,AXES,3,results_b200_2/intent4_qwen38_27b_30task_3seed_5r/repeat_0/shards/q38a/AXES/problems/ab000012/candidates/r3.png,85,87,89,88,86
TG12_I022,ab000012,0,FUSED,4,results_b200_2/intent4_qwen38_27b_30task_3seed_5r/repeat_0/shards/q38a/FUSED/problems/ab000012/candidates/r4.png,86,88,90,89,87
TG12_I023,ab000012,0,CEN_MAD,2,results_b200_2/intent4_qwen38_27b_30task_3seed_5r/repeat_0/shards/q38a/CEN_MAD/problems/ab000012/candidates/r2.png,87,89,91,90,88
TG12_I024,ab000012,0,R0,0,results_b200_2/intent4_qwen38_27b_30task_3seed_5r/repeat_0/shards/q38a/SELF/problems/ab000012/candidates/r0.png,88,82,86,91,89
TG12_I025,ab000012,0,AXES,2,results_b200_2/intent4_qwen38_27b_30task_3seed_5r/repeat_0/shards/q38a/AXES/problems/ab000012/candidates/r2.png,89,83,87,92,90
TG12_I026,ab000012,0,FUSED,2,results_b200_2/intent4_qwen38_27b_30task_3seed_5r/repeat_0/shards/q38a/FUSED/problems/ab000012/candidates/r2.png,90,84,88,93,91
TG12_I027,ab000012,2,AXES,4,results_b200_2/intent4_qwen38_27b_30task_3seed_5r/repeat_2/shards/q38a/AXES/problems/ab000012/candidates/r4.png,91,85,89,94,92
TG12_I028,ab000012,1,CEN_MAD,1,results_b200_2/intent4_qwen38_27b_30task_3seed_5r/repeat_1/shards/q38a/CEN_MAD/problems/ab000012/candidates/r1.png,85,86,90,88,86
TG12_I029,ab000012,2,SELF,3,results_b200_2/intent4_qwen38_27b_30task_3seed_5r/repeat_2/shards/q38a/SELF/problems/ab000012/candidates/r3.png,86,87,91,89,87
TG12_I030,ab000012,0,AXES,1,results_b200_2/intent4_qwen38_27b_30task_3seed_5r/repeat_0/shards/q38a/AXES/problems/ab000012/candidates/r1.png,87,88,86,90,88
TG12_I031,ab000012,2,MAD,5,results_b200_2/intent4_qwen38_27b_30task_3seed_5r/repeat_2/shards/q38a/MAD/problems/ab000012/candidates/r5.png,88,89,87,91,89
TG12_I032,ab000012,0,FUSED,3,results_b200_2/intent4_qwen38_27b_30task_3seed_5r/repeat_0/shards/q38a/FUSED/problems/ab000012/candidates/r3.png,89,82,88,92,90
TG12_I033,ab000012,2,R0,0,results_b200_2/intent4_qwen38_27b_30task_3seed_5r/repeat_2/shards/q38a/SELF/problems/ab000012/candidates/r0.png,90,83,89,93,91
TG12_I034,ab000012,2,FUSED,2,results_b200_2/intent4_qwen38_27b_30task_3seed_5r/repeat_2/shards/q38a/FUSED/problems/ab000012/candidates/r2.png,91,84,90,94,92
TG12_I035,ab000012,2,CEN_MAD,5,results_b200_2/intent4_qwen38_27b_30task_3seed_5r/repeat_2/shards/q38a/CEN_MAD/problems/ab000012/candidates/r5.png,85,85,91,88,86
TG12_I036,ab000012,1,CEN_MAD,4,results_b200_2/intent4_qwen38_27b_30task_3seed_5r/repeat_1/shards/q38a/CEN_MAD/problems/ab000012/candidates/r4.png,86,86,86,89,87
TG12_I037,ab000012,2,SELF,4,results_b200_2/intent4_qwen38_27b_30task_3seed_5r/repeat_2/shards/q38a/SELF/problems/ab000012/candidates/r4.png,87,87,87,90,88
TG12_I038,ab000012,1,AXES,2,results_b200_2/intent4_qwen38_27b_30task_3seed_5r/repeat_1/shards/q38a/AXES/problems/ab000012/candidates/r2.png,88,88,88,91,89
TG12_I039,ab000012,1,SELF,5,results_b200_2/intent4_qwen38_27b_30task_3seed_5r/repeat_1/shards/q38a/SELF/problems/ab000012/candidates/r5.png,89,89,89,92,90
TG12_I040,ab000012,1,FUSED,2,results_b200_2/intent4_qwen38_27b_30task_3seed_5r/repeat_1/shards/q38a/FUSED/problems/ab000012/candidates/r2.png,90,82,90,93,91
TG12_I041,ab000012,1,SELF,4,results_b200_2/intent4_qwen38_27b_30task_3seed_5r/repeat_1/shards/q38a/SELF/problems/ab000012/candidates/r4.png,91,83,91,94,92
TG12_I042,ab000012,2,CEN_MAD,4,results_b200_2/intent4_qwen38_27b_30task_3seed_5r/repeat_2/shards/q38a/CEN_MAD/problems/ab000012/candidates/r4.png,85,84,86,88,86
TG12_I043,ab000012,1,FUSED,4,results_b200_2/intent4_qwen38_27b_30task_3seed_5r/repeat_1/shards/q38a/FUSED/problems/ab000012/candidates/r4.png,86,85,87,89,87
TG12_I044,ab000012,1,AXES,1,results_b200_2/intent4_qwen38_27b_30task_3seed_5r/repeat_1/shards/q38a/AXES/problems/ab000012/candidates/r1.png,87,86,88,90,88
TG12_I045,ab000012,0,MAD,2,results_b200_2/intent4_qwen38_27b_30task_3seed_5r/repeat_0/shards/q38a/MAD/problems/ab000012/candidates/r2.png,88,87,89,91,89
TG12_I046,ab000012,1,CEN_MAD,3,results_b200_2/intent4_qwen38_27b_30task_3seed_5r/repeat_1/shards/q38a/CEN_MAD/problems/ab000012/candidates/r3.png,89,88,90,92,90
TG12_I047,ab000012,0,MAD,5,results_b200_2/intent4_qwen38_27b_30task_3seed_5r/repeat_0/shards/q38a/MAD/problems/ab000012/candidates/r5.png,90,89,91,93,91
TG12_I048,ab000012,2,AXES,2,results_b200_2/intent4_qwen38_27b_30task_3seed_5r/repeat_2/shards/q38a/AXES/problems/ab000012/candidates/r2.png,91,82,86,94,92
TG12_I049,ab000012,1,SELF,1,results_b200_2/intent4_qwen38_27b_30task_3seed_5r/repeat_1/shards/q38a/SELF/problems/ab000012/candidates/r1.png,85,83,87,88,86
TG12_I050,ab000012,1,MAD,1,results_b200_2/intent4_qwen38_27b_30task_3seed_5r/repeat_1/shards/q38a/MAD/problems/ab000012/candidates/r1.png,86,84,88,89,87
TG12_I051,ab000012,0,SELF,2,results_b200_2/intent4_qwen38_27b_30task_3seed_5r/repeat_0/shards/q38a/SELF/problems/ab000012/candidates/r2.png,87,85,89,90,88
TG12_I052,ab000012,2,MAD,2,results_b200_2/intent4_qwen38_27b_30task_3seed_5r/repeat_2/shards/q38a/MAD/problems/ab000012/candidates/r2.png,88,86,90,91,89
TG12_I053,ab000012,0,SELF,4,results_b200_2/intent4_qwen38_27b_30task_3seed_5r/repeat_0/shards/q38a/SELF/problems/ab000012/candidates/r4.png,89,87,91,92,90
TG12_I054,ab000012,2,AXES,5,results_b200_2/intent4_qwen38_27b_30task_3seed_5r/repeat_2/shards/q38a/AXES/problems/ab000012/candidates/r5.png,90,88,86,93,91
TG12_I055,ab000012,1,FUSED,3,results_b200_2/intent4_qwen38_27b_30task_3seed_5r/repeat_1/shards/q38a/FUSED/problems/ab000012/candidates/r3.png,91,89,87,94,92
TG12_I056,ab000012,1,SELF,3,results_b200_2/intent4_qwen38_27b_30task_3seed_5r/repeat_1/shards/q38a/SELF/problems/ab000012/candidates/r3.png,85,82,88,88,86
TG12_I057,ab000012,0,AXES,5,results_b200_2/intent4_qwen38_27b_30task_3seed_5r/repeat_0/shards/q38a/AXES/problems/ab000012/candidates/r5.png,86,83,89,89,87
TG12_I058,ab000012,2,FUSED,1,results_b200_2/intent4_qwen38_27b_30task_3seed_5r/repeat_2/shards/q38a/FUSED/problems/ab000012/candidates/r1.png,87,84,90,90,88
TG12_I059,ab000012,1,MAD,5,results_b200_2/intent4_qwen38_27b_30task_3seed_5r/repeat_1/shards/q38a/MAD/problems/ab000012/candidates/r5.png,88,85,91,91,89
TG12_I060,ab000012,0,MAD,1,results_b200_2/intent4_qwen38_27b_30task_3seed_5r/repeat_0/shards/q38a/MAD/problems/ab000012/candidates/r1.png,89,86,86,92,90
TG12_I061,ab000012,0,FUSED,5,results_b200_2/intent4_qwen38_27b_30task_3seed_5r/repeat_0/shards/q38a/FUSED/problems/ab000012/candidates/r5.png,90,87,87,93,91
TG12_I062,ab000012,2,CEN_MAD,2,results_b200_2/intent4_qwen38_27b_30task_3seed_5r/repeat_2/shards/q38a/CEN_MAD/problems/ab000012/candidates/r2.png,91,88,88,94,92
TG12_I063,ab000012,2,FUSED,5,results_b200_2/intent4_qwen38_27b_30task_3seed_5r/repeat_2/shards/q38a/FUSED/problems/ab000012/candidates/r5.png,85,89,89,88,86
TG12_I064,ab000012,1,MAD,3,results_b200_2/intent4_qwen38_27b_30task_3seed_5r/repeat_1/shards/q38a/MAD/problems/ab000012/candidates/r3.png,86,82,90,89,87
TG12_I065,ab000012,1,SELF,2,results_b200_2/intent4_qwen38_27b_30task_3seed_5r/repeat_1/shards/q38a/SELF/problems/ab000012/candidates/r2.png,87,83,91,90,88
TG12_I066,ab000012,1,MAD,2,results_b200_2/intent4_qwen38_27b_30task_3seed_5r/repeat_1/shards/q38a/MAD/problems/ab000012/candidates/r2.png,88,84,86,91,89
TG12_I067,ab000012,0,CEN_MAD,4,results_b200_2/intent4_qwen38_27b_30task_3seed_5r/repeat_0/shards/q38a/CEN_MAD/problems/ab000012/candidates/r4.png,89,85,87,92,90
TG12_I068,ab000012,0,MAD,4,results_b200_2/intent4_qwen38_27b_30task_3seed_5r/repeat_0/shards/q38a/MAD/problems/ab000012/candidates/r4.png,90,86,88,93,91
TG12_I069,ab000012,2,SELF,2,results_b200_2/intent4_qwen38_27b_30task_3seed_5r/repeat_2/shards/q38a/SELF/problems/ab000012/candidates/r2.png,91,87,89,94,92
TG12_I070,ab000012,1,CEN_MAD,5,results_b200_2/intent4_qwen38_27b_30task_3seed_5r/repeat_1/shards/q38a/CEN_MAD/problems/ab000012/candidates/r5.png,85,88,90,88,86
TG12_I071,ab000012,2,FUSED,3,results_b200_2/intent4_qwen38_27b_30task_3seed_5r/repeat_2/shards/q38a/FUSED/problems/ab000012/candidates/r3.png,86,89,91,89,87
TG12_I072,ab000012,1,AXES,3,results_b200_2/intent4_qwen38_27b_30task_3seed_5r/repeat_1/shards/q38a/AXES/problems/ab000012/candidates/r3.png,87,82,86,90,88
TG12_I073,ab000012,2,SELF,1,results_b200_2/intent4_qwen38_27b_30task_3seed_5r/repeat_2/shards/q38a/SELF/problems/ab000012/candidates/r1.png,88,83,87,91,89
TG12_I074,ab000012,1,FUSED,1,results_b200_2/intent4_qwen38_27b_30task_3seed_5r/repeat_1/shards/q38a/FUSED/problems/ab000012/candidates/r1.png,89,84,88,92,90
TG12_I075,ab000012,2,FUSED,4,results_b200_2/intent4_qwen38_27b_30task_3seed_5r/repeat_2/shards/q38a/FUSED/problems/ab000012/candidates/r4.png,90,85,89,93,91
TG12_I076,ab000012,0,CEN_MAD,3,results_b200_2/intent4_qwen38_27b_30task_3seed_5r/repeat_0/shards/q38a/CEN_MAD/problems/ab000012/candidates/r3.png,91,86,90,94,92
TG12_I077,ab000012,1,CEN_MAD,2,results_b200_2/intent4_qwen38_27b_30task_3seed_5r/repeat_1/shards/q38a/CEN_MAD/problems/ab000012/candidates/r2.png,85,87,91,88,86
TG12_I078,ab000012,2,MAD,3,results_b200_2/intent4_qwen38_27b_30task_3seed_5r/repeat_2/shards/q38a/MAD/problems/ab000012/candidates/r3.png,86,88,86,89,87
TG13_I001,ab000013,2,CEN_MAD,4,results_b200_2/intent4_qwen38_27b_30task_3seed_5r/repeat_2/shards/q38a/CEN_MAD/problems/ab000013/candidates/r4.png,87,85,88,87,86
TG13_I002,ab000013,0,MAD,4,results_b200_2/intent4_qwen38_27b_30task_3seed_5r/repeat_0/shards/q38a/MAD/problems/ab000013/candidates/r4.png,88,86,89,88,87
TG13_I003,ab000013,1,FUSED,5,results_b200_2/intent4_qwen38_27b_30task_3seed_5r/repeat_1/shards/q38a/FUSED/problems/ab000013/candidates/r5.png,89,87,90,89,88
TG13_I004,ab000013,1,FUSED,3,results_b200_2/intent4_qwen38_27b_30task_3seed_5r/repeat_1/shards/q38a/FUSED/problems/ab000013/candidates/r3.png,90,88,91,90,89
TG13_I005,ab000013,2,FUSED,4,results_b200_2/intent4_qwen38_27b_30task_3seed_5r/repeat_2/shards/q38a/FUSED/problems/ab000013/candidates/r4.png,91,89,92,91,90
TG13_I006,ab000013,2,SELF,1,results_b200_2/intent4_qwen38_27b_30task_3seed_5r/repeat_2/shards/q38a/SELF/problems/ab000013/candidates/r1.png,92,90,93,92,91
TG13_I007,ab000013,1,MAD,4,results_b200_2/intent4_qwen38_27b_30task_3seed_5r/repeat_1/shards/q38a/MAD/problems/ab000013/candidates/r4.png,86,84,87,86,85
TG13_I008,ab000013,1,CEN_MAD,3,results_b200_2/intent4_qwen38_27b_30task_3seed_5r/repeat_1/shards/q38a/CEN_MAD/problems/ab000013/candidates/r3.png,87,85,88,87,86
TG13_I009,ab000013,2,SELF,2,results_b200_2/intent4_qwen38_27b_30task_3seed_5r/repeat_2/shards/q38a/SELF/problems/ab000013/candidates/r2.png,88,86,89,88,87
TG13_I010,ab000013,2,AXES,4,results_b200_2/intent4_qwen38_27b_30task_3seed_5r/repeat_2/shards/q38a/AXES/problems/ab000013/candidates/r4.png,89,87,90,89,88
TG13_I011,ab000013,1,MAD,2,results_b200_2/intent4_qwen38_27b_30task_3seed_5r/repeat_1/shards/q38a/MAD/problems/ab000013/candidates/r2.png,90,88,91,90,89
TG13_I012,ab000013,2,MAD,2,results_b200_2/intent4_qwen38_27b_30task_3seed_5r/repeat_2/shards/q38a/MAD/problems/ab000013/candidates/r2.png,91,89,92,91,90
TG13_I013,ab000013,0,R0,0,results_b200_2/intent4_qwen38_27b_30task_3seed_5r/repeat_0/shards/q38a/SELF/problems/ab000013/candidates/r0.png,92,90,93,92,91
TG13_I014,ab000013,0,SELF,1,results_b200_2/intent4_qwen38_27b_30task_3seed_5r/repeat_0/shards/q38a/SELF/problems/ab000013/candidates/r1.png,86,84,87,86,85
TG13_I015,ab000013,1,AXES,1,results_b200_2/intent4_qwen38_27b_30task_3seed_5r/repeat_1/shards/q38a/AXES/problems/ab000013/candidates/r1.png,87,85,88,87,86
TG13_I016,ab000013,2,FUSED,1,results_b200_2/intent4_qwen38_27b_30task_3seed_5r/repeat_2/shards/q38a/FUSED/problems/ab000013/candidates/r1.png,88,86,89,88,87
TG13_I017,ab000013,0,MAD,5,results_b200_2/intent4_qwen38_27b_30task_3seed_5r/repeat_0/shards/q38a/MAD/problems/ab000013/candidates/r5.png,89,87,90,89,88
TG13_I018,ab000013,1,CEN_MAD,1,results_b200_2/intent4_qwen38_27b_30task_3seed_5r/repeat_1/shards/q38a/CEN_MAD/problems/ab000013/candidates/r1.png,90,88,91,90,89
TG13_I019,ab000013,2,MAD,3,results_b200_2/intent4_qwen38_27b_30task_3seed_5r/repeat_2/shards/q38a/MAD/problems/ab000013/candidates/r3.png,91,89,92,91,90
TG13_I020,ab000013,2,FUSED,3,results_b200_2/intent4_qwen38_27b_30task_3seed_5r/repeat_2/shards/q38a/FUSED/problems/ab000013/candidates/r3.png,92,90,93,92,91
TG13_I021,ab000013,0,AXES,4,results_b200_2/intent4_qwen38_27b_30task_3seed_5r/repeat_0/shards/q38a/AXES/problems/ab000013/candidates/r4.png,86,84,87,86,85
TG13_I022,ab000013,2,MAD,4,results_b200_2/intent4_qwen38_27b_30task_3seed_5r/repeat_2/shards/q38a/MAD/problems/ab000013/candidates/r4.png,87,85,88,87,86
TG13_I023,ab000013,1,AXES,4,results_b200_2/intent4_qwen38_27b_30task_3seed_5r/repeat_1/shards/q38a/AXES/problems/ab000013/candidates/r4.png,88,86,89,88,87
TG13_I024,ab000013,0,SELF,5,results_b200_2/intent4_qwen38_27b_30task_3seed_5r/repeat_0/shards/q38a/SELF/problems/ab000013/candidates/r5.png,89,87,90,89,88
TG13_I025,ab000013,0,AXES,2,results_b200_2/intent4_qwen38_27b_30task_3seed_5r/repeat_0/shards/q38a/AXES/problems/ab000013/candidates/r2.png,90,88,91,90,89
TG13_I026,ab000013,2,CEN_MAD,1,results_b200_2/intent4_qwen38_27b_30task_3seed_5r/repeat_2/shards/q38a/CEN_MAD/problems/ab000013/candidates/r1.png,91,89,92,91,90
TG13_I027,ab000013,2,CEN_MAD,2,results_b200_2/intent4_qwen38_27b_30task_3seed_5r/repeat_2/shards/q38a/CEN_MAD/problems/ab000013/candidates/r2.png,92,90,93,92,91
TG13_I028,ab000013,0,CEN_MAD,1,results_b200_2/intent4_qwen38_27b_30task_3seed_5r/repeat_0/shards/q38a/CEN_MAD/problems/ab000013/candidates/r1.png,22,18,20,16,18
TG13_I029,ab000013,0,MAD,2,results_b200_2/intent4_qwen38_27b_30task_3seed_5r/repeat_0/shards/q38a/MAD/problems/ab000013/candidates/r2.png,87,85,88,87,86
TG13_I030,ab000013,2,FUSED,2,results_b200_2/intent4_qwen38_27b_30task_3seed_5r/repeat_2/shards/q38a/FUSED/problems/ab000013/candidates/r2.png,88,86,89,88,87
TG13_I031,ab000013,0,FUSED,1,results_b200_2/intent4_qwen38_27b_30task_3seed_5r/repeat_0/shards/q38a/FUSED/problems/ab000013/candidates/r1.png,89,87,90,89,88
TG13_I032,ab000013,1,AXES,5,results_b200_2/intent4_qwen38_27b_30task_3seed_5r/repeat_1/shards/q38a/AXES/problems/ab000013/candidates/r5.png,90,88,91,90,89
TG13_I033,ab000013,0,FUSED,3,results_b200_2/intent4_qwen38_27b_30task_3seed_5r/repeat_0/shards/q38a/FUSED/problems/ab000013/candidates/r3.png,91,89,92,91,90
TG13_I034,ab000013,0,SELF,2,results_b200_2/intent4_qwen38_27b_30task_3seed_5r/repeat_0/shards/q38a/SELF/problems/ab000013/candidates/r2.png,92,90,93,92,91
TG13_I035,ab000013,0,SELF,4,results_b200_2/intent4_qwen38_27b_30task_3seed_5r/repeat_0/shards/q38a/SELF/problems/ab000013/candidates/r4.png,86,84,87,86,85
TG13_I036,ab000013,1,MAD,1,results_b200_2/intent4_qwen38_27b_30task_3seed_5r/repeat_1/shards/q38a/MAD/problems/ab000013/candidates/r1.png,87,85,88,87,86
TG13_I037,ab000013,1,AXES,2,results_b200_2/intent4_qwen38_27b_30task_3seed_5r/repeat_1/shards/q38a/AXES/problems/ab000013/candidates/r2.png,88,86,89,88,87
TG13_I038,ab000013,0,AXES,5,results_b200_2/intent4_qwen38_27b_30task_3seed_5r/repeat_0/shards/q38a/AXES/problems/ab000013/candidates/r5.png,89,87,90,89,88
TG13_I039,ab000013,0,MAD,1,results_b200_2/intent4_qwen38_27b_30task_3seed_5r/repeat_0/shards/q38a/MAD/problems/ab000013/candidates/r1.png,90,88,91,90,89
TG13_I040,ab000013,0,CEN_MAD,5,results_b200_2/intent4_qwen38_27b_30task_3seed_5r/repeat_0/shards/q38a/CEN_MAD/problems/ab000013/candidates/r5.png,91,89,92,91,90
TG13_I041,ab000013,2,SELF,4,results_b200_2/intent4_qwen38_27b_30task_3seed_5r/repeat_2/shards/q38a/SELF/problems/ab000013/candidates/r4.png,92,90,93,92,91
TG13_I042,ab000013,0,AXES,1,results_b200_2/intent4_qwen38_27b_30task_3seed_5r/repeat_0/shards/q38a/AXES/problems/ab000013/candidates/r1.png,86,84,87,86,85
TG13_I043,ab000013,2,CEN_MAD,3,results_b200_2/intent4_qwen38_27b_30task_3seed_5r/repeat_2/shards/q38a/CEN_MAD/problems/ab000013/candidates/r3.png,87,85,88,87,86
TG13_I044,ab000013,0,MAD,3,results_b200_2/intent4_qwen38_27b_30task_3seed_5r/repeat_0/shards/q38a/MAD/problems/ab000013/candidates/r3.png,88,86,89,88,87
TG13_I045,ab000013,1,R0,0,results_b200_2/intent4_qwen38_27b_30task_3seed_5r/repeat_1/shards/q38a/SELF/problems/ab000013/candidates/r0.png,89,87,90,89,88
TG13_I046,ab000013,0,SELF,3,results_b200_2/intent4_qwen38_27b_30task_3seed_5r/repeat_0/shards/q38a/SELF/problems/ab000013/candidates/r3.png,90,88,91,90,89
TG13_I047,ab000013,1,MAD,3,results_b200_2/intent4_qwen38_27b_30task_3seed_5r/repeat_1/shards/q38a/MAD/problems/ab000013/candidates/r3.png,91,89,92,91,90
TG13_I048,ab000013,2,AXES,1,results_b200_2/intent4_qwen38_27b_30task_3seed_5r/repeat_2/shards/q38a/AXES/problems/ab000013/candidates/r1.png,92,90,93,92,91
TG13_I049,ab000013,1,SELF,1,results_b200_2/intent4_qwen38_27b_30task_3seed_5r/repeat_1/shards/q38a/SELF/problems/ab000013/candidates/r1.png,86,84,87,86,85
TG13_I050,ab000013,0,FUSED,4,results_b200_2/intent4_qwen38_27b_30task_3seed_5r/repeat_0/shards/q38a/FUSED/problems/ab000013/candidates/r4.png,87,85,88,87,86
TG13_I051,ab000013,1,CEN_MAD,4,results_b200_2/intent4_qwen38_27b_30task_3seed_5r/repeat_1/shards/q38a/CEN_MAD/problems/ab000013/candidates/r4.png,88,86,89,88,87
TG13_I052,ab000013,1,AXES,3,results_b200_2/intent4_qwen38_27b_30task_3seed_5r/repeat_1/shards/q38a/AXES/problems/ab000013/candidates/r3.png,89,87,90,89,88
TG13_I053,ab000013,1,CEN_MAD,2,results_b200_2/intent4_qwen38_27b_30task_3seed_5r/repeat_1/shards/q38a/CEN_MAD/problems/ab000013/candidates/r2.png,90,88,91,90,89
TG13_I054,ab000013,0,CEN_MAD,3,results_b200_2/intent4_qwen38_27b_30task_3seed_5r/repeat_0/shards/q38a/CEN_MAD/problems/ab000013/candidates/r3.png,91,89,92,91,90
TG13_I055,ab000013,2,MAD,5,results_b200_2/intent4_qwen38_27b_30task_3seed_5r/repeat_2/shards/q38a/MAD/problems/ab000013/candidates/r5.png,92,90,93,92,91
TG13_I056,ab000013,2,R0,0,results_b200_2/intent4_qwen38_27b_30task_3seed_5r/repeat_2/shards/q38a/SELF/problems/ab000013/candidates/r0.png,86,84,87,86,85
TG13_I057,ab000013,1,CEN_MAD,5,results_b200_2/intent4_qwen38_27b_30task_3seed_5r/repeat_1/shards/q38a/CEN_MAD/problems/ab000013/candidates/r5.png,87,85,88,87,86
TG13_I058,ab000013,0,CEN_MAD,2,results_b200_2/intent4_qwen38_27b_30task_3seed_5r/repeat_0/shards/q38a/CEN_MAD/problems/ab000013/candidates/r2.png,88,86,89,88,87
TG13_I059,ab000013,0,FUSED,5,results_b200_2/intent4_qwen38_27b_30task_3seed_5r/repeat_0/shards/q38a/FUSED/problems/ab000013/candidates/r5.png,89,87,90,89,88
TG13_I060,ab000013,0,CEN_MAD,4,results_b200_2/intent4_qwen38_27b_30task_3seed_5r/repeat_0/shards/q38a/CEN_MAD/problems/ab000013/candidates/r4.png,90,88,91,90,89
TG13_I061,ab000013,2,SELF,5,results_b200_2/intent4_qwen38_27b_30task_3seed_5r/repeat_2/shards/q38a/SELF/problems/ab000013/candidates/r5.png,91,89,92,91,90
TG13_I062,ab000013,2,FUSED,5,results_b200_2/intent4_qwen38_27b_30task_3seed_5r/repeat_2/shards/q38a/FUSED/problems/ab000013/candidates/r5.png,92,90,93,92,91
TG13_I063,ab000013,1,SELF,4,results_b200_2/intent4_qwen38_27b_30task_3seed_5r/repeat_1/shards/q38a/SELF/problems/ab000013/candidates/r4.png,86,84,87,86,85
TG13_I064,ab000013,2,CEN_MAD,5,results_b200_2/intent4_qwen38_27b_30task_3seed_5r/repeat_2/shards/q38a/CEN_MAD/problems/ab000013/candidates/r5.png,87,85,88,87,86
TG13_I065,ab000013,2,AXES,2,results_b200_2/intent4_qwen38_27b_30task_3seed_5r/repeat_2/shards/q38a/AXES/problems/ab000013/candidates/r2.png,88,86,89,88,87
TG13_I066,ab000013,1,SELF,5,results_b200_2/intent4_qwen38_27b_30task_3seed_5r/repeat_1/shards/q38a/SELF/problems/ab000013/candidates/r5.png,89,87,90,89,88
TG13_I067,ab000013,1,SELF,2,results_b200_2/intent4_qwen38_27b_30task_3seed_5r/repeat_1/shards/q38a/SELF/problems/ab000013/candidates/r2.png,90,88,91,90,89
TG13_I068,ab000013,0,FUSED,2,results_b200_2/intent4_qwen38_27b_30task_3seed_5r/repeat_0/shards/q38a/FUSED/problems/ab000013/candidates/r2.png,91,89,92,91,90
TG13_I069,ab000013,2,SELF,3,results_b200_2/intent4_qwen38_27b_30task_3seed_5r/repeat_2/shards/q38a/SELF/problems/ab000013/candidates/r3.png,92,90,93,92,91
TG13_I070,ab000013,1,FUSED,1,results_b200_2/intent4_qwen38_27b_30task_3seed_5r/repeat_1/shards/q38a/FUSED/problems/ab000013/candidates/r1.png,86,84,87,86,85
TG13_I071,ab000013,2,AXES,3,results_b200_2/intent4_qwen38_27b_30task_3seed_5r/repeat_2/shards/q38a/AXES/problems/ab000013/candidates/r3.png,87,85,88,87,86
TG13_I072,ab000013,2,MAD,1,results_b200_2/intent4_qwen38_27b_30task_3seed_5r/repeat_2/shards/q38a/MAD/problems/ab000013/candidates/r1.png,88,86,89,88,87
TG13_I073,ab000013,2,AXES,5,results_b200_2/intent4_qwen38_27b_30task_3seed_5r/repeat_2/shards/q38a/AXES/problems/ab000013/candidates/r5.png,89,87,90,89,88
TG13_I074,ab000013,1,FUSED,4,results_b200_2/intent4_qwen38_27b_30task_3seed_5r/repeat_1/shards/q38a/FUSED/problems/ab000013/candidates/r4.png,90,88,91,90,89
TG13_I075,ab000013,1,SELF,3,results_b200_2/intent4_qwen38_27b_30task_3seed_5r/repeat_1/shards/q38a/SELF/problems/ab000013/candidates/r3.png,91,89,92,91,90
TG13_I076,ab000013,0,AXES,3,results_b200_2/intent4_qwen38_27b_30task_3seed_5r/repeat_0/shards/q38a/AXES/problems/ab000013/candidates/r3.png,92,90,93,92,91
TG13_I077,ab000013,1,FUSED,2,results_b200_2/intent4_qwen38_27b_30task_3seed_5r/repeat_1/shards/q38a/FUSED/problems/ab000013/candidates/r2.png,86,84,87,86,85
TG13_I078,ab000013,1,MAD,5,results_b200_2/intent4_qwen38_27b_30task_3seed_5r/repeat_1/shards/q38a/MAD/problems/ab000013/candidates/r5.png,87,85,88,87,86
TG14_I001,ab000014,1,MAD,1,results_b200_2/intent4_qwen38_27b_30task_3seed_5r/repeat_1/shards/q38a/MAD/problems/ab000014/candidates/r1.png,85,83,86,85,84
TG14_I002,ab000014,1,FUSED,3,results_b200_2/intent4_qwen38_27b_30task_3seed_5r/repeat_1/shards/q38a/FUSED/problems/ab000014/candidates/r3.png,86,84,87,86,85
TG14_I003,ab000014,2,CEN_MAD,5,results_b200_2/intent4_qwen38_27b_30task_3seed_5r/repeat_2/shards/q38a/CEN_MAD/problems/ab000014/candidates/r5.png,87,85,88,87,86
TG14_I004,ab000014,1,CEN_MAD,2,results_b200_2/intent4_qwen38_27b_30task_3seed_5r/repeat_1/shards/q38a/CEN_MAD/problems/ab000014/candidates/r2.png,88,86,89,88,87
TG14_I005,ab000014,2,MAD,2,results_b200_2/intent4_qwen38_27b_30task_3seed_5r/repeat_2/shards/q38a/MAD/problems/ab000014/candidates/r2.png,89,87,90,89,88
TG14_I006,ab000014,0,SELF,4,results_b200_2/intent4_qwen38_27b_30task_3seed_5r/repeat_0/shards/q38a/SELF/problems/ab000014/candidates/r4.png,90,88,91,90,89
TG14_I007,ab000014,2,FUSED,2,results_b200_2/intent4_qwen38_27b_30task_3seed_5r/repeat_2/shards/q38a/FUSED/problems/ab000014/candidates/r2.png,91,89,92,91,90
TG14_I008,ab000014,1,FUSED,2,results_b200_2/intent4_qwen38_27b_30task_3seed_5r/repeat_1/shards/q38a/FUSED/problems/ab000014/candidates/r2.png,84,82,85,84,83
TG14_I009,ab000014,0,R0,0,results_b200_2/intent4_qwen38_27b_30task_3seed_5r/repeat_0/shards/q38a/SELF/problems/ab000014/candidates/r0.png,85,83,86,85,84
TG14_I010,ab000014,2,CEN_MAD,3,results_b200_2/intent4_qwen38_27b_30task_3seed_5r/repeat_2/shards/q38a/CEN_MAD/problems/ab000014/candidates/r3.png,86,84,87,86,85
TG14_I011,ab000014,1,SELF,4,results_b200_2/intent4_qwen38_27b_30task_3seed_5r/repeat_1/shards/q38a/SELF/problems/ab000014/candidates/r4.png,87,85,88,87,86
TG14_I012,ab000014,2,FUSED,1,results_b200_2/intent4_qwen38_27b_30task_3seed_5r/repeat_2/shards/q38a/FUSED/problems/ab000014/candidates/r1.png,88,86,89,88,87
TG14_I013,ab000014,0,MAD,2,results_b200_2/intent4_qwen38_27b_30task_3seed_5r/repeat_0/shards/q38a/MAD/problems/ab000014/candidates/r2.png,89,87,90,89,88
TG14_I014,ab000014,2,CEN_MAD,2,results_b200_2/intent4_qwen38_27b_30task_3seed_5r/repeat_2/shards/q38a/CEN_MAD/problems/ab000014/candidates/r2.png,90,88,91,90,89
TG14_I015,ab000014,1,MAD,3,results_b200_2/intent4_qwen38_27b_30task_3seed_5r/repeat_1/shards/q38a/MAD/problems/ab000014/candidates/r3.png,91,89,92,91,90
TG14_I016,ab000014,0,SELF,1,results_b200_2/intent4_qwen38_27b_30task_3seed_5r/repeat_0/shards/q38a/SELF/problems/ab000014/candidates/r1.png,84,82,85,84,83
TG14_I017,ab000014,0,SELF,2,results_b200_2/intent4_qwen38_27b_30task_3seed_5r/repeat_0/shards/q38a/SELF/problems/ab000014/candidates/r2.png,85,83,86,85,84
TG14_I018,ab000014,0,CEN_MAD,4,results_b200_2/intent4_qwen38_27b_30task_3seed_5r/repeat_0/shards/q38a/CEN_MAD/problems/ab000014/candidates/r4.png,86,84,87,86,85
TG14_I019,ab000014,2,AXES,5,results_b200_2/intent4_qwen38_27b_30task_3seed_5r/repeat_2/shards/q38a/AXES/problems/ab000014/candidates/r5.png,87,85,88,87,86
TG14_I020,ab000014,0,CEN_MAD,3,results_b200_2/intent4_qwen38_27b_30task_3seed_5r/repeat_0/shards/q38a/CEN_MAD/problems/ab000014/candidates/r3.png,88,86,89,88,87
TG14_I021,ab000014,2,MAD,3,results_b200_2/intent4_qwen38_27b_30task_3seed_5r/repeat_2/shards/q38a/MAD/problems/ab000014/candidates/r3.png,89,87,90,89,88
TG14_I022,ab000014,0,AXES,2,results_b200_2/intent4_qwen38_27b_30task_3seed_5r/repeat_0/shards/q38a/AXES/problems/ab000014/candidates/r2.png,90,88,91,90,89
TG14_I023,ab000014,0,FUSED,2,results_b200_2/intent4_qwen38_27b_30task_3seed_5r/repeat_0/shards/q38a/FUSED/problems/ab000014/candidates/r2.png,91,89,92,91,90
TG14_I024,ab000014,2,AXES,2,results_b200_2/intent4_qwen38_27b_30task_3seed_5r/repeat_2/shards/q38a/AXES/problems/ab000014/candidates/r2.png,84,82,85,84,83
TG14_I025,ab000014,2,CEN_MAD,4,results_b200_2/intent4_qwen38_27b_30task_3seed_5r/repeat_2/shards/q38a/CEN_MAD/problems/ab000014/candidates/r4.png,85,83,86,85,84
TG14_I026,ab000014,2,SELF,1,results_b200_2/intent4_qwen38_27b_30task_3seed_5r/repeat_2/shards/q38a/SELF/problems/ab000014/candidates/r1.png,86,84,87,86,85
TG14_I027,ab000014,1,AXES,1,results_b200_2/intent4_qwen38_27b_30task_3seed_5r/repeat_1/shards/q38a/AXES/problems/ab000014/candidates/r1.png,87,85,88,87,86
TG14_I028,ab000014,2,CEN_MAD,1,results_b200_2/intent4_qwen38_27b_30task_3seed_5r/repeat_2/shards/q38a/CEN_MAD/problems/ab000014/candidates/r1.png,88,86,89,88,87
TG14_I029,ab000014,0,SELF,3,results_b200_2/intent4_qwen38_27b_30task_3seed_5r/repeat_0/shards/q38a/SELF/problems/ab000014/candidates/r3.png,89,87,90,89,88
TG14_I030,ab000014,2,MAD,1,results_b200_2/intent4_qwen38_27b_30task_3seed_5r/repeat_2/shards/q38a/MAD/problems/ab000014/candidates/r1.png,90,88,91,90,89
TG14_I031,ab000014,0,FUSED,3,results_b200_2/intent4_qwen38_27b_30task_3seed_5r/repeat_0/shards/q38a/FUSED/problems/ab000014/candidates/r3.png,91,89,92,91,90
TG14_I032,ab000014,0,FUSED,1,results_b200_2/intent4_qwen38_27b_30task_3seed_5r/repeat_0/shards/q38a/FUSED/problems/ab000014/candidates/r1.png,84,82,85,84,83
TG14_I033,ab000014,1,SELF,5,results_b200_2/intent4_qwen38_27b_30task_3seed_5r/repeat_1/shards/q38a/SELF/problems/ab000014/candidates/r5.png,85,83,86,85,84
TG14_I034,ab000014,1,CEN_MAD,1,results_b200_2/intent4_qwen38_27b_30task_3seed_5r/repeat_1/shards/q38a/CEN_MAD/problems/ab000014/candidates/r1.png,86,84,87,86,85
TG14_I035,ab000014,0,AXES,1,results_b200_2/intent4_qwen38_27b_30task_3seed_5r/repeat_0/shards/q38a/AXES/problems/ab000014/candidates/r1.png,87,85,88,87,86
TG14_I036,ab000014,0,AXES,4,results_b200_2/intent4_qwen38_27b_30task_3seed_5r/repeat_0/shards/q38a/AXES/problems/ab000014/candidates/r4.png,88,86,89,88,87
TG14_I037,ab000014,0,CEN_MAD,2,results_b200_2/intent4_qwen38_27b_30task_3seed_5r/repeat_0/shards/q38a/CEN_MAD/problems/ab000014/candidates/r2.png,89,87,90,89,88
TG14_I038,ab000014,1,FUSED,1,results_b200_2/intent4_qwen38_27b_30task_3seed_5r/repeat_1/shards/q38a/FUSED/problems/ab000014/candidates/r1.png,90,88,91,90,89
TG14_I039,ab000014,1,CEN_MAD,5,results_b200_2/intent4_qwen38_27b_30task_3seed_5r/repeat_1/shards/q38a/CEN_MAD/problems/ab000014/candidates/r5.png,91,89,92,91,90
TG14_I040,ab000014,1,CEN_MAD,3,results_b200_2/intent4_qwen38_27b_30task_3seed_5r/repeat_1/shards/q38a/CEN_MAD/problems/ab000014/candidates/r3.png,84,82,85,84,83
TG14_I041,ab000014,2,FUSED,5,results_b200_2/intent4_qwen38_27b_30task_3seed_5r/repeat_2/shards/q38a/FUSED/problems/ab000014/candidates/r5.png,85,83,86,85,84
TG14_I042,ab000014,0,MAD,4,results_b200_2/intent4_qwen38_27b_30task_3seed_5r/repeat_0/shards/q38a/MAD/problems/ab000014/candidates/r4.png,86,84,87,86,85
TG14_I043,ab000014,1,AXES,3,results_b200_2/intent4_qwen38_27b_30task_3seed_5r/repeat_1/shards/q38a/AXES/problems/ab000014/candidates/r3.png,87,85,88,87,86
TG14_I044,ab000014,2,FUSED,4,results_b200_2/intent4_qwen38_27b_30task_3seed_5r/repeat_2/shards/q38a/FUSED/problems/ab000014/candidates/r4.png,88,86,89,88,87
TG14_I045,ab000014,0,AXES,3,results_b200_2/intent4_qwen38_27b_30task_3seed_5r/repeat_0/shards/q38a/AXES/problems/ab000014/candidates/r3.png,89,87,90,89,88
TG14_I046,ab000014,0,CEN_MAD,1,results_b200_2/intent4_qwen38_27b_30task_3seed_5r/repeat_0/shards/q38a/CEN_MAD/problems/ab000014/candidates/r1.png,90,88,91,90,89
TG14_I047,ab000014,1,R0,0,results_b200_2/intent4_qwen38_27b_30task_3seed_5r/repeat_1/shards/q38a/SELF/problems/ab000014/candidates/r0.png,91,89,92,91,90
TG14_I048,ab000014,2,AXES,4,results_b200_2/intent4_qwen38_27b_30task_3seed_5r/repeat_2/shards/q38a/AXES/problems/ab000014/candidates/r4.png,84,82,85,84,83
TG14_I049,ab000014,1,CEN_MAD,4,results_b200_2/intent4_qwen38_27b_30task_3seed_5r/repeat_1/shards/q38a/CEN_MAD/problems/ab000014/candidates/r4.png,85,83,86,85,84
TG14_I050,ab000014,2,SELF,3,results_b200_2/intent4_qwen38_27b_30task_3seed_5r/repeat_2/shards/q38a/SELF/problems/ab000014/candidates/r3.png,86,84,87,86,85
TG14_I051,ab000014,1,MAD,4,results_b200_2/intent4_qwen38_27b_30task_3seed_5r/repeat_1/shards/q38a/MAD/problems/ab000014/candidates/r4.png,87,85,88,87,86
TG14_I052,ab000014,0,AXES,5,results_b200_2/intent4_qwen38_27b_30task_3seed_5r/repeat_0/shards/q38a/AXES/problems/ab000014/candidates/r5.png,88,86,89,88,87
TG14_I053,ab000014,2,MAD,5,results_b200_2/intent4_qwen38_27b_30task_3seed_5r/repeat_2/shards/q38a/MAD/problems/ab000014/candidates/r5.png,89,87,90,89,88
TG14_I054,ab000014,1,AXES,2,results_b200_2/intent4_qwen38_27b_30task_3seed_5r/repeat_1/shards/q38a/AXES/problems/ab000014/candidates/r2.png,90,88,91,90,89
TG14_I055,ab000014,0,MAD,1,results_b200_2/intent4_qwen38_27b_30task_3seed_5r/repeat_0/shards/q38a/MAD/problems/ab000014/candidates/r1.png,91,89,92,91,90
TG14_I056,ab000014,0,MAD,5,results_b200_2/intent4_qwen38_27b_30task_3seed_5r/repeat_0/shards/q38a/MAD/problems/ab000014/candidates/r5.png,84,82,85,84,83
TG14_I057,ab000014,0,FUSED,4,results_b200_2/intent4_qwen38_27b_30task_3seed_5r/repeat_0/shards/q38a/FUSED/problems/ab000014/candidates/r4.png,85,83,86,85,84
TG14_I058,ab000014,2,R0,0,results_b200_2/intent4_qwen38_27b_30task_3seed_5r/repeat_2/shards/q38a/SELF/problems/ab000014/candidates/r0.png,86,84,87,86,85
TG14_I059,ab000014,1,SELF,2,results_b200_2/intent4_qwen38_27b_30task_3seed_5r/repeat_1/shards/q38a/SELF/problems/ab000014/candidates/r2.png,87,85,88,87,86
TG14_I060,ab000014,2,MAD,4,results_b200_2/intent4_qwen38_27b_30task_3seed_5r/repeat_2/shards/q38a/MAD/problems/ab000014/candidates/r4.png,88,86,89,88,87
TG14_I061,ab000014,2,SELF,4,results_b200_2/intent4_qwen38_27b_30task_3seed_5r/repeat_2/shards/q38a/SELF/problems/ab000014/candidates/r4.png,89,87,90,89,88
TG14_I062,ab000014,2,SELF,2,results_b200_2/intent4_qwen38_27b_30task_3seed_5r/repeat_2/shards/q38a/SELF/problems/ab000014/candidates/r2.png,90,88,91,90,89
TG14_I063,ab000014,2,FUSED,3,results_b200_2/intent4_qwen38_27b_30task_3seed_5r/repeat_2/shards/q38a/FUSED/problems/ab000014/candidates/r3.png,91,89,92,91,90
TG14_I064,ab000014,0,CEN_MAD,5,results_b200_2/intent4_qwen38_27b_30task_3seed_5r/repeat_0/shards/q38a/CEN_MAD/problems/ab000014/candidates/r5.png,84,82,85,84,83
TG14_I065,ab000014,0,SELF,5,results_b200_2/intent4_qwen38_27b_30task_3seed_5r/repeat_0/shards/q38a/SELF/problems/ab000014/candidates/r5.png,85,83,86,85,84
TG14_I066,ab000014,1,FUSED,5,results_b200_2/intent4_qwen38_27b_30task_3seed_5r/repeat_1/shards/q38a/FUSED/problems/ab000014/candidates/r5.png,86,84,87,86,85
TG14_I067,ab000014,0,FUSED,5,results_b200_2/intent4_qwen38_27b_30task_3seed_5r/repeat_0/shards/q38a/FUSED/problems/ab000014/candidates/r5.png,87,85,88,87,86
TG14_I068,ab000014,2,AXES,1,results_b200_2/intent4_qwen38_27b_30task_3seed_5r/repeat_2/shards/q38a/AXES/problems/ab000014/candidates/r1.png,88,86,89,88,87
TG14_I069,ab000014,2,AXES,3,results_b200_2/intent4_qwen38_27b_30task_3seed_5r/repeat_2/shards/q38a/AXES/problems/ab000014/candidates/r3.png,89,87,90,89,88
TG14_I070,ab000014,0,MAD,3,results_b200_2/intent4_qwen38_27b_30task_3seed_5r/repeat_0/shards/q38a/MAD/problems/ab000014/candidates/r3.png,90,88,91,90,89
TG14_I071,ab000014,1,MAD,2,results_b200_2/intent4_qwen38_27b_30task_3seed_5r/repeat_1/shards/q38a/MAD/problems/ab000014/candidates/r2.png,91,89,92,91,90
TG14_I072,ab000014,2,SELF,5,results_b200_2/intent4_qwen38_27b_30task_3seed_5r/repeat_2/shards/q38a/SELF/problems/ab000014/candidates/r5.png,84,82,85,84,83
TG14_I073,ab000014,1,SELF,3,results_b200_2/intent4_qwen38_27b_30task_3seed_5r/repeat_1/shards/q38a/SELF/problems/ab000014/candidates/r3.png,85,83,86,85,84
TG14_I074,ab000014,1,AXES,4,results_b200_2/intent4_qwen38_27b_30task_3seed_5r/repeat_1/shards/q38a/AXES/problems/ab000014/candidates/r4.png,86,84,87,86,85
TG14_I075,ab000014,1,SELF,1,results_b200_2/intent4_qwen38_27b_30task_3seed_5r/repeat_1/shards/q38a/SELF/problems/ab000014/candidates/r1.png,87,85,88,87,86
TG14_I076,ab000014,1,AXES,5,results_b200_2/intent4_qwen38_27b_30task_3seed_5r/repeat_1/shards/q38a/AXES/problems/ab000014/candidates/r5.png,88,86,89,88,87
TG14_I077,ab000014,1,MAD,5,results_b200_2/intent4_qwen38_27b_30task_3seed_5r/repeat_1/shards/q38a/MAD/problems/ab000014/candidates/r5.png,89,87,90,89,88
TG14_I078,ab000014,1,FUSED,4,results_b200_2/intent4_qwen38_27b_30task_3seed_5r/repeat_1/shards/q38a/FUSED/problems/ab000014/candidates/r4.png,90,88,91,90,89
TG15_I001,ab000015,2,SELF,4,results_b200_2/intent4_qwen38_27b_30task_3seed_5r/repeat_2/shards/q38a/SELF/problems/ab000015/candidates/r4.png,89,87,90,89,88
TG15_I002,ab000015,1,FUSED,5,results_b200_2/intent4_qwen38_27b_30task_3seed_5r/repeat_1/shards/q38a/FUSED/problems/ab000015/candidates/r5.png,24,22,25,24,23
TG15_I003,ab000015,0,CEN_MAD,3,results_b200_2/intent4_qwen38_27b_30task_3seed_5r/repeat_0/shards/q38a/CEN_MAD/problems/ab000015/candidates/r3.png,83,81,84,83,82
TG15_I004,ab000015,2,AXES,1,results_b200_2/intent4_qwen38_27b_30task_3seed_5r/repeat_2/shards/q38a/AXES/problems/ab000015/candidates/r1.png,90,88,91,90,89
TG15_I005,ab000015,1,SELF,1,results_b200_2/intent4_qwen38_27b_30task_3seed_5r/repeat_1/shards/q38a/SELF/problems/ab000015/candidates/r1.png,27,25,28,27,26
TG15_I006,ab000015,2,FUSED,1,results_b200_2/intent4_qwen38_27b_30task_3seed_5r/repeat_2/shards/q38a/FUSED/problems/ab000015/candidates/r1.png,84,82,85,84,83
TG15_I007,ab000015,2,AXES,4,results_b200_2/intent4_qwen38_27b_30task_3seed_5r/repeat_2/shards/q38a/AXES/problems/ab000015/candidates/r4.png,91,89,92,91,90
TG15_I008,ab000015,0,AXES,5,results_b200_2/intent4_qwen38_27b_30task_3seed_5r/repeat_0/shards/q38a/AXES/problems/ab000015/candidates/r5.png,23,21,24,23,22
TG15_I009,ab000015,2,AXES,3,results_b200_2/intent4_qwen38_27b_30task_3seed_5r/repeat_2/shards/q38a/AXES/problems/ab000015/candidates/r3.png,85,83,86,85,84
TG15_I010,ab000015,2,MAD,3,results_b200_2/intent4_qwen38_27b_30task_3seed_5r/repeat_2/shards/q38a/MAD/problems/ab000015/candidates/r3.png,82,80,83,82,81
TG15_I011,ab000015,1,MAD,4,results_b200_2/intent4_qwen38_27b_30task_3seed_5r/repeat_1/shards/q38a/MAD/problems/ab000015/candidates/r4.png,26,24,27,26,25
TG15_I012,ab000015,1,CEN_MAD,5,results_b200_2/intent4_qwen38_27b_30task_3seed_5r/repeat_1/shards/q38a/CEN_MAD/problems/ab000015/candidates/r5.png,27,25,28,27,26
TG15_I013,ab000015,0,MAD,2,results_b200_2/intent4_qwen38_27b_30task_3seed_5r/repeat_0/shards/q38a/MAD/problems/ab000015/candidates/r2.png,43,41,44,43,42
TG15_I014,ab000015,1,CEN_MAD,1,results_b200_2/intent4_qwen38_27b_30task_3seed_5r/repeat_1/shards/q38a/CEN_MAD/problems/ab000015/candidates/r1.png,22,20,23,22,21
TG15_I015,ab000015,2,MAD,1,results_b200_2/intent4_qwen38_27b_30task_3seed_5r/repeat_2/shards/q38a/MAD/problems/ab000015/candidates/r1.png,87,85,88,87,86
TG15_I016,ab000015,1,FUSED,3,results_b200_2/intent4_qwen38_27b_30task_3seed_5r/repeat_1/shards/q38a/FUSED/problems/ab000015/candidates/r3.png,24,22,25,24,23
TG15_I017,ab000015,0,MAD,3,results_b200_2/intent4_qwen38_27b_30task_3seed_5r/repeat_0/shards/q38a/MAD/problems/ab000015/candidates/r3.png,47,45,48,47,46
TG15_I018,ab000015,0,R0,0,results_b200_2/intent4_qwen38_27b_30task_3seed_5r/repeat_0/shards/q38a/SELF/problems/ab000015/candidates/r0.png,42,40,43,42,41
TG15_I019,ab000015,2,SELF,1,results_b200_2/intent4_qwen38_27b_30task_3seed_5r/repeat_2/shards/q38a/SELF/problems/ab000015/candidates/r1.png,85,83,86,85,84
TG15_I020,ab000015,1,SELF,3,results_b200_2/intent4_qwen38_27b_30task_3seed_5r/repeat_1/shards/q38a/SELF/problems/ab000015/candidates/r3.png,28,26,29,28,27
TG15_I021,ab000015,0,MAD,1,results_b200_2/intent4_qwen38_27b_30task_3seed_5r/repeat_0/shards/q38a/MAD/problems/ab000015/candidates/r1.png,45,43,46,45,44
TG15_I022,ab000015,0,FUSED,5,results_b200_2/intent4_qwen38_27b_30task_3seed_5r/repeat_0/shards/q38a/FUSED/problems/ab000015/candidates/r5.png,86,84,87,86,85
TG15_I023,ab000015,0,FUSED,3,results_b200_2/intent4_qwen38_27b_30task_3seed_5r/repeat_0/shards/q38a/FUSED/problems/ab000015/candidates/r3.png,63,61,64,63,62
TG15_I024,ab000015,2,CEN_MAD,1,results_b200_2/intent4_qwen38_27b_30task_3seed_5r/repeat_2/shards/q38a/CEN_MAD/problems/ab000015/candidates/r1.png,90,88,91,90,89
TG15_I025,ab000015,1,FUSED,1,results_b200_2/intent4_qwen38_27b_30task_3seed_5r/repeat_1/shards/q38a/FUSED/problems/ab000015/candidates/r1.png,26,24,27,26,25
TG15_I026,ab000015,1,AXES,3,results_b200_2/intent4_qwen38_27b_30task_3seed_5r/repeat_1/shards/q38a/AXES/problems/ab000015/candidates/r3.png,27,25,28,27,26
TG15_I027,ab000015,2,FUSED,5,results_b200_2/intent4_qwen38_27b_30task_3seed_5r/repeat_2/shards/q38a/FUSED/problems/ab000015/candidates/r5.png,91,89,92,91,90
TG15_I028,ab000015,0,SELF,2,results_b200_2/intent4_qwen38_27b_30task_3seed_5r/repeat_0/shards/q38a/SELF/problems/ab000015/candidates/r2.png,88,86,89,88,87
TG15_I029,ab000015,1,MAD,2,results_b200_2/intent4_qwen38_27b_30task_3seed_5r/repeat_1/shards/q38a/MAD/problems/ab000015/candidates/r2.png,23,21,24,23,22
TG15_I030,ab000015,2,AXES,5,results_b200_2/intent4_qwen38_27b_30task_3seed_5r/repeat_2/shards/q38a/AXES/problems/ab000015/candidates/r5.png,82,80,83,82,81
TG15_I031,ab000015,2,MAD,2,results_b200_2/intent4_qwen38_27b_30task_3seed_5r/repeat_2/shards/q38a/MAD/problems/ab000015/candidates/r2.png,89,87,90,89,88
TG15_I032,ab000015,1,MAD,3,results_b200_2/intent4_qwen38_27b_30task_3seed_5r/repeat_1/shards/q38a/MAD/problems/ab000015/candidates/r3.png,26,24,27,26,25
TG15_I033,ab000015,2,CEN_MAD,2,results_b200_2/intent4_qwen38_27b_30task_3seed_5r/repeat_2/shards/q38a/CEN_MAD/problems/ab000015/candidates/r2.png,83,81,84,83,82
TG15_I034,ab000015,2,FUSED,3,results_b200_2/intent4_qwen38_27b_30task_3seed_5r/repeat_2/shards/q38a/FUSED/problems/ab000015/candidates/r3.png,90,88,91,90,89
TG15_I035,ab000015,0,AXES,2,results_b200_2/intent4_qwen38_27b_30task_3seed_5r/repeat_0/shards/q38a/AXES/problems/ab000015/candidates/r2.png,22,20,23,22,21
TG15_I036,ab000015,2,CEN_MAD,3,results_b200_2/intent4_qwen38_27b_30task_3seed_5r/repeat_2/shards/q38a/CEN_MAD/problems/ab000015/candidates/r3.png,84,82,85,84,83
TG15_I037,ab000015,0,FUSED,1,results_b200_2/intent4_qwen38_27b_30task_3seed_5r/repeat_0/shards/q38a/FUSED/problems/ab000015/candidates/r1.png,63,61,64,63,62
TG15_I038,ab000015,0,AXES,3,results_b200_2/intent4_qwen38_27b_30task_3seed_5r/repeat_0/shards/q38a/AXES/problems/ab000015/candidates/r3.png,25,23,26,25,24
TG15_I039,ab000015,0,FUSED,4,results_b200_2/intent4_qwen38_27b_30task_3seed_5r/repeat_0/shards/q38a/FUSED/problems/ab000015/candidates/r4.png,65,63,66,65,64
TG15_I040,ab000015,2,CEN_MAD,5,results_b200_2/intent4_qwen38_27b_30task_3seed_5r/repeat_2/shards/q38a/CEN_MAD/problems/ab000015/candidates/r5.png,82,80,83,82,81
TG15_I041,ab000015,2,FUSED,4,results_b200_2/intent4_qwen38_27b_30task_3seed_5r/repeat_2/shards/q38a/FUSED/problems/ab000015/candidates/r4.png,89,87,90,89,88
TG15_I042,ab000015,1,SELF,4,results_b200_2/intent4_qwen38_27b_30task_3seed_5r/repeat_1/shards/q38a/SELF/problems/ab000015/candidates/r4.png,22,20,23,22,21
TG15_I043,ab000015,0,FUSED,2,results_b200_2/intent4_qwen38_27b_30task_3seed_5r/repeat_0/shards/q38a/FUSED/problems/ab000015/candidates/r2.png,62,60,63,62,61
TG15_I044,ab000015,0,CEN_MAD,4,results_b200_2/intent4_qwen38_27b_30task_3seed_5r/repeat_0/shards/q38a/CEN_MAD/problems/ab000015/candidates/r4.png,90,88,91,90,89
TG15_I045,ab000015,2,SELF,5,results_b200_2/intent4_qwen38_27b_30task_3seed_5r/repeat_2/shards/q38a/SELF/problems/ab000015/candidates/r5.png,87,85,88,87,86
TG15_I046,ab000015,1,FUSED,2,results_b200_2/intent4_qwen38_27b_30task_3seed_5r/repeat_1/shards/q38a/FUSED/problems/ab000015/candidates/r2.png,26,24,27,26,25
TG15_I047,ab000015,2,R0,0,results_b200_2/intent4_qwen38_27b_30task_3seed_5r/repeat_2/shards/q38a/SELF/problems/ab000015/candidates/r0.png,91,89,92,91,90
TG15_I048,ab000015,0,MAD,5,results_b200_2/intent4_qwen38_27b_30task_3seed_5r/repeat_0/shards/q38a/MAD/problems/ab000015/candidates/r5.png,82,80,83,82,81
TG15_I049,ab000015,1,MAD,5,results_b200_2/intent4_qwen38_27b_30task_3seed_5r/repeat_1/shards/q38a/MAD/problems/ab000015/candidates/r5.png,22,20,23,22,21
TG15_I050,ab000015,1,CEN_MAD,4,results_b200_2/intent4_qwen38_27b_30task_3seed_5r/repeat_1/shards/q38a/CEN_MAD/problems/ab000015/candidates/r4.png,23,21,24,23,22
TG15_I051,ab000015,0,SELF,4,results_b200_2/intent4_qwen38_27b_30task_3seed_5r/repeat_0/shards/q38a/SELF/problems/ab000015/candidates/r4.png,77,75,78,77,76
TG15_I052,ab000015,1,R0,0,results_b200_2/intent4_qwen38_27b_30task_3seed_5r/repeat_1/shards/q38a/SELF/problems/ab000015/candidates/r0.png,25,23,26,25,24
TG15_I053,ab000015,0,MAD,4,results_b200_2/intent4_qwen38_27b_30task_3seed_5r/repeat_0/shards/q38a/MAD/problems/ab000015/candidates/r4.png,82,80,83,82,81
TG15_I054,ab000015,1,MAD,1,results_b200_2/intent4_qwen38_27b_30task_3seed_5r/repeat_1/shards/q38a/MAD/problems/ab000015/candidates/r1.png,27,25,28,27,26
TG15_I055,ab000015,2,AXES,2,results_b200_2/intent4_qwen38_27b_30task_3seed_5r/repeat_2/shards/q38a/AXES/problems/ab000015/candidates/r2.png,87,85,88,87,86
TG15_I056,ab000015,0,CEN_MAD,2,results_b200_2/intent4_qwen38_27b_30task_3seed_5r/repeat_0/shards/q38a/CEN_MAD/problems/ab000015/candidates/r2.png,85,83,86,85,84
TG15_I057,ab000015,0,SELF,3,results_b200_2/intent4_qwen38_27b_30task_3seed_5r/repeat_0/shards/q38a/SELF/problems/ab000015/candidates/r3.png,75,73,76,75,74
TG15_I058,ab000015,2,SELF,3,results_b200_2/intent4_qwen38_27b_30task_3seed_5r/repeat_2/shards/q38a/SELF/problems/ab000015/candidates/r3.png,88,86,89,88,87
TG15_I059,ab000015,1,CEN_MAD,2,results_b200_2/intent4_qwen38_27b_30task_3seed_5r/repeat_1/shards/q38a/CEN_MAD/problems/ab000015/candidates/r2.png,25,23,26,25,24
TG15_I060,ab000015,0,AXES,4,results_b200_2/intent4_qwen38_27b_30task_3seed_5r/repeat_0/shards/q38a/AXES/problems/ab000015/candidates/r4.png,26,24,27,26,25
TG15_I061,ab000015,1,AXES,1,results_b200_2/intent4_qwen38_27b_30task_3seed_5r/repeat_1/shards/q38a/AXES/problems/ab000015/candidates/r1.png,27,25,28,27,26
TG15_I062,ab000015,1,FUSED,4,results_b200_2/intent4_qwen38_27b_30task_3seed_5r/repeat_1/shards/q38a/FUSED/problems/ab000015/candidates/r4.png,28,26,29,28,27
TG15_I063,ab000015,1,AXES,2,results_b200_2/intent4_qwen38_27b_30task_3seed_5r/repeat_1/shards/q38a/AXES/problems/ab000015/candidates/r2.png,22,20,23,22,21
TG15_I064,ab000015,1,SELF,5,results_b200_2/intent4_qwen38_27b_30task_3seed_5r/repeat_1/shards/q38a/SELF/problems/ab000015/candidates/r5.png,23,21,24,23,22
TG15_I065,ab000015,1,SELF,2,results_b200_2/intent4_qwen38_27b_30task_3seed_5r/repeat_1/shards/q38a/SELF/problems/ab000015/candidates/r2.png,24,22,25,24,23
TG15_I066,ab000015,2,MAD,4,results_b200_2/intent4_qwen38_27b_30task_3seed_5r/repeat_2/shards/q38a/MAD/problems/ab000015/candidates/r4.png,78,76,79,78,77
TG15_I067,ab000015,2,FUSED,2,results_b200_2/intent4_qwen38_27b_30task_3seed_5r/repeat_2/shards/q38a/FUSED/problems/ab000015/candidates/r2.png,91,89,92,91,90
TG15_I068,ab000015,0,SELF,5,results_b200_2/intent4_qwen38_27b_30task_3seed_5r/repeat_0/shards/q38a/SELF/problems/ab000015/candidates/r5.png,78,76,79,78,77
TG15_I069,ab000015,2,MAD,5,results_b200_2/intent4_qwen38_27b_30task_3seed_5r/repeat_2/shards/q38a/MAD/problems/ab000015/candidates/r5.png,82,80,83,82,81
TG15_I070,ab000015,0,AXES,1,results_b200_2/intent4_qwen38_27b_30task_3seed_5r/repeat_0/shards/q38a/AXES/problems/ab000015/candidates/r1.png,22,20,23,22,21
TG15_I071,ab000015,1,CEN_MAD,3,results_b200_2/intent4_qwen38_27b_30task_3seed_5r/repeat_1/shards/q38a/CEN_MAD/problems/ab000015/candidates/r3.png,23,21,24,23,22
TG15_I072,ab000015,1,AXES,5,results_b200_2/intent4_qwen38_27b_30task_3seed_5r/repeat_1/shards/q38a/AXES/problems/ab000015/candidates/r5.png,24,22,25,24,23
TG15_I073,ab000015,0,CEN_MAD,5,results_b200_2/intent4_qwen38_27b_30task_3seed_5r/repeat_0/shards/q38a/CEN_MAD/problems/ab000015/candidates/r5.png,75,73,76,75,74
TG15_I074,ab000015,0,SELF,1,results_b200_2/intent4_qwen38_27b_30task_3seed_5r/repeat_0/shards/q38a/SELF/problems/ab000015/candidates/r1.png,26,24,27,26,25
TG15_I075,ab000015,2,SELF,2,results_b200_2/intent4_qwen38_27b_30task_3seed_5r/repeat_2/shards/q38a/SELF/problems/ab000015/candidates/r2.png,87,85,88,87,86
TG15_I076,ab000015,0,CEN_MAD,1,results_b200_2/intent4_qwen38_27b_30task_3seed_5r/repeat_0/shards/q38a/CEN_MAD/problems/ab000015/candidates/r1.png,78,76,79,78,77
TG15_I077,ab000015,1,AXES,4,results_b200_2/intent4_qwen38_27b_30task_3seed_5r/repeat_1/shards/q38a/AXES/problems/ab000015/candidates/r4.png,22,20,23,22,21
TG15_I078,ab000015,2,CEN_MAD,4,results_b200_2/intent4_qwen38_27b_30task_3seed_5r/repeat_2/shards/q38a/CEN_MAD/problems/ab000015/candidates/r4.png,88,86,89,88,87
TG16_I001,ab000016,2,FUSED,3,results_b200_2/intent4_qwen38_27b_30task_3seed_5r/repeat_2/shards/q38b/FUSED/problems/ab000016/candidates/r3.png,83,81,84,83,82
TG16_I002,ab000016,1,FUSED,2,results_b200_2/intent4_qwen38_27b_30task_3seed_5r/repeat_1/shards/q38b/FUSED/problems/ab000016/candidates/r2.png,74,72,75,74,73
TG16_I003,ab000016,1,MAD,1,results_b200_2/intent4_qwen38_27b_30task_3seed_5r/repeat_1/shards/q38b/MAD/problems/ab000016/candidates/r1.png,85,83,86,85,84
TG16_I004,ab000016,1,SELF,4,results_b200_2/intent4_qwen38_27b_30task_3seed_5r/repeat_1/shards/q38b/SELF/problems/ab000016/candidates/r4.png,76,74,77,76,75
TG16_I005,ab000016,2,AXES,2,results_b200_2/intent4_qwen38_27b_30task_3seed_5r/repeat_2/shards/q38b/AXES/problems/ab000016/candidates/r2.png,23,21,24,23,22
TG16_I006,ab000016,1,MAD,3,results_b200_2/intent4_qwen38_27b_30task_3seed_5r/repeat_1/shards/q38b/MAD/problems/ab000016/candidates/r3.png,88,86,89,88,87
TG16_I007,ab000016,2,CEN_MAD,3,results_b200_2/intent4_qwen38_27b_30task_3seed_5r/repeat_2/shards/q38b/CEN_MAD/problems/ab000016/candidates/r3.png,83,81,84,83,82
TG16_I008,ab000016,2,R0,0,results_b200_2/intent4_qwen38_27b_30task_3seed_5r/repeat_2/shards/q38b/SELF/problems/ab000016/candidates/r0.png,80,78,81,80,79
TG16_I009,ab000016,2,CEN_MAD,4,results_b200_2/intent4_qwen38_27b_30task_3seed_5r/repeat_2/shards/q38b/CEN_MAD/problems/ab000016/candidates/r4.png,77,75,78,77,76
TG16_I010,ab000016,1,MAD,5,results_b200_2/intent4_qwen38_27b_30task_3seed_5r/repeat_1/shards/q38b/MAD/problems/ab000016/candidates/r5.png,84,82,85,84,83
TG16_I011,ab000016,2,AXES,5,results_b200_2/intent4_qwen38_27b_30task_3seed_5r/repeat_2/shards/q38b/AXES/problems/ab000016/candidates/r5.png,24,22,25,24,23
TG16_I012,ab000016,0,SELF,4,results_b200_2/intent4_qwen38_27b_30task_3seed_5r/repeat_0/shards/q38b/SELF/problems/ab000016/candidates/r4.png,75,73,76,75,74
TG16_I013,ab000016,2,FUSED,4,results_b200_2/intent4_qwen38_27b_30task_3seed_5r/repeat_2/shards/q38b/FUSED/problems/ab000016/candidates/r4.png,87,85,88,87,86
TG16_I014,ab000016,2,SELF,1,results_b200_2/intent4_qwen38_27b_30task_3seed_5r/repeat_2/shards/q38b/SELF/problems/ab000016/candidates/r1.png,82,80,83,82,81
TG16_I015,ab000016,0,MAD,4,results_b200_2/intent4_qwen38_27b_30task_3seed_5r/repeat_0/shards/q38b/MAD/problems/ab000016/candidates/r4.png,89,87,90,89,88
TG16_I016,ab000016,1,CEN_MAD,3,results_b200_2/intent4_qwen38_27b_30task_3seed_5r/repeat_1/shards/q38b/CEN_MAD/problems/ab000016/candidates/r3.png,82,80,83,82,81
TG16_I017,ab000016,1,AXES,5,results_b200_2/intent4_qwen38_27b_30task_3seed_5r/repeat_1/shards/q38b/AXES/problems/ab000016/candidates/r5.png,83,81,84,83,82
TG16_I018,ab000016,0,MAD,5,results_b200_2/intent4_qwen38_27b_30task_3seed_5r/repeat_0/shards/q38b/MAD/problems/ab000016/candidates/r5.png,84,82,85,84,83
TG16_I019,ab000016,2,MAD,5,results_b200_2/intent4_qwen38_27b_30task_3seed_5r/repeat_2/shards/q38b/MAD/problems/ab000016/candidates/r5.png,67,65,68,67,66
TG16_I020,ab000016,2,SELF,4,results_b200_2/intent4_qwen38_27b_30task_3seed_5r/repeat_2/shards/q38b/SELF/problems/ab000016/candidates/r4.png,80,78,81,80,79
TG16_I021,ab000016,0,FUSED,1,results_b200_2/intent4_qwen38_27b_30task_3seed_5r/repeat_0/shards/q38b/FUSED/problems/ab000016/candidates/r1.png,75,73,76,75,74
TG16_I022,ab000016,2,CEN_MAD,2,results_b200_2/intent4_qwen38_27b_30task_3seed_5r/repeat_2/shards/q38b/CEN_MAD/problems/ab000016/candidates/r2.png,82,80,83,82,81
TG16_I023,ab000016,0,SELF,5,results_b200_2/intent4_qwen38_27b_30task_3seed_5r/repeat_0/shards/q38b/SELF/problems/ab000016/candidates/r5.png,77,75,78,77,76
TG16_I024,ab000016,2,AXES,4,results_b200_2/intent4_qwen38_27b_30task_3seed_5r/repeat_2/shards/q38b/AXES/problems/ab000016/candidates/r4.png,27,25,28,27,26
TG16_I025,ab000016,1,AXES,1,results_b200_2/intent4_qwen38_27b_30task_3seed_5r/repeat_1/shards/q38b/AXES/problems/ab000016/candidates/r1.png,77,75,78,77,76
TG16_I026,ab000016,1,CEN_MAD,5,results_b200_2/intent4_qwen38_27b_30task_3seed_5r/repeat_1/shards/q38b/CEN_MAD/problems/ab000016/candidates/r5.png,84,82,85,84,83
TG16_I027,ab000016,1,CEN_MAD,1,results_b200_2/intent4_qwen38_27b_30task_3seed_5r/repeat_1/shards/q38b/CEN_MAD/problems/ab000016/candidates/r1.png,79,77,80,79,78
TG16_I028,ab000016,1,CEN_MAD,2,results_b200_2/intent4_qwen38_27b_30task_3seed_5r/repeat_1/shards/q38b/CEN_MAD/problems/ab000016/candidates/r2.png,86,84,87,86,85
TG16_I029,ab000016,2,SELF,2,results_b200_2/intent4_qwen38_27b_30task_3seed_5r/repeat_2/shards/q38b/SELF/problems/ab000016/candidates/r2.png,81,79,82,81,80
TG16_I030,ab000016,0,CEN_MAD,4,results_b200_2/intent4_qwen38_27b_30task_3seed_5r/repeat_0/shards/q38b/CEN_MAD/problems/ab000016/candidates/r4.png,75,73,76,75,74
TG16_I031,ab000016,2,SELF,5,results_b200_2/intent4_qwen38_27b_30task_3seed_5r/repeat_2/shards/q38b/SELF/problems/ab000016/candidates/r5.png,83,81,84,83,82
TG16_I032,ab000016,0,AXES,1,results_b200_2/intent4_qwen38_27b_30task_3seed_5r/repeat_0/shards/q38b/AXES/problems/ab000016/candidates/r1.png,77,75,78,77,76
TG16_I033,ab000016,2,CEN_MAD,1,results_b200_2/intent4_qwen38_27b_30task_3seed_5r/repeat_2/shards/q38b/CEN_MAD/problems/ab000016/candidates/r1.png,77,75,78,77,76
TG16_I034,ab000016,0,MAD,2,results_b200_2/intent4_qwen38_27b_30task_3seed_5r/repeat_0/shards/q38b/MAD/problems/ab000016/candidates/r2.png,79,77,80,79,78
TG16_I035,ab000016,0,FUSED,4,results_b200_2/intent4_qwen38_27b_30task_3seed_5r/repeat_0/shards/q38b/FUSED/problems/ab000016/candidates/r4.png,80,78,81,80,79
TG16_I036,ab000016,2,SELF,3,results_b200_2/intent4_qwen38_27b_30task_3seed_5r/repeat_2/shards/q38b/SELF/problems/ab000016/candidates/r3.png,80,78,81,80,79
TG16_I037,ab000016,0,SELF,3,results_b200_2/intent4_qwen38_27b_30task_3seed_5r/repeat_0/shards/q38b/SELF/problems/ab000016/candidates/r3.png,73,71,74,73,72
TG16_I038,ab000016,0,CEN_MAD,5,results_b200_2/intent4_qwen38_27b_30task_3seed_5r/repeat_0/shards/q38b/CEN_MAD/problems/ab000016/candidates/r5.png,74,72,75,74,73
TG16_I039,ab000016,1,FUSED,3,results_b200_2/intent4_qwen38_27b_30task_3seed_5r/repeat_1/shards/q38b/FUSED/problems/ab000016/candidates/r3.png,75,73,76,75,74
TG16_I040,ab000016,1,SELF,5,results_b200_2/intent4_qwen38_27b_30task_3seed_5r/repeat_1/shards/q38b/SELF/problems/ab000016/candidates/r5.png,76,74,77,76,75
TG16_I041,ab000016,0,R0,0,results_b200_2/intent4_qwen38_27b_30task_3seed_5r/repeat_0/shards/q38b/SELF/problems/ab000016/candidates/r0.png,77,75,78,77,76
TG16_I042,ab000016,2,FUSED,5,results_b200_2/intent4_qwen38_27b_30task_3seed_5r/repeat_2/shards/q38b/FUSED/problems/ab000016/candidates/r5.png,84,82,85,84,83
TG16_I043,ab000016,1,FUSED,5,results_b200_2/intent4_qwen38_27b_30task_3seed_5r/repeat_1/shards/q38b/FUSED/problems/ab000016/candidates/r5.png,79,77,80,79,78
TG16_I044,ab000016,0,CEN_MAD,2,results_b200_2/intent4_qwen38_27b_30task_3seed_5r/repeat_0/shards/q38b/CEN_MAD/problems/ab000016/candidates/r2.png,80,78,81,80,79
TG16_I045,ab000016,0,CEN_MAD,1,results_b200_2/intent4_qwen38_27b_30task_3seed_5r/repeat_0/shards/q38b/CEN_MAD/problems/ab000016/candidates/r1.png,72,70,73,72,71
TG16_I046,ab000016,0,SELF,1,results_b200_2/intent4_qwen38_27b_30task_3seed_5r/repeat_0/shards/q38b/SELF/problems/ab000016/candidates/r1.png,73,71,74,73,72
TG16_I047,ab000016,1,MAD,4,results_b200_2/intent4_qwen38_27b_30task_3seed_5r/repeat_1/shards/q38b/MAD/problems/ab000016/candidates/r4.png,89,87,90,89,88
TG16_I048,ab000016,0,MAD,1,results_b200_2/intent4_qwen38_27b_30task_3seed_5r/repeat_0/shards/q38b/MAD/problems/ab000016/candidates/r1.png,75,73,76,75,74
TG16_I049,ab000016,2,MAD,1,results_b200_2/intent4_qwen38_27b_30task_3seed_5r/repeat_2/shards/q38b/MAD/problems/ab000016/candidates/r1.png,67,65,68,67,66
TG16_I050,ab000016,2,FUSED,2,results_b200_2/intent4_qwen38_27b_30task_3seed_5r/repeat_2/shards/q38b/FUSED/problems/ab000016/candidates/r2.png,84,82,85,84,83
TG16_I051,ab000016,0,FUSED,2,results_b200_2/intent4_qwen38_27b_30task_3seed_5r/repeat_0/shards/q38b/FUSED/problems/ab000016/candidates/r2.png,78,76,79,78,77
TG16_I052,ab000016,1,R0,0,results_b200_2/intent4_qwen38_27b_30task_3seed_5r/repeat_1/shards/q38b/SELF/problems/ab000016/candidates/r0.png,79,77,80,79,78
TG16_I053,ab000016,2,MAD,3,results_b200_2/intent4_qwen38_27b_30task_3seed_5r/repeat_2/shards/q38b/MAD/problems/ab000016/candidates/r3.png,71,69,72,71,70
TG16_I054,ab000016,1,SELF,3,results_b200_2/intent4_qwen38_27b_30task_3seed_5r/repeat_1/shards/q38b/SELF/problems/ab000016/candidates/r3.png,72,70,73,72,71
TG16_I055,ab000016,0,MAD,3,results_b200_2/intent4_qwen38_27b_30task_3seed_5r/repeat_0/shards/q38b/MAD/problems/ab000016/candidates/r3.png,89,87,90,89,88
TG16_I056,ab000016,1,CEN_MAD,4,results_b200_2/intent4_qwen38_27b_30task_3seed_5r/repeat_1/shards/q38b/CEN_MAD/problems/ab000016/candidates/r4.png,82,80,83,82,81
TG16_I057,ab000016,2,AXES,1,results_b200_2/intent4_qwen38_27b_30task_3seed_5r/repeat_2/shards/q38b/AXES/problems/ab000016/candidates/r1.png,25,23,26,25,24
TG16_I058,ab000016,2,MAD,4,results_b200_2/intent4_qwen38_27b_30task_3seed_5r/repeat_2/shards/q38b/MAD/problems/ab000016/candidates/r4.png,70,68,71,70,69
TG16_I059,ab000016,1,FUSED,1,results_b200_2/intent4_qwen38_27b_30task_3seed_5r/repeat_1/shards/q38b/FUSED/problems/ab000016/candidates/r1.png,77,75,78,77,76
TG16_I060,ab000016,0,SELF,2,results_b200_2/intent4_qwen38_27b_30task_3seed_5r/repeat_0/shards/q38b/SELF/problems/ab000016/candidates/r2.png,78,76,79,78,77
TG16_I061,ab000016,0,FUSED,5,results_b200_2/intent4_qwen38_27b_30task_3seed_5r/repeat_0/shards/q38b/FUSED/problems/ab000016/candidates/r5.png,79,77,80,79,78
TG16_I062,ab000016,1,AXES,4,results_b200_2/intent4_qwen38_27b_30task_3seed_5r/repeat_1/shards/q38b/AXES/problems/ab000016/candidates/r4.png,88,86,89,88,87
TG16_I063,ab000016,1,AXES,2,results_b200_2/intent4_qwen38_27b_30task_3seed_5r/repeat_1/shards/q38b/AXES/problems/ab000016/candidates/r2.png,89,87,90,89,88
TG16_I064,ab000016,2,MAD,2,results_b200_2/intent4_qwen38_27b_30task_3seed_5r/repeat_2/shards/q38b/MAD/problems/ab000016/candidates/r2.png,70,68,71,70,69
TG16_I065,ab000016,1,FUSED,4,results_b200_2/intent4_qwen38_27b_30task_3seed_5r/repeat_1/shards/q38b/FUSED/problems/ab000016/candidates/r4.png,74,72,75,74,73
TG16_I066,ab000016,1,SELF,1,results_b200_2/intent4_qwen38_27b_30task_3seed_5r/repeat_1/shards/q38b/SELF/problems/ab000016/candidates/r1.png,75,73,76,75,74
TG16_I067,ab000016,0,CEN_MAD,3,results_b200_2/intent4_qwen38_27b_30task_3seed_5r/repeat_0/shards/q38b/CEN_MAD/problems/ab000016/candidates/r3.png,79,77,80,79,78
TG16_I068,ab000016,0,AXES,4,results_b200_2/intent4_qwen38_27b_30task_3seed_5r/repeat_0/shards/q38b/AXES/problems/ab000016/candidates/r4.png,77,75,78,77,76
TG16_I069,ab000016,1,AXES,3,results_b200_2/intent4_qwen38_27b_30task_3seed_5r/repeat_1/shards/q38b/AXES/problems/ab000016/candidates/r3.png,87,85,88,87,86
TG16_I070,ab000016,1,SELF,2,results_b200_2/intent4_qwen38_27b_30task_3seed_5r/repeat_1/shards/q38b/SELF/problems/ab000016/candidates/r2.png,79,77,80,79,78
TG16_I071,ab000016,0,AXES,2,results_b200_2/intent4_qwen38_27b_30task_3seed_5r/repeat_0/shards/q38b/AXES/problems/ab000016/candidates/r2.png,83,81,84,83,82
TG16_I072,ab000016,0,FUSED,3,results_b200_2/intent4_qwen38_27b_30task_3seed_5r/repeat_0/shards/q38b/FUSED/problems/ab000016/candidates/r3.png,72,70,73,72,71
TG16_I073,ab000016,2,AXES,3,results_b200_2/intent4_qwen38_27b_30task_3seed_5r/repeat_2/shards/q38b/AXES/problems/ab000016/candidates/r3.png,26,24,27,26,25
TG16_I074,ab000016,0,AXES,5,results_b200_2/intent4_qwen38_27b_30task_3seed_5r/repeat_0/shards/q38b/AXES/problems/ab000016/candidates/r5.png,74,72,75,74,73
TG16_I075,ab000016,1,MAD,2,results_b200_2/intent4_qwen38_27b_30task_3seed_5r/repeat_1/shards/q38b/MAD/problems/ab000016/candidates/r2.png,85,83,86,85,84
TG16_I076,ab000016,2,CEN_MAD,5,results_b200_2/intent4_qwen38_27b_30task_3seed_5r/repeat_2/shards/q38b/CEN_MAD/problems/ab000016/candidates/r5.png,86,84,87,86,85
TG16_I077,ab000016,0,AXES,3,results_b200_2/intent4_qwen38_27b_30task_3seed_5r/repeat_0/shards/q38b/AXES/problems/ab000016/candidates/r3.png,81,79,82,81,80
TG16_I078,ab000016,2,FUSED,1,results_b200_2/intent4_qwen38_27b_30task_3seed_5r/repeat_2/shards/q38b/FUSED/problems/ab000016/candidates/r1.png,82,80,83,82,81
TG17_I001,ab000017,0,AXES,3,results_b200_2/intent4_qwen38_27b_30task_3seed_5r/repeat_0/shards/q38b/AXES/problems/ab000017/candidates/r3.png,28,26,29,28,27
TG17_I002,ab000017,2,FUSED,5,results_b200_2/intent4_qwen38_27b_30task_3seed_5r/repeat_2/shards/q38b/FUSED/problems/ab000017/candidates/r5.png,88,86,89,88,87
TG17_I003,ab000017,1,SELF,4,results_b200_2/intent4_qwen38_27b_30task_3seed_5r/repeat_1/shards/q38b/SELF/problems/ab000017/candidates/r4.png,30,28,31,30,29
TG17_I004,ab000017,1,MAD,4,results_b200_2/intent4_qwen38_27b_30task_3seed_5r/repeat_1/shards/q38b/MAD/problems/ab000017/candidates/r4.png,31,29,32,31,30
TG17_I005,ab000017,2,SELF,2,results_b200_2/intent4_qwen38_27b_30task_3seed_5r/repeat_2/shards/q38b/SELF/problems/ab000017/candidates/r2.png,32,30,33,32,31
TG17_I006,ab000017,0,AXES,4,results_b200_2/intent4_qwen38_27b_30task_3seed_5r/repeat_0/shards/q38b/AXES/problems/ab000017/candidates/r4.png,33,31,34,33,32
TG17_I007,ab000017,1,AXES,2,results_b200_2/intent4_qwen38_27b_30task_3seed_5r/repeat_1/shards/q38b/AXES/problems/ab000017/candidates/r2.png,27,25,28,27,26
TG17_I008,ab000017,0,FUSED,4,results_b200_2/intent4_qwen38_27b_30task_3seed_5r/repeat_0/shards/q38b/FUSED/problems/ab000017/candidates/r4.png,28,26,29,28,27
TG17_I009,ab000017,2,MAD,5,results_b200_2/intent4_qwen38_27b_30task_3seed_5r/repeat_2/shards/q38b/MAD/problems/ab000017/candidates/r5.png,55,53,56,55,54
TG17_I010,ab000017,0,SELF,3,results_b200_2/intent4_qwen38_27b_30task_3seed_5r/repeat_0/shards/q38b/SELF/problems/ab000017/candidates/r3.png,30,28,31,30,29
TG17_I011,ab000017,0,CEN_MAD,2,results_b200_2/intent4_qwen38_27b_30task_3seed_5r/repeat_0/shards/q38b/CEN_MAD/problems/ab000017/candidates/r2.png,31,29,32,31,30
TG17_I012,ab000017,0,SELF,1,results_b200_2/intent4_qwen38_27b_30task_3seed_5r/repeat_0/shards/q38b/SELF/problems/ab000017/candidates/r1.png,32,30,33,32,31
TG17_I013,ab000017,1,AXES,3,results_b200_2/intent4_qwen38_27b_30task_3seed_5r/repeat_1/shards/q38b/AXES/problems/ab000017/candidates/r3.png,33,31,34,33,32
TG17_I014,ab000017,1,SELF,3,results_b200_2/intent4_qwen38_27b_30task_3seed_5r/repeat_1/shards/q38b/SELF/problems/ab000017/candidates/r3.png,27,25,28,27,26
TG17_I015,ab000017,2,FUSED,4,results_b200_2/intent4_qwen38_27b_30task_3seed_5r/repeat_2/shards/q38b/FUSED/problems/ab000017/candidates/r4.png,28,26,29,28,27
TG17_I016,ab000017,2,CEN_MAD,5,results_b200_2/intent4_qwen38_27b_30task_3seed_5r/repeat_2/shards/q38b/CEN_MAD/problems/ab000017/candidates/r5.png,54,52,55,54,53
TG17_I017,ab000017,2,CEN_MAD,2,results_b200_2/intent4_qwen38_27b_30task_3seed_5r/repeat_2/shards/q38b/CEN_MAD/problems/ab000017/candidates/r2.png,30,28,31,30,29
TG17_I018,ab000017,0,MAD,3,results_b200_2/intent4_qwen38_27b_30task_3seed_5r/repeat_0/shards/q38b/MAD/problems/ab000017/candidates/r3.png,31,29,32,31,30
TG17_I019,ab000017,0,CEN_MAD,3,results_b200_2/intent4_qwen38_27b_30task_3seed_5r/repeat_0/shards/q38b/CEN_MAD/problems/ab000017/candidates/r3.png,32,30,33,32,31
TG17_I020,ab000017,2,FUSED,2,results_b200_2/intent4_qwen38_27b_30task_3seed_5r/repeat_2/shards/q38b/FUSED/problems/ab000017/candidates/r2.png,58,56,59,58,57
TG17_I021,ab000017,1,AXES,4,results_b200_2/intent4_qwen38_27b_30task_3seed_5r/repeat_1/shards/q38b/AXES/problems/ab000017/candidates/r4.png,27,25,28,27,26
TG17_I022,ab000017,1,AXES,5,results_b200_2/intent4_qwen38_27b_30task_3seed_5r/repeat_1/shards/q38b/AXES/problems/ab000017/candidates/r5.png,28,26,29,28,27
TG17_I023,ab000017,1,SELF,2,results_b200_2/intent4_qwen38_27b_30task_3seed_5r/repeat_1/shards/q38b/SELF/problems/ab000017/candidates/r2.png,29,27,30,29,28
TG17_I024,ab000017,0,AXES,2,results_b200_2/intent4_qwen38_27b_30task_3seed_5r/repeat_0/shards/q38b/AXES/problems/ab000017/candidates/r2.png,30,28,31,30,29
TG17_I025,ab000017,2,MAD,1,results_b200_2/intent4_qwen38_27b_30task_3seed_5r/repeat_2/shards/q38b/MAD/problems/ab000017/candidates/r1.png,31,29,32,31,30
TG17_I026,ab000017,1,MAD,3,results_b200_2/intent4_qwen38_27b_30task_3seed_5r/repeat_1/shards/q38b/MAD/problems/ab000017/candidates/r3.png,32,30,33,32,31
TG17_I027,ab000017,1,FUSED,3,results_b200_2/intent4_qwen38_27b_30task_3seed_5r/repeat_1/shards/q38b/FUSED/problems/ab000017/candidates/r3.png,88,86,89,88,87
TG17_I028,ab000017,2,SELF,3,results_b200_2/intent4_qwen38_27b_30task_3seed_5r/repeat_2/shards/q38b/SELF/problems/ab000017/candidates/r3.png,27,25,28,27,26
TG17_I029,ab000017,1,MAD,5,results_b200_2/intent4_qwen38_27b_30task_3seed_5r/repeat_1/shards/q38b/MAD/problems/ab000017/candidates/r5.png,28,26,29,28,27
TG17_I030,ab000017,1,FUSED,1,results_b200_2/intent4_qwen38_27b_30task_3seed_5r/repeat_1/shards/q38b/FUSED/problems/ab000017/candidates/r1.png,86,84,87,86,85
TG17_I031,ab000017,2,AXES,3,results_b200_2/intent4_qwen38_27b_30task_3seed_5r/repeat_2/shards/q38b/AXES/problems/ab000017/candidates/r3.png,30,28,31,30,29
TG17_I032,ab000017,2,FUSED,3,results_b200_2/intent4_qwen38_27b_30task_3seed_5r/repeat_2/shards/q38b/FUSED/problems/ab000017/candidates/r3.png,54,52,55,54,53
TG17_I033,ab000017,1,MAD,2,results_b200_2/intent4_qwen38_27b_30task_3seed_5r/repeat_1/shards/q38b/MAD/problems/ab000017/candidates/r2.png,32,30,33,32,31
TG17_I034,ab000017,2,R0,0,results_b200_2/intent4_qwen38_27b_30task_3seed_5r/repeat_2/shards/q38b/SELF/problems/ab000017/candidates/r0.png,33,31,34,33,32
TG17_I035,ab000017,2,MAD,4,results_b200_2/intent4_qwen38_27b_30task_3seed_5r/repeat_2/shards/q38b/MAD/problems/ab000017/candidates/r4.png,27,25,28,27,26
TG17_I036,ab000017,1,MAD,1,results_b200_2/intent4_qwen38_27b_30task_3seed_5r/repeat_1/shards/q38b/MAD/problems/ab000017/candidates/r1.png,28,26,29,28,27
TG17_I037,ab000017,0,AXES,5,results_b200_2/intent4_qwen38_27b_30task_3seed_5r/repeat_0/shards/q38b/AXES/problems/ab000017/candidates/r5.png,29,27,30,29,28
TG17_I038,ab000017,0,SELF,5,results_b200_2/intent4_qwen38_27b_30task_3seed_5r/repeat_0/shards/q38b/SELF/problems/ab000017/candidates/r5.png,30,28,31,30,29
TG17_I039,ab000017,1,SELF,5,results_b200_2/intent4_qwen38_27b_30task_3seed_5r/repeat_1/shards/q38b/SELF/problems/ab000017/candidates/r5.png,31,29,32,31,30
TG17_I040,ab000017,0,MAD,1,results_b200_2/intent4_qwen38_27b_30task_3seed_5r/repeat_0/shards/q38b/MAD/problems/ab000017/candidates/r1.png,32,30,33,32,31
TG17_I041,ab000017,0,MAD,2,results_b200_2/intent4_qwen38_27b_30task_3seed_5r/repeat_0/shards/q38b/MAD/problems/ab000017/candidates/r2.png,33,31,34,33,32
TG17_I042,ab000017,2,SELF,5,results_b200_2/intent4_qwen38_27b_30task_3seed_5r/repeat_2/shards/q38b/SELF/problems/ab000017/candidates/r5.png,27,25,28,27,26
TG17_I043,ab000017,0,FUSED,2,results_b200_2/intent4_qwen38_27b_30task_3seed_5r/repeat_0/shards/q38b/FUSED/problems/ab000017/candidates/r2.png,28,26,29,28,27
TG17_I044,ab000017,1,CEN_MAD,2,results_b200_2/intent4_qwen38_27b_30task_3seed_5r/repeat_1/shards/q38b/CEN_MAD/problems/ab000017/candidates/r2.png,49,47,50,49,48
TG17_I045,ab000017,1,R0,0,results_b200_2/intent4_qwen38_27b_30task_3seed_5r/repeat_1/shards/q38b/SELF/problems/ab000017/candidates/r0.png,30,28,31,30,29
TG17_I046,ab000017,0,SELF,2,results_b200_2/intent4_qwen38_27b_30task_3seed_5r/repeat_0/shards/q38b/SELF/problems/ab000017/candidates/r2.png,31,29,32,31,30
TG17_I047,ab000017,0,SELF,4,results_b200_2/intent4_qwen38_27b_30task_3seed_5r/repeat_0/shards/q38b/SELF/problems/ab000017/candidates/r4.png,32,30,33,32,31
TG17_I048,ab000017,0,FUSED,1,results_b200_2/intent4_qwen38_27b_30task_3seed_5r/repeat_0/shards/q38b/FUSED/problems/ab000017/candidates/r1.png,33,31,34,33,32
TG17_I049,ab000017,0,CEN_MAD,5,results_b200_2/intent4_qwen38_27b_30task_3seed_5r/repeat_0/shards/q38b/CEN_MAD/problems/ab000017/candidates/r5.png,27,25,28,27,26
TG17_I050,ab000017,2,SELF,1,results_b200_2/intent4_qwen38_27b_30task_3seed_5r/repeat_2/shards/q38b/SELF/problems/ab000017/candidates/r1.png,28,26,29,28,27
TG17_I051,ab000017,0,CEN_MAD,1,results_b200_2/intent4_qwen38_27b_30task_3seed_5r/repeat_0/shards/q38b/CEN_MAD/problems/ab000017/candidates/r1.png,29,27,30,29,28
TG17_I052,ab000017,1,AXES,1,results_b200_2/intent4_qwen38_27b_30task_3seed_5r/repeat_1/shards/q38b/AXES/problems/ab000017/candidates/r1.png,30,28,31,30,29
TG17_I053,ab000017,1,FUSED,5,results_b200_2/intent4_qwen38_27b_30task_3seed_5r/repeat_1/shards/q38b/FUSED/problems/ab000017/candidates/r5.png,31,29,32,31,30
TG17_I054,ab000017,1,CEN_MAD,5,results_b200_2/intent4_qwen38_27b_30task_3seed_5r/repeat_1/shards/q38b/CEN_MAD/problems/ab000017/candidates/r5.png,32,30,33,32,31
TG17_I055,ab000017,0,CEN_MAD,4,results_b200_2/intent4_qwen38_27b_30task_3seed_5r/repeat_0/shards/q38b/CEN_MAD/problems/ab000017/candidates/r4.png,33,31,34,33,32
TG17_I056,ab000017,2,AXES,1,results_b200_2/intent4_qwen38_27b_30task_3seed_5r/repeat_2/shards/q38b/AXES/problems/ab000017/candidates/r1.png,27,25,28,27,26
TG17_I057,ab000017,2,SELF,4,results_b200_2/intent4_qwen38_27b_30task_3seed_5r/repeat_2/shards/q38b/SELF/problems/ab000017/candidates/r4.png,28,26,29,28,27
TG17_I058,ab000017,0,FUSED,5,results_b200_2/intent4_qwen38_27b_30task_3seed_5r/repeat_0/shards/q38b/FUSED/problems/ab000017/candidates/r5.png,29,27,30,29,28
TG17_I059,ab000017,2,FUSED,1,results_b200_2/intent4_qwen38_27b_30task_3seed_5r/repeat_2/shards/q38b/FUSED/problems/ab000017/candidates/r1.png,57,55,58,57,56
TG17_I060,ab000017,2,CEN_MAD,3,results_b200_2/intent4_qwen38_27b_30task_3seed_5r/repeat_2/shards/q38b/CEN_MAD/problems/ab000017/candidates/r3.png,58,56,59,58,57
TG17_I061,ab000017,0,R0,0,results_b200_2/intent4_qwen38_27b_30task_3seed_5r/repeat_0/shards/q38b/SELF/problems/ab000017/candidates/r0.png,32,30,33,32,31
TG17_I062,ab000017,1,FUSED,4,results_b200_2/intent4_qwen38_27b_30task_3seed_5r/repeat_1/shards/q38b/FUSED/problems/ab000017/candidates/r4.png,38,36,39,38,37
TG17_I063,ab000017,0,MAD,4,results_b200_2/intent4_qwen38_27b_30task_3seed_5r/repeat_0/shards/q38b/MAD/problems/ab000017/candidates/r4.png,27,25,28,27,26
TG17_I064,ab000017,0,FUSED,3,results_b200_2/intent4_qwen38_27b_30task_3seed_5r/repeat_0/shards/q38b/FUSED/problems/ab000017/candidates/r3.png,28,26,29,28,27
TG17_I065,ab000017,2,AXES,2,results_b200_2/intent4_qwen38_27b_30task_3seed_5r/repeat_2/shards/q38b/AXES/problems/ab000017/candidates/r2.png,29,27,30,29,28
TG17_I066,ab000017,2,MAD,3,results_b200_2/intent4_qwen38_27b_30task_3seed_5r/repeat_2/shards/q38b/MAD/problems/ab000017/candidates/r3.png,30,28,31,30,29
TG17_I067,ab000017,2,AXES,4,results_b200_2/intent4_qwen38_27b_30task_3seed_5r/repeat_2/shards/q38b/AXES/problems/ab000017/candidates/r4.png,31,29,32,31,30
TG17_I068,ab000017,2,MAD,2,results_b200_2/intent4_qwen38_27b_30task_3seed_5r/repeat_2/shards/q38b/MAD/problems/ab000017/candidates/r2.png,32,30,33,32,31
TG17_I069,ab000017,1,CEN_MAD,3,results_b200_2/intent4_qwen38_27b_30task_3seed_5r/repeat_1/shards/q38b/CEN_MAD/problems/ab000017/candidates/r3.png,33,31,34,33,32
TG17_I070,ab000017,2,CEN_MAD,4,results_b200_2/intent4_qwen38_27b_30task_3seed_5r/repeat_2/shards/q38b/CEN_MAD/problems/ab000017/candidates/r4.png,60,58,61,60,59
TG17_I071,ab000017,2,AXES,5,results_b200_2/intent4_qwen38_27b_30task_3seed_5r/repeat_2/shards/q38b/AXES/problems/ab000017/candidates/r5.png,28,26,29,28,27
TG17_I072,ab000017,1,SELF,1,results_b200_2/intent4_qwen38_27b_30task_3seed_5r/repeat_1/shards/q38b/SELF/problems/ab000017/candidates/r1.png,29,27,30,29,28
TG17_I073,ab000017,0,AXES,1,results_b200_2/intent4_qwen38_27b_30task_3seed_5r/repeat_0/shards/q38b/AXES/problems/ab000017/candidates/r1.png,30,28,31,30,29
TG17_I074,ab000017,1,CEN_MAD,1,results_b200_2/intent4_qwen38_27b_30task_3seed_5r/repeat_1/shards/q38b/CEN_MAD/problems/ab000017/candidates/r1.png,31,29,32,31,30
TG17_I075,ab000017,2,CEN_MAD,1,results_b200_2/intent4_qwen38_27b_30task_3seed_5r/repeat_2/shards/q38b/CEN_MAD/problems/ab000017/candidates/r1.png,32,30,33,32,31
TG17_I076,ab000017,0,MAD,5,results_b200_2/intent4_qwen38_27b_30task_3seed_5r/repeat_0/shards/q38b/MAD/problems/ab000017/candidates/r5.png,33,31,34,33,32
TG17_I077,ab000017,1,CEN_MAD,4,results_b200_2/intent4_qwen38_27b_30task_3seed_5r/repeat_1/shards/q38b/CEN_MAD/problems/ab000017/candidates/r4.png,47,45,48,47,46
TG17_I078,ab000017,1,FUSED,2,results_b200_2/intent4_qwen38_27b_30task_3seed_5r/repeat_1/shards/q38b/FUSED/problems/ab000017/candidates/r2.png,89,87,90,89,88
TG18_I001,ab000018,1,R0,0,results_b200_2/intent4_qwen38_27b_30task_3seed_5r/repeat_1/shards/q38b/SELF/problems/ab000018/candidates/r0.png,19,34,36,29,28
TG18_I002,ab000018,0,MAD,5,results_b200_2/intent4_qwen38_27b_30task_3seed_5r/repeat_0/shards/q38b/MAD/problems/ab000018/candidates/r5.png,26,42,44,38,34
TG18_I003,ab000018,1,SELF,1,results_b200_2/intent4_qwen38_27b_30task_3seed_5r/repeat_1/shards/q38b/SELF/problems/ab000018/candidates/r1.png,21,36,38,31,30
TG18_I004,ab000018,1,SELF,5,results_b200_2/intent4_qwen38_27b_30task_3seed_5r/repeat_1/shards/q38b/SELF/problems/ab000018/candidates/r5.png,18,33,35,28,27
TG18_I005,ab000018,1,FUSED,5,results_b200_2/intent4_qwen38_27b_30task_3seed_5r/repeat_1/shards/q38b/FUSED/problems/ab000018/candidates/r5.png,19,34,36,29,28
TG18_I006,ab000018,2,FUSED,3,results_b200_2/intent4_qwen38_27b_30task_3seed_5r/repeat_2/shards/q38b/FUSED/problems/ab000018/candidates/r3.png,84,83,84,82,84
TG18_I007,ab000018,1,MAD,4,results_b200_2/intent4_qwen38_27b_30task_3seed_5r/repeat_1/shards/q38b/MAD/problems/ab000018/candidates/r4.png,21,36,38,31,30
TG18_I008,ab000018,1,CEN_MAD,4,results_b200_2/intent4_qwen38_27b_30task_3seed_5r/repeat_1/shards/q38b/CEN_MAD/problems/ab000018/candidates/r4.png,18,33,35,28,27
TG18_I009,ab000018,2,CEN_MAD,4,results_b200_2/intent4_qwen38_27b_30task_3seed_5r/repeat_2/shards/q38b/CEN_MAD/problems/ab000018/candidates/r4.png,84,83,84,82,84
TG18_I010,ab000018,0,SELF,2,results_b200_2/intent4_qwen38_27b_30task_3seed_5r/repeat_0/shards/q38b/SELF/problems/ab000018/candidates/r2.png,73,81,80,77,78
TG18_I011,ab000018,2,SELF,5,results_b200_2/intent4_qwen38_27b_30task_3seed_5r/repeat_2/shards/q38b/SELF/problems/ab000018/candidates/r5.png,84,83,84,82,84
TG18_I012,ab000018,1,CEN_MAD,5,results_b200_2/intent4_qwen38_27b_30task_3seed_5r/repeat_1/shards/q38b/CEN_MAD/problems/ab000018/candidates/r5.png,18,33,35,28,27
TG18_I013,ab000018,1,MAD,3,results_b200_2/intent4_qwen38_27b_30task_3seed_5r/repeat_1/shards/q38b/MAD/problems/ab000018/candidates/r3.png,19,34,36,29,28
TG18_I014,ab000018,2,SELF,2,results_b200_2/intent4_qwen38_27b_30task_3seed_5r/repeat_2/shards/q38b/SELF/problems/ab000018/candidates/r2.png,84,83,84,82,84
TG18_I015,ab000018,0,AXES,4,results_b200_2/intent4_qwen38_27b_30task_3seed_5r/repeat_0/shards/q38b/AXES/problems/ab000018/candidates/r4.png,73,81,80,77,78
TG18_I016,ab000018,0,SELF,3,results_b200_2/intent4_qwen38_27b_30task_3seed_5r/repeat_0/shards/q38b/SELF/problems/ab000018/candidates/r3.png,73,81,80,77,78
TG18_I017,ab000018,0,MAD,3,results_b200_2/intent4_qwen38_27b_30task_3seed_5r/repeat_0/shards/q38b/MAD/problems/ab000018/candidates/r3.png,25,41,43,37,33
TG18_I018,ab000018,0,SELF,4,results_b200_2/intent4_qwen38_27b_30task_3seed_5r/repeat_0/shards/q38b/SELF/problems/ab000018/candidates/r4.png,73,81,80,77,78
TG18_I019,ab000018,1,FUSED,1,results_b200_2/intent4_qwen38_27b_30task_3seed_5r/repeat_1/shards/q38b/FUSED/problems/ab000018/candidates/r1.png,21,36,38,31,30
TG18_I020,ab000018,2,AXES,5,results_b200_2/intent4_qwen38_27b_30task_3seed_5r/repeat_2/shards/q38b/AXES/problems/ab000018/candidates/r5.png,84,83,84,82,84
TG18_I021,ab000018,1,SELF,4,results_b200_2/intent4_qwen38_27b_30task_3seed_5r/repeat_1/shards/q38b/SELF/problems/ab000018/candidates/r4.png,19,34,36,29,28
TG18_I022,ab000018,1,MAD,5,results_b200_2/intent4_qwen38_27b_30task_3seed_5r/repeat_1/shards/q38b/MAD/problems/ab000018/candidates/r5.png,20,35,37,30,29
TG18_I023,ab000018,1,AXES,5,results_b200_2/intent4_qwen38_27b_30task_3seed_5r/repeat_1/shards/q38b/AXES/problems/ab000018/candidates/r5.png,27,40,42,37,37
TG18_I024,ab000018,2,CEN_MAD,5,results_b200_2/intent4_qwen38_27b_30task_3seed_5r/repeat_2/shards/q38b/CEN_MAD/problems/ab000018/candidates/r5.png,87,86,87,85,87
TG18_I025,ab000018,2,AXES,2,results_b200_2/intent4_qwen38_27b_30task_3seed_5r/repeat_2/shards/q38b/AXES/problems/ab000018/candidates/r2.png,84,83,84,82,84
TG18_I026,ab000018,2,FUSED,4,results_b200_2/intent4_qwen38_27b_30task_3seed_5r/repeat_2/shards/q38b/FUSED/problems/ab000018/candidates/r4.png,84,83,84,82,84
TG18_I027,ab000018,0,CEN_MAD,1,results_b200_2/intent4_qwen38_27b_30task_3seed_5r/repeat_0/shards/q38b/CEN_MAD/problems/ab000018/candidates/r1.png,73,81,80,77,78
TG18_I028,ab000018,0,MAD,2,results_b200_2/intent4_qwen38_27b_30task_3seed_5r/repeat_0/shards/q38b/MAD/problems/ab000018/candidates/r2.png,24,40,42,36,32
TG18_I029,ab000018,0,FUSED,1,results_b200_2/intent4_qwen38_27b_30task_3seed_5r/repeat_0/shards/q38b/FUSED/problems/ab000018/candidates/r1.png,73,81,80,77,78
TG18_I030,ab000018,2,CEN_MAD,1,results_b200_2/intent4_qwen38_27b_30task_3seed_5r/repeat_2/shards/q38b/CEN_MAD/problems/ab000018/candidates/r1.png,84,83,84,82,84
TG18_I031,ab000018,0,CEN_MAD,5,results_b200_2/intent4_qwen38_27b_30task_3seed_5r/repeat_0/shards/q38b/CEN_MAD/problems/ab000018/candidates/r5.png,71,79,78,75,76
TG18_I032,ab000018,0,MAD,4,results_b200_2/intent4_qwen38_27b_30task_3seed_5r/repeat_0/shards/q38b/MAD/problems/ab000018/candidates/r4.png,24,40,42,36,32
TG18_I033,ab000018,0,SELF,5,results_b200_2/intent4_qwen38_27b_30task_3seed_5r/repeat_0/shards/q38b/SELF/problems/ab000018/candidates/r5.png,73,81,80,77,78
TG18_I034,ab000018,0,AXES,5,results_b200_2/intent4_qwen38_27b_30task_3seed_5r/repeat_0/shards/q38b/AXES/problems/ab000018/candidates/r5.png,26,42,44,38,34
TG18_I035,ab000018,1,CEN_MAD,2,results_b200_2/intent4_qwen38_27b_30task_3seed_5r/repeat_1/shards/q38b/CEN_MAD/problems/ab000018/candidates/r2.png,21,36,38,31,30
TG18_I036,ab000018,0,CEN_MAD,2,results_b200_2/intent4_qwen38_27b_30task_3seed_5r/repeat_0/shards/q38b/CEN_MAD/problems/ab000018/candidates/r2.png,71,79,78,75,76
TG18_I037,ab000018,0,FUSED,2,results_b200_2/intent4_qwen38_27b_30task_3seed_5r/repeat_0/shards/q38b/FUSED/problems/ab000018/candidates/r2.png,73,81,80,77,78
TG18_I038,ab000018,2,MAD,2,results_b200_2/intent4_qwen38_27b_30task_3seed_5r/repeat_2/shards/q38b/MAD/problems/ab000018/candidates/r2.png,81,80,81,79,81
TG18_I039,ab000018,1,SELF,2,results_b200_2/intent4_qwen38_27b_30task_3seed_5r/repeat_1/shards/q38b/SELF/problems/ab000018/candidates/r2.png,21,36,38,31,30
TG18_I040,ab000018,1,AXES,4,results_b200_2/intent4_qwen38_27b_30task_3seed_5r/repeat_1/shards/q38b/AXES/problems/ab000018/candidates/r4.png,18,33,35,28,27
TG18_I041,ab000018,0,MAD,1,results_b200_2/intent4_qwen38_27b_30task_3seed_5r/repeat_0/shards/q38b/MAD/problems/ab000018/candidates/r1.png,25,41,43,37,33
TG18_I042,ab000018,0,AXES,3,results_b200_2/intent4_qwen38_27b_30task_3seed_5r/repeat_0/shards/q38b/AXES/problems/ab000018/candidates/r3.png,73,81,80,77,78
TG18_I043,ab000018,1,FUSED,4,results_b200_2/intent4_qwen38_27b_30task_3seed_5r/repeat_1/shards/q38b/FUSED/problems/ab000018/candidates/r4.png,21,36,38,31,30
TG18_I044,ab000018,2,FUSED,2,results_b200_2/intent4_qwen38_27b_30task_3seed_5r/repeat_2/shards/q38b/FUSED/problems/ab000018/candidates/r2.png,84,83,84,82,84
TG18_I045,ab000018,2,SELF,3,results_b200_2/intent4_qwen38_27b_30task_3seed_5r/repeat_2/shards/q38b/SELF/problems/ab000018/candidates/r3.png,84,83,84,82,84
TG18_I046,ab000018,1,CEN_MAD,1,results_b200_2/intent4_qwen38_27b_30task_3seed_5r/repeat_1/shards/q38b/CEN_MAD/problems/ab000018/candidates/r1.png,20,35,37,30,29
TG18_I047,ab000018,1,CEN_MAD,3,results_b200_2/intent4_qwen38_27b_30task_3seed_5r/repeat_1/shards/q38b/CEN_MAD/problems/ab000018/candidates/r3.png,21,36,38,31,30
TG18_I048,ab000018,2,SELF,4,results_b200_2/intent4_qwen38_27b_30task_3seed_5r/repeat_2/shards/q38b/SELF/problems/ab000018/candidates/r4.png,84,83,84,82,84
TG18_I049,ab000018,1,SELF,3,results_b200_2/intent4_qwen38_27b_30task_3seed_5r/repeat_1/shards/q38b/SELF/problems/ab000018/candidates/r3.png,19,34,36,29,28
TG18_I050,ab000018,2,R0,0,results_b200_2/intent4_qwen38_27b_30task_3seed_5r/repeat_2/shards/q38b/SELF/problems/ab000018/candidates/r0.png,81,80,81,79,81
TG18_I051,ab000018,0,FUSED,4,results_b200_2/intent4_qwen38_27b_30task_3seed_5r/repeat_0/shards/q38b/FUSED/problems/ab000018/candidates/r4.png,75,83,82,79,80
TG18_I052,ab000018,2,CEN_MAD,2,results_b200_2/intent4_qwen38_27b_30task_3seed_5r/repeat_2/shards/q38b/CEN_MAD/problems/ab000018/candidates/r2.png,87,86,87,85,87
TG18_I053,ab000018,2,CEN_MAD,3,results_b200_2/intent4_qwen38_27b_30task_3seed_5r/repeat_2/shards/q38b/CEN_MAD/problems/ab000018/candidates/r3.png,87,86,87,85,87
TG18_I054,ab000018,2,AXES,3,results_b200_2/intent4_qwen38_27b_30task_3seed_5r/repeat_2/shards/q38b/AXES/problems/ab000018/candidates/r3.png,84,83,84,82,84
TG18_I055,ab000018,1,FUSED,3,results_b200_2/intent4_qwen38_27b_30task_3seed_5r/repeat_1/shards/q38b/FUSED/problems/ab000018/candidates/r3.png,21,36,38,31,30
TG18_I056,ab000018,0,AXES,2,results_b200_2/intent4_qwen38_27b_30task_3seed_5r/repeat_0/shards/q38b/AXES/problems/ab000018/candidates/r2.png,73,81,80,77,78
TG18_I057,ab000018,2,MAD,3,results_b200_2/intent4_qwen38_27b_30task_3seed_5r/repeat_2/shards/q38b/MAD/problems/ab000018/candidates/r3.png,30,44,45,41,39
TG18_I058,ab000018,2,MAD,5,results_b200_2/intent4_qwen38_27b_30task_3seed_5r/repeat_2/shards/q38b/MAD/problems/ab000018/candidates/r5.png,31,45,46,42,40
TG18_I059,ab000018,2,SELF,1,results_b200_2/intent4_qwen38_27b_30task_3seed_5r/repeat_2/shards/q38b/SELF/problems/ab000018/candidates/r1.png,81,80,81,79,81
TG18_I060,ab000018,1,MAD,1,results_b200_2/intent4_qwen38_27b_30task_3seed_5r/repeat_1/shards/q38b/MAD/problems/ab000018/candidates/r1.png,18,33,35,28,27
TG18_I061,ab000018,0,FUSED,5,results_b200_2/intent4_qwen38_27b_30task_3seed_5r/repeat_0/shards/q38b/FUSED/problems/ab000018/candidates/r5.png,75,83,82,79,80
TG18_I062,ab000018,2,FUSED,1,results_b200_2/intent4_qwen38_27b_30task_3seed_5r/repeat_2/shards/q38b/FUSED/problems/ab000018/candidates/r1.png,84,83,84,82,84
TG18_I063,ab000018,0,CEN_MAD,3,results_b200_2/intent4_qwen38_27b_30task_3seed_5r/repeat_0/shards/q38b/CEN_MAD/problems/ab000018/candidates/r3.png,71,79,78,75,76
TG18_I064,ab000018,0,SELF,1,results_b200_2/intent4_qwen38_27b_30task_3seed_5r/repeat_0/shards/q38b/SELF/problems/ab000018/candidates/r1.png,73,81,80,77,78
TG18_I065,ab000018,1,FUSED,2,results_b200_2/intent4_qwen38_27b_30task_3seed_5r/repeat_1/shards/q38b/FUSED/problems/ab000018/candidates/r2.png,19,34,36,29,28
TG18_I066,ab000018,1,MAD,2,results_b200_2/intent4_qwen38_27b_30task_3seed_5r/repeat_1/shards/q38b/MAD/problems/ab000018/candidates/r2.png,20,35,37,30,29
TG18_I067,ab000018,0,CEN_MAD,4,results_b200_2/intent4_qwen38_27b_30task_3seed_5r/repeat_0/shards/q38b/CEN_MAD/problems/ab000018/candidates/r4.png,71,79,78,75,76
TG18_I068,ab000018,1,AXES,2,results_b200_2/intent4_qwen38_27b_30task_3seed_5r/repeat_1/shards/q38b/AXES/problems/ab000018/candidates/r2.png,27,40,42,37,37
TG18_I069,ab000018,0,AXES,1,results_b200_2/intent4_qwen38_27b_30task_3seed_5r/repeat_0/shards/q38b/AXES/problems/ab000018/candidates/r1.png,73,81,80,77,78
TG18_I070,ab000018,1,AXES,1,results_b200_2/intent4_qwen38_27b_30task_3seed_5r/repeat_1/shards/q38b/AXES/problems/ab000018/candidates/r1.png,20,35,37,30,29
TG18_I071,ab000018,2,AXES,4,results_b200_2/intent4_qwen38_27b_30task_3seed_5r/repeat_2/shards/q38b/AXES/problems/ab000018/candidates/r4.png,84,83,84,82,84
TG18_I072,ab000018,2,MAD,1,results_b200_2/intent4_qwen38_27b_30task_3seed_5r/repeat_2/shards/q38b/MAD/problems/ab000018/candidates/r1.png,83,82,83,81,83
TG18_I073,ab000018,0,FUSED,3,results_b200_2/intent4_qwen38_27b_30task_3seed_5r/repeat_0/shards/q38b/FUSED/problems/ab000018/candidates/r3.png,75,83,82,79,80
TG18_I074,ab000018,1,AXES,3,results_b200_2/intent4_qwen38_27b_30task_3seed_5r/repeat_1/shards/q38b/AXES/problems/ab000018/candidates/r3.png,20,35,37,30,29
TG18_I075,ab000018,2,FUSED,5,results_b200_2/intent4_qwen38_27b_30task_3seed_5r/repeat_2/shards/q38b/FUSED/problems/ab000018/candidates/r5.png,85,84,85,83,85
TG18_I076,ab000018,0,R0,0,results_b200_2/intent4_qwen38_27b_30task_3seed_5r/repeat_0/shards/q38b/SELF/problems/ab000018/candidates/r0.png,73,81,80,77,78
TG18_I077,ab000018,2,MAD,4,results_b200_2/intent4_qwen38_27b_30task_3seed_5r/repeat_2/shards/q38b/MAD/problems/ab000018/candidates/r4.png,32,46,47,43,41
TG18_I078,ab000018,2,AXES,1,results_b200_2/intent4_qwen38_27b_30task_3seed_5r/repeat_2/shards/q38b/AXES/problems/ab000018/candidates/r1.png,84,83,84,82,84
TG19_I001,ab000019,2,CEN_MAD,4,results_b200_2/intent4_qwen38_27b_30task_3seed_5r/repeat_2/shards/q38b/CEN_MAD/problems/ab000019/candidates/r4.png,22,39,41,34,31
TG19_I002,ab000019,2,CEN_MAD,3,results_b200_2/intent4_qwen38_27b_30task_3seed_5r/repeat_2/shards/q38b/CEN_MAD/problems/ab000019/candidates/r3.png,23,40,42,35,32
TG19_I003,ab000019,2,FUSED,5,results_b200_2/intent4_qwen38_27b_30task_3seed_5r/repeat_2/shards/q38b/FUSED/problems/ab000019/candidates/r5.png,24,41,43,36,33
TG19_I004,ab000019,2,AXES,3,results_b200_2/intent4_qwen38_27b_30task_3seed_5r/repeat_2/shards/q38b/AXES/problems/ab000019/candidates/r3.png,81,79,81,80,81
TG19_I005,ab000019,0,FUSED,3,results_b200_2/intent4_qwen38_27b_30task_3seed_5r/repeat_0/shards/q38b/FUSED/problems/ab000019/candidates/r3.png,53,62,64,58,57
TG19_I006,ab000019,1,SELF,5,results_b200_2/intent4_qwen38_27b_30task_3seed_5r/repeat_1/shards/q38b/SELF/problems/ab000019/candidates/r5.png,84,82,84,83,84
TG19_I007,ab000019,1,CEN_MAD,3,results_b200_2/intent4_qwen38_27b_30task_3seed_5r/repeat_1/shards/q38b/CEN_MAD/problems/ab000019/candidates/r3.png,84,82,84,83,84
TG19_I008,ab000019,1,AXES,4,results_b200_2/intent4_qwen38_27b_30task_3seed_5r/repeat_1/shards/q38b/AXES/problems/ab000019/candidates/r4.png,84,82,84,83,84
TG19_I009,ab000019,1,FUSED,3,results_b200_2/intent4_qwen38_27b_30task_3seed_5r/repeat_1/shards/q38b/FUSED/problems/ab000019/candidates/r3.png,84,82,84,83,84
TG19_I010,ab000019,0,AXES,1,results_b200_2/intent4_qwen38_27b_30task_3seed_5r/repeat_0/shards/q38b/AXES/problems/ab000019/candidates/r1.png,53,62,64,58,57
TG19_I011,ab000019,0,R0,0,results_b200_2/intent4_qwen38_27b_30task_3seed_5r/repeat_0/shards/q38b/SELF/problems/ab000019/candidates/r0.png,24,41,43,36,33
TG19_I012,ab000019,1,CEN_MAD,2,results_b200_2/intent4_qwen38_27b_30task_3seed_5r/repeat_1/shards/q38b/CEN_MAD/problems/ab000019/candidates/r2.png,84,82,84,83,84
TG19_I013,ab000019,2,SELF,5,results_b200_2/intent4_qwen38_27b_30task_3seed_5r/repeat_2/shards/q38b/SELF/problems/ab000019/candidates/r5.png,22,39,41,34,31
TG19_I014,ab000019,1,MAD,3,results_b200_2/intent4_qwen38_27b_30task_3seed_5r/repeat_1/shards/q38b/MAD/problems/ab000019/candidates/r3.png,87,85,87,86,87
TG19_I015,ab000019,0,CEN_MAD,5,results_b200_2/intent4_qwen38_27b_30task_3seed_5r/repeat_0/shards/q38b/CEN_MAD/problems/ab000019/candidates/r5.png,53,62,64,58,57
TG19_I016,ab000019,0,FUSED,2,results_b200_2/intent4_qwen38_27b_30task_3seed_5r/repeat_0/shards/q38b/FUSED/problems/ab000019/candidates/r2.png,54,63,65,59,58
TG19_I017,ab000019,1,AXES,3,results_b200_2/intent4_qwen38_27b_30task_3seed_5r/repeat_1/shards/q38b/AXES/problems/ab000019/candidates/r3.png,84,82,84,83,84
TG19_I018,ab000019,2,MAD,2,results_b200_2/intent4_qwen38_27b_30task_3seed_5r/repeat_2/shards/q38b/MAD/problems/ab000019/candidates/r2.png,23,40,42,35,32
TG19_I019,ab000019,1,SELF,2,results_b200_2/intent4_qwen38_27b_30task_3seed_5r/repeat_1/shards/q38b/SELF/problems/ab000019/candidates/r2.png,84,82,84,83,84
TG19_I020,ab000019,2,MAD,5,results_b200_2/intent4_qwen38_27b_30task_3seed_5r/repeat_2/shards/q38b/MAD/problems/ab000019/candidates/r5.png,21,38,40,33,30
TG19_I021,ab000019,2,FUSED,1,results_b200_2/intent4_qwen38_27b_30task_3seed_5r/repeat_2/shards/q38b/FUSED/problems/ab000019/candidates/r1.png,22,39,41,34,31
TG19_I022,ab000019,1,MAD,5,results_b200_2/intent4_qwen38_27b_30task_3seed_5r/repeat_1/shards/q38b/MAD/problems/ab000019/candidates/r5.png,87,85,87,86,87
TG19_I023,ab000019,2,AXES,1,results_b200_2/intent4_qwen38_27b_30task_3seed_5r/repeat_2/shards/q38b/AXES/problems/ab000019/candidates/r1.png,24,41,43,36,33
TG19_I024,ab000019,0,MAD,4,results_b200_2/intent4_qwen38_27b_30task_3seed_5r/repeat_0/shards/q38b/MAD/problems/ab000019/candidates/r4.png,57,66,68,62,61
TG19_I025,ab000019,1,AXES,1,results_b200_2/intent4_qwen38_27b_30task_3seed_5r/repeat_1/shards/q38b/AXES/problems/ab000019/candidates/r1.png,22,39,41,34,31
TG19_I026,ab000019,0,AXES,4,results_b200_2/intent4_qwen38_27b_30task_3seed_5r/repeat_0/shards/q38b/AXES/problems/ab000019/candidates/r4.png,54,63,65,59,58
TG19_I027,ab000019,2,R0,0,results_b200_2/intent4_qwen38_27b_30task_3seed_5r/repeat_2/shards/q38b/SELF/problems/ab000019/candidates/r0.png,24,41,43,36,33
TG19_I028,ab000019,0,AXES,3,results_b200_2/intent4_qwen38_27b_30task_3seed_5r/repeat_0/shards/q38b/AXES/problems/ab000019/candidates/r3.png,56,65,67,61,60
TG19_I029,ab000019,1,CEN_MAD,5,results_b200_2/intent4_qwen38_27b_30task_3seed_5r/repeat_1/shards/q38b/CEN_MAD/problems/ab000019/candidates/r5.png,84,82,84,83,84
TG19_I030,ab000019,1,FUSED,2,results_b200_2/intent4_qwen38_27b_30task_3seed_5r/repeat_1/shards/q38b/FUSED/problems/ab000019/candidates/r2.png,84,82,84,83,84
TG19_I031,ab000019,0,SELF,5,results_b200_2/intent4_qwen38_27b_30task_3seed_5r/repeat_0/shards/q38b/SELF/problems/ab000019/candidates/r5.png,54,63,65,59,58
TG19_I032,ab000019,1,MAD,1,results_b200_2/intent4_qwen38_27b_30task_3seed_5r/repeat_1/shards/q38b/MAD/problems/ab000019/candidates/r1.png,84,82,84,83,84
TG19_I033,ab000019,1,AXES,5,results_b200_2/intent4_qwen38_27b_30task_3seed_5r/repeat_1/shards/q38b/AXES/problems/ab000019/candidates/r5.png,22,39,41,34,31
TG19_I034,ab000019,2,SELF,4,results_b200_2/intent4_qwen38_27b_30task_3seed_5r/repeat_2/shards/q38b/SELF/problems/ab000019/candidates/r4.png,23,40,42,35,32
TG19_I035,ab000019,0,SELF,2,results_b200_2/intent4_qwen38_27b_30task_3seed_5r/repeat_0/shards/q38b/SELF/problems/ab000019/candidates/r2.png,53,62,64,58,57
TG19_I036,ab000019,2,SELF,2,results_b200_2/intent4_qwen38_27b_30task_3seed_5r/repeat_2/shards/q38b/SELF/problems/ab000019/candidates/r2.png,21,38,40,33,30
TG19_I037,ab000019,1,AXES,2,results_b200_2/intent4_qwen38_27b_30task_3seed_5r/repeat_1/shards/q38b/AXES/problems/ab000019/candidates/r2.png,22,39,41,34,31
TG19_I038,ab000019,0,MAD,1,results_b200_2/intent4_qwen38_27b_30task_3seed_5r/repeat_0/shards/q38b/MAD/problems/ab000019/candidates/r1.png,56,65,67,61,60
TG19_I039,ab000019,2,MAD,4,results_b200_2/intent4_qwen38_27b_30task_3seed_5r/repeat_2/shards/q38b/MAD/problems/ab000019/candidates/r4.png,24,41,43,36,33
TG19_I040,ab000019,2,MAD,1,results_b200_2/intent4_qwen38_27b_30task_3seed_5r/repeat_2/shards/q38b/MAD/problems/ab000019/candidates/r1.png,21,38,40,33,30
TG19_I041,ab000019,0,CEN_MAD,4,results_b200_2/intent4_qwen38_27b_30task_3seed_5r/repeat_0/shards/q38b/CEN_MAD/problems/ab000019/candidates/r4.png,54,63,65,59,58
TG19_I042,ab000019,2,MAD,3,results_b200_2/intent4_qwen38_27b_30task_3seed_5r/repeat_2/shards/q38b/MAD/problems/ab000019/candidates/r3.png,23,40,42,35,32
TG19_I043,ab000019,0,CEN_MAD,1,results_b200_2/intent4_qwen38_27b_30task_3seed_5r/repeat_0/shards/q38b/CEN_MAD/problems/ab000019/candidates/r1.png,56,65,67,61,60
TG19_I044,ab000019,2,SELF,3,results_b200_2/intent4_qwen38_27b_30task_3seed_5r/repeat_2/shards/q38b/SELF/problems/ab000019/candidates/r3.png,21,38,40,33,30
TG19_I045,ab000019,0,SELF,3,results_b200_2/intent4_qwen38_27b_30task_3seed_5r/repeat_0/shards/q38b/SELF/problems/ab000019/candidates/r3.png,53,62,64,58,57
TG19_I046,ab000019,0,MAD,5,results_b200_2/intent4_qwen38_27b_30task_3seed_5r/repeat_0/shards/q38b/MAD/problems/ab000019/candidates/r5.png,54,63,65,59,58
TG19_I047,ab000019,1,FUSED,1,results_b200_2/intent4_qwen38_27b_30task_3seed_5r/repeat_1/shards/q38b/FUSED/problems/ab000019/candidates/r1.png,24,41,43,36,33
TG19_I048,ab000019,2,SELF,1,results_b200_2/intent4_qwen38_27b_30task_3seed_5r/repeat_2/shards/q38b/SELF/problems/ab000019/candidates/r1.png,21,38,40,33,30
TG19_I049,ab000019,0,MAD,3,results_b200_2/intent4_qwen38_27b_30task_3seed_5r/repeat_0/shards/q38b/MAD/problems/ab000019/candidates/r3.png,57,66,68,62,61
TG19_I050,ab000019,0,MAD,2,results_b200_2/intent4_qwen38_27b_30task_3seed_5r/repeat_0/shards/q38b/MAD/problems/ab000019/candidates/r2.png,53,62,64,58,57
TG19_I051,ab000019,0,CEN_MAD,3,results_b200_2/intent4_qwen38_27b_30task_3seed_5r/repeat_0/shards/q38b/CEN_MAD/problems/ab000019/candidates/r3.png,54,63,65,59,58
TG19_I052,ab000019,2,FUSED,2,results_b200_2/intent4_qwen38_27b_30task_3seed_5r/repeat_2/shards/q38b/FUSED/problems/ab000019/candidates/r2.png,21,38,40,33,30
TG19_I053,ab000019,2,CEN_MAD,5,results_b200_2/intent4_qwen38_27b_30task_3seed_5r/repeat_2/shards/q38b/CEN_MAD/problems/ab000019/candidates/r5.png,22,39,41,34,31
TG19_I054,ab000019,1,SELF,3,results_b200_2/intent4_qwen38_27b_30task_3seed_5r/repeat_1/shards/q38b/SELF/problems/ab000019/candidates/r3.png,84,82,84,83,84
TG19_I055,ab000019,1,MAD,2,results_b200_2/intent4_qwen38_27b_30task_3seed_5r/repeat_1/shards/q38b/MAD/problems/ab000019/candidates/r2.png,84,82,84,83,84
TG19_I056,ab000019,0,CEN_MAD,2,results_b200_2/intent4_qwen38_27b_30task_3seed_5r/repeat_0/shards/q38b/CEN_MAD/problems/ab000019/candidates/r2.png,54,63,65,59,58
TG19_I057,ab000019,1,CEN_MAD,4,results_b200_2/intent4_qwen38_27b_30task_3seed_5r/repeat_1/shards/q38b/CEN_MAD/problems/ab000019/candidates/r4.png,84,82,84,83,84
TG19_I058,ab000019,0,AXES,5,results_b200_2/intent4_qwen38_27b_30task_3seed_5r/repeat_0/shards/q38b/AXES/problems/ab000019/candidates/r5.png,56,65,67,61,60
TG19_I059,ab000019,0,FUSED,1,results_b200_2/intent4_qwen38_27b_30task_3seed_5r/repeat_0/shards/q38b/FUSED/problems/ab000019/candidates/r1.png,57,66,68,62,61
TG19_I060,ab000019,2,CEN_MAD,1,results_b200_2/intent4_qwen38_27b_30task_3seed_5r/repeat_2/shards/q38b/CEN_MAD/problems/ab000019/candidates/r1.png,21,38,40,33,30
TG19_I061,ab000019,2,AXES,4,results_b200_2/intent4_qwen38_27b_30task_3seed_5r/repeat_2/shards/q38b/AXES/problems/ab000019/candidates/r4.png,81,79,81,80,81
TG19_I062,ab000019,2,AXES,2,results_b200_2/intent4_qwen38_27b_30task_3seed_5r/repeat_2/shards/q38b/AXES/problems/ab000019/candidates/r2.png,81,79,81,80,81
TG19_I063,ab000019,0,FUSED,5,results_b200_2/intent4_qwen38_27b_30task_3seed_5r/repeat_0/shards/q38b/FUSED/problems/ab000019/candidates/r5.png,56,65,67,61,60
TG19_I064,ab000019,1,FUSED,5,results_b200_2/intent4_qwen38_27b_30task_3seed_5r/repeat_1/shards/q38b/FUSED/problems/ab000019/candidates/r5.png,87,85,87,86,87
TG19_I065,ab000019,0,FUSED,4,results_b200_2/intent4_qwen38_27b_30task_3seed_5r/repeat_0/shards/q38b/FUSED/problems/ab000019/candidates/r4.png,53,62,64,58,57
TG19_I066,ab000019,1,SELF,4,results_b200_2/intent4_qwen38_27b_30task_3seed_5r/repeat_1/shards/q38b/SELF/problems/ab000019/candidates/r4.png,84,82,84,83,84
TG19_I067,ab000019,2,FUSED,3,results_b200_2/intent4_qwen38_27b_30task_3seed_5r/repeat_2/shards/q38b/FUSED/problems/ab000019/candidates/r3.png,24,41,43,36,33
TG19_I068,ab000019,2,FUSED,4,results_b200_2/intent4_qwen38_27b_30task_3seed_5r/repeat_2/shards/q38b/FUSED/problems/ab000019/candidates/r4.png,21,38,40,33,30
TG19_I069,ab000019,0,SELF,4,results_b200_2/intent4_qwen38_27b_30task_3seed_5r/repeat_0/shards/q38b/SELF/problems/ab000019/candidates/r4.png,57,66,68,62,61
TG19_I070,ab000019,2,AXES,5,results_b200_2/intent4_qwen38_27b_30task_3seed_5r/repeat_2/shards/q38b/AXES/problems/ab000019/candidates/r5.png,84,82,84,83,84
TG19_I071,ab000019,0,AXES,2,results_b200_2/intent4_qwen38_27b_30task_3seed_5r/repeat_0/shards/q38b/AXES/problems/ab000019/candidates/r2.png,54,63,65,59,58
TG19_I072,ab000019,0,SELF,1,results_b200_2/intent4_qwen38_27b_30task_3seed_5r/repeat_0/shards/q38b/SELF/problems/ab000019/candidates/r1.png,55,64,66,60,59
TG19_I073,ab000019,1,MAD,4,results_b200_2/intent4_qwen38_27b_30task_3seed_5r/repeat_1/shards/q38b/MAD/problems/ab000019/candidates/r4.png,87,85,87,86,87
TG19_I074,ab000019,1,SELF,1,results_b200_2/intent4_qwen38_27b_30task_3seed_5r/repeat_1/shards/q38b/SELF/problems/ab000019/candidates/r1.png,84,82,84,83,84
TG19_I075,ab000019,1,FUSED,4,results_b200_2/intent4_qwen38_27b_30task_3seed_5r/repeat_1/shards/q38b/FUSED/problems/ab000019/candidates/r4.png,87,85,87,86,87
TG19_I076,ab000019,2,CEN_MAD,2,results_b200_2/intent4_qwen38_27b_30task_3seed_5r/repeat_2/shards/q38b/CEN_MAD/problems/ab000019/candidates/r2.png,21,38,40,33,30
TG19_I077,ab000019,1,R0,0,results_b200_2/intent4_qwen38_27b_30task_3seed_5r/repeat_1/shards/q38b/SELF/problems/ab000019/candidates/r0.png,84,82,84,83,84
TG19_I078,ab000019,1,CEN_MAD,1,results_b200_2/intent4_qwen38_27b_30task_3seed_5r/repeat_1/shards/q38b/CEN_MAD/problems/ab000019/candidates/r1.png,84,82,84,83,84
TG20_I001,ab000020,2,AXES,1,results_b200_2/intent4_qwen38_27b_30task_3seed_5r/repeat_2/shards/q38b/AXES/problems/ab000020/candidates/r1.png,90,80,83,89,84
TG20_I002,ab000020,0,AXES,2,results_b200_2/intent4_qwen38_27b_30task_3seed_5r/repeat_0/shards/q38b/AXES/problems/ab000020/candidates/r2.png,87,85,87,91,89
TG20_I003,ab000020,0,SELF,2,results_b200_2/intent4_qwen38_27b_30task_3seed_5r/repeat_0/shards/q38b/SELF/problems/ab000020/candidates/r2.png,90,84,87,92,86
TG20_I004,ab000020,2,FUSED,5,results_b200_2/intent4_qwen38_27b_30task_3seed_5r/repeat_2/shards/q38b/FUSED/problems/ab000020/candidates/r5.png,91,83,88,94,89
TG20_I005,ab000020,2,CEN_MAD,1,results_b200_2/intent4_qwen38_27b_30task_3seed_5r/repeat_2/shards/q38b/CEN_MAD/problems/ab000020/candidates/r1.png,74,73,70,81,72
TG20_I006,ab000020,0,MAD,2,results_b200_2/intent4_qwen38_27b_30task_3seed_5r/repeat_0/shards/q38b/MAD/problems/ab000020/candidates/r2.png,89,86,87,90,87
TG20_I007,ab000020,2,MAD,2,results_b200_2/intent4_qwen38_27b_30task_3seed_5r/repeat_2/shards/q38b/MAD/problems/ab000020/candidates/r2.png,88,79,83,90,86
TG20_I008,ab000020,1,AXES,4,results_b200_2/intent4_qwen38_27b_30task_3seed_5r/repeat_1/shards/q38b/AXES/problems/ab000020/candidates/r4.png,94,87,89,93,89
TG20_I009,ab000020,1,SELF,4,results_b200_2/intent4_qwen38_27b_30task_3seed_5r/repeat_1/shards/q38b/SELF/problems/ab000020/candidates/r4.png,92,86,89,94,91
TG20_I010,ab000020,1,MAD,1,results_b200_2/intent4_qwen38_27b_30task_3seed_5r/repeat_1/shards/q38b/MAD/problems/ab000020/candidates/r1.png,90,85,89,90,88
TG20_I011,ab000020,1,MAD,3,results_b200_2/intent4_qwen38_27b_30task_3seed_5r/repeat_1/shards/q38b/MAD/problems/ab000020/candidates/r3.png,93,89,89,91,90
TG20_I012,ab000020,2,AXES,4,results_b200_2/intent4_qwen38_27b_30task_3seed_5r/repeat_2/shards/q38b/AXES/problems/ab000020/candidates/r4.png,90,85,88,92,90
TG20_I013,ab000020,1,SELF,2,results_b200_2/intent4_qwen38_27b_30task_3seed_5r/repeat_1/shards/q38b/SELF/problems/ab000020/candidates/r2.png,94,87,89,93,89
TG20_I014,ab000020,2,CEN_MAD,4,results_b200_2/intent4_qwen38_27b_30task_3seed_5r/repeat_2/shards/q38b/CEN_MAD/problems/ab000020/candidates/r4.png,91,83,88,94,89
TG20_I015,ab000020,0,CEN_MAD,5,results_b200_2/intent4_qwen38_27b_30task_3seed_5r/repeat_0/shards/q38b/CEN_MAD/problems/ab000020/candidates/r5.png,84,76,81,85,80
TG20_I016,ab000020,0,SELF,1,results_b200_2/intent4_qwen38_27b_30task_3seed_5r/repeat_0/shards/q38b/SELF/problems/ab000020/candidates/r1.png,89,86,87,90,87
TG20_I017,ab000020,0,FUSED,4,results_b200_2/intent4_qwen38_27b_30task_3seed_5r/repeat_0/shards/q38b/FUSED/problems/ab000020/candidates/r4.png,83,74,76,87,81
TG20_I018,ab000020,1,CEN_MAD,5,results_b200_2/intent4_qwen38_27b_30task_3seed_5r/repeat_1/shards/q38b/CEN_MAD/problems/ab000020/candidates/r5.png,94,87,89,93,89
TG20_I019,ab000020,0,CEN_MAD,3,results_b200_2/intent4_qwen38_27b_30task_3seed_5r/repeat_0/shards/q38b/CEN_MAD/problems/ab000020/candidates/r3.png,86,77,81,89,83
TG20_I020,ab000020,1,FUSED,2,results_b200_2/intent4_qwen38_27b_30task_3seed_5r/repeat_1/shards/q38b/FUSED/problems/ab000020/candidates/r2.png,90,85,89,90,88
TG20_I021,ab000020,0,MAD,5,results_b200_2/intent4_qwen38_27b_30task_3seed_5r/repeat_0/shards/q38b/MAD/problems/ab000020/candidates/r5.png,89,86,87,90,87
TG20_I022,ab000020,1,FUSED,5,results_b200_2/intent4_qwen38_27b_30task_3seed_5r/repeat_1/shards/q38b/FUSED/problems/ab000020/candidates/r5.png,91,88,89,92,92
TG20_I023,ab000020,1,FUSED,1,results_b200_2/intent4_qwen38_27b_30task_3seed_5r/repeat_1/shards/q38b/FUSED/problems/ab000020/candidates/r1.png,94,87,89,93,89
TG20_I024,ab000020,0,R0,0,results_b200_2/intent4_qwen38_27b_30task_3seed_5r/repeat_0/shards/q38b/SELF/problems/ab000020/candidates/r0.png,88,83,87,93,88
TG20_I025,ab000020,1,CEN_MAD,4,results_b200_2/intent4_qwen38_27b_30task_3seed_5r/repeat_1/shards/q38b/CEN_MAD/problems/ab000020/candidates/r4.png,90,85,89,90,88
TG20_I026,ab000020,0,SELF,4,results_b200_2/intent4_qwen38_27b_30task_3seed_5r/repeat_0/shards/q38b/SELF/problems/ab000020/candidates/r4.png,89,86,87,90,87
TG20_I027,ab000020,1,SELF,5,results_b200_2/intent4_qwen38_27b_30task_3seed_5r/repeat_1/shards/q38b/SELF/problems/ab000020/candidates/r5.png,91,88,89,92,92
TG20_I028,ab000020,0,MAD,3,results_b200_2/intent4_qwen38_27b_30task_3seed_5r/repeat_0/shards/q38b/MAD/problems/ab000020/candidates/r3.png,90,84,87,92,86
TG20_I029,ab000020,2,AXES,5,results_b200_2/intent4_qwen38_27b_30task_3seed_5r/repeat_2/shards/q38b/AXES/problems/ab000020/candidates/r5.png,89,77,83,92,85
TG20_I030,ab000020,2,CEN_MAD,5,results_b200_2/intent4_qwen38_27b_30task_3seed_5r/repeat_2/shards/q38b/CEN_MAD/problems/ab000020/candidates/r5.png,87,76,83,88,82
TG20_I031,ab000020,0,FUSED,3,results_b200_2/intent4_qwen38_27b_30task_3seed_5r/repeat_0/shards/q38b/FUSED/problems/ab000020/candidates/r3.png,87,80,81,86,82
TG20_I032,ab000020,0,FUSED,1,results_b200_2/intent4_qwen38_27b_30task_3seed_5r/repeat_0/shards/q38b/FUSED/problems/ab000020/candidates/r1.png,90,85,88,92,90
TG20_I033,ab000020,2,FUSED,4,results_b200_2/intent4_qwen38_27b_30task_3seed_5r/repeat_2/shards/q38b/FUSED/problems/ab000020/candidates/r4.png,93,84,88,93,87
TG20_I034,ab000020,1,AXES,2,results_b200_2/intent4_qwen38_27b_30task_3seed_5r/repeat_1/shards/q38b/AXES/problems/ab000020/candidates/r2.png,92,86,89,94,91
TG20_I035,ab000020,2,CEN_MAD,3,results_b200_2/intent4_qwen38_27b_30task_3seed_5r/repeat_2/shards/q38b/CEN_MAD/problems/ab000020/candidates/r3.png,74,73,70,81,72
TG20_I036,ab000020,2,MAD,4,results_b200_2/intent4_qwen38_27b_30task_3seed_5r/repeat_2/shards/q38b/MAD/problems/ab000020/candidates/r4.png,92,86,88,91,88
TG20_I037,ab000020,0,AXES,1,results_b200_2/intent4_qwen38_27b_30task_3seed_5r/repeat_0/shards/q38b/AXES/problems/ab000020/candidates/r1.png,87,85,87,91,89
TG20_I038,ab000020,2,SELF,3,results_b200_2/intent4_qwen38_27b_30task_3seed_5r/repeat_2/shards/q38b/SELF/problems/ab000020/candidates/r3.png,93,84,88,93,87
TG20_I039,ab000020,1,AXES,1,results_b200_2/intent4_qwen38_27b_30task_3seed_5r/repeat_1/shards/q38b/AXES/problems/ab000020/candidates/r1.png,92,86,89,94,91
TG20_I040,ab000020,2,FUSED,3,results_b200_2/intent4_qwen38_27b_30task_3seed_5r/repeat_2/shards/q38b/FUSED/problems/ab000020/candidates/r3.png,89,82,88,90,86
TG20_I041,ab000020,2,FUSED,2,results_b200_2/intent4_qwen38_27b_30task_3seed_5r/repeat_2/shards/q38b/FUSED/problems/ab000020/candidates/r2.png,92,86,88,91,88
TG20_I042,ab000020,1,CEN_MAD,3,results_b200_2/intent4_qwen38_27b_30task_3seed_5r/repeat_1/shards/q38b/CEN_MAD/problems/ab000020/candidates/r3.png,91,88,89,92,92
TG20_I043,ab000020,2,SELF,5,results_b200_2/intent4_qwen38_27b_30task_3seed_5r/repeat_2/shards/q38b/SELF/problems/ab000020/candidates/r5.png,91,78,83,91,83
TG20_I044,ab000020,2,SELF,2,results_b200_2/intent4_qwen38_27b_30task_3seed_5r/repeat_2/shards/q38b/SELF/problems/ab000020/candidates/r2.png,89,77,83,92,85
TG20_I045,ab000020,2,MAD,3,results_b200_2/intent4_qwen38_27b_30task_3seed_5r/repeat_2/shards/q38b/MAD/problems/ab000020/candidates/r3.png,89,82,88,90,86
TG20_I046,ab000020,1,AXES,5,results_b200_2/intent4_qwen38_27b_30task_3seed_5r/repeat_1/shards/q38b/AXES/problems/ab000020/candidates/r5.png,93,89,89,91,90
TG20_I047,ab000020,1,CEN_MAD,2,results_b200_2/intent4_qwen38_27b_30task_3seed_5r/repeat_1/shards/q38b/CEN_MAD/problems/ab000020/candidates/r2.png,91,88,89,92,92
TG20_I048,ab000020,1,MAD,5,results_b200_2/intent4_qwen38_27b_30task_3seed_5r/repeat_1/shards/q38b/MAD/problems/ab000020/candidates/r5.png,94,87,89,93,89
TG20_I049,ab000020,0,AXES,3,results_b200_2/intent4_qwen38_27b_30task_3seed_5r/repeat_0/shards/q38b/AXES/problems/ab000020/candidates/r3.png,88,83,87,93,88
TG20_I050,ab000020,0,FUSED,2,results_b200_2/intent4_qwen38_27b_30task_3seed_5r/repeat_0/shards/q38b/FUSED/problems/ab000020/candidates/r2.png,84,76,81,85,80
TG20_I051,ab000020,0,AXES,5,results_b200_2/intent4_qwen38_27b_30task_3seed_5r/repeat_0/shards/q38b/AXES/problems/ab000020/candidates/r5.png,83,82,82,85,82
TG20_I052,ab000020,0,MAD,1,results_b200_2/intent4_qwen38_27b_30task_3seed_5r/repeat_0/shards/q38b/MAD/problems/ab000020/candidates/r1.png,81,81,82,86,84
TG20_I053,ab000020,2,SELF,4,results_b200_2/intent4_qwen38_27b_30task_3seed_5r/repeat_2/shards/q38b/SELF/problems/ab000020/candidates/r4.png,91,78,83,91,83
TG20_I054,ab000020,0,AXES,4,results_b200_2/intent4_qwen38_27b_30task_3seed_5r/repeat_0/shards/q38b/AXES/problems/ab000020/candidates/r4.png,82,79,82,88,83
TG20_I055,ab000020,0,SELF,5,results_b200_2/intent4_qwen38_27b_30task_3seed_5r/repeat_0/shards/q38b/SELF/problems/ab000020/candidates/r5.png,86,82,87,89,85
TG20_I056,ab000020,1,MAD,2,results_b200_2/intent4_qwen38_27b_30task_3seed_5r/repeat_1/shards/q38b/MAD/problems/ab000020/candidates/r2.png,93,89,89,91,90
TG20_I057,ab000020,2,FUSED,1,results_b200_2/intent4_qwen38_27b_30task_3seed_5r/repeat_2/shards/q38b/FUSED/problems/ab000020/candidates/r1.png,88,79,83,90,86
TG20_I058,ab000020,1,R0,0,results_b200_2/intent4_qwen38_27b_30task_3seed_5r/repeat_1/shards/q38b/SELF/problems/ab000020/candidates/r0.png,94,87,89,93,89
TG20_I059,ab000020,1,MAD,4,results_b200_2/intent4_qwen38_27b_30task_3seed_5r/repeat_1/shards/q38b/MAD/problems/ab000020/candidates/r4.png,92,86,89,94,91
TG20_I060,ab000020,2,CEN_MAD,2,results_b200_2/intent4_qwen38_27b_30task_3seed_5r/repeat_2/shards/q38b/CEN_MAD/problems/ab000020/candidates/r2.png,74,73,70,81,72
TG20_I061,ab000020,2,AXES,3,results_b200_2/intent4_qwen38_27b_30task_3seed_5r/repeat_2/shards/q38b/AXES/problems/ab000020/candidates/r3.png,92,86,88,91,88
TG20_I062,ab000020,0,CEN_MAD,4,results_b200_2/intent4_qwen38_27b_30task_3seed_5r/repeat_0/shards/q38b/CEN_MAD/problems/ab000020/candidates/r4.png,85,79,81,87,84
TG20_I063,ab000020,0,CEN_MAD,1,results_b200_2/intent4_qwen38_27b_30task_3seed_5r/repeat_0/shards/q38b/CEN_MAD/problems/ab000020/candidates/r1.png,88,78,81,88,81
TG20_I064,ab000020,2,AXES,2,results_b200_2/intent4_qwen38_27b_30task_3seed_5r/repeat_2/shards/q38b/AXES/problems/ab000020/candidates/r2.png,91,83,88,94,89
TG20_I065,ab000020,1,FUSED,3,results_b200_2/intent4_qwen38_27b_30task_3seed_5r/repeat_1/shards/q38b/FUSED/problems/ab000020/candidates/r3.png,90,85,89,90,88
TG20_I066,ab000020,1,AXES,3,results_b200_2/intent4_qwen38_27b_30task_3seed_5r/repeat_1/shards/q38b/AXES/problems/ab000020/candidates/r3.png,93,89,89,91,90
TG20_I067,ab000020,0,CEN_MAD,2,results_b200_2/intent4_qwen38_27b_30task_3seed_5r/repeat_0/shards/q38b/CEN_MAD/problems/ab000020/candidates/r2.png,85,79,81,87,84
TG20_I068,ab000020,1,SELF,3,results_b200_2/intent4_qwen38_27b_30task_3seed_5r/repeat_1/shards/q38b/SELF/problems/ab000020/candidates/r3.png,94,87,89,93,89
TG20_I069,ab000020,2,MAD,1,results_b200_2/intent4_qwen38_27b_30task_3seed_5r/repeat_2/shards/q38b/MAD/problems/ab000020/candidates/r1.png,91,83,88,94,89
TG20_I070,ab000020,0,SELF,3,results_b200_2/intent4_qwen38_27b_30task_3seed_5r/repeat_0/shards/q38b/SELF/problems/ab000020/candidates/r3.png,86,82,87,89,85
TG20_I071,ab000020,1,SELF,1,results_b200_2/intent4_qwen38_27b_30task_3seed_5r/repeat_1/shards/q38b/SELF/problems/ab000020/candidates/r1.png,93,89,89,91,90
TG20_I072,ab000020,2,R0,0,results_b200_2/intent4_qwen38_27b_30task_3seed_5r/repeat_2/shards/q38b/SELF/problems/ab000020/candidates/r0.png,90,85,88,92,90
TG20_I073,ab000020,2,MAD,5,results_b200_2/intent4_qwen38_27b_30task_3seed_5r/repeat_2/shards/q38b/MAD/problems/ab000020/candidates/r5.png,93,84,88,93,87
TG20_I074,ab000020,2,SELF,1,results_b200_2/intent4_qwen38_27b_30task_3seed_5r/repeat_2/shards/q38b/SELF/problems/ab000020/candidates/r1.png,91,83,88,94,89
TG20_I075,ab000020,0,MAD,4,results_b200_2/intent4_qwen38_27b_30task_3seed_5r/repeat_0/shards/q38b/MAD/problems/ab000020/candidates/r4.png,86,82,87,89,85
TG20_I076,ab000020,1,CEN_MAD,1,results_b200_2/intent4_qwen38_27b_30task_3seed_5r/repeat_1/shards/q38b/CEN_MAD/problems/ab000020/candidates/r1.png,93,89,89,91,90
TG20_I077,ab000020,1,FUSED,4,results_b200_2/intent4_qwen38_27b_30task_3seed_5r/repeat_1/shards/q38b/FUSED/problems/ab000020/candidates/r4.png,91,88,89,92,92
TG20_I078,ab000020,0,FUSED,5,results_b200_2/intent4_qwen38_27b_30task_3seed_5r/repeat_0/shards/q38b/FUSED/problems/ab000020/candidates/r5.png,88,78,81,88,81
TG21_I001,ab000021,0,CEN_MAD,5,results_b200_2/intent4_qwen38_27b_30task_3seed_5r/repeat_0/shards/q38b/CEN_MAD/problems/ab000021/candidates/r5.png,24,31,48,39,27
TG21_I002,ab000021,0,MAD,2,results_b200_2/intent4_qwen38_27b_30task_3seed_5r/repeat_0/shards/q38b/MAD/problems/ab000021/candidates/r2.png,27,34,50,41,30
TG21_I003,ab000021,0,AXES,5,results_b200_2/intent4_qwen38_27b_30task_3seed_5r/repeat_0/shards/q38b/AXES/problems/ab000021/candidates/r5.png,18,24,42,34,21
TG21_I004,ab000021,2,MAD,4,results_b200_2/intent4_qwen38_27b_30task_3seed_5r/repeat_2/shards/q38b/MAD/problems/ab000021/candidates/r4.png,88,86,88,84,87
TG21_I005,ab000021,0,MAD,1,results_b200_2/intent4_qwen38_27b_30task_3seed_5r/repeat_0/shards/q38b/MAD/problems/ab000021/candidates/r1.png,25,32,49,40,28
TG21_I006,ab000021,0,AXES,4,results_b200_2/intent4_qwen38_27b_30task_3seed_5r/repeat_0/shards/q38b/AXES/problems/ab000021/candidates/r4.png,18,23,42,33,20
TG21_I007,ab000021,2,FUSED,1,results_b200_2/intent4_qwen38_27b_30task_3seed_5r/repeat_2/shards/q38b/FUSED/problems/ab000021/candidates/r1.png,68,71,76,73,70
TG21_I008,ab000021,2,MAD,1,results_b200_2/intent4_qwen38_27b_30task_3seed_5r/repeat_2/shards/q38b/MAD/problems/ab000021/candidates/r1.png,86,84,86,80,84
TG21_I009,ab000021,0,AXES,3,results_b200_2/intent4_qwen38_27b_30task_3seed_5r/repeat_0/shards/q38b/AXES/problems/ab000021/candidates/r3.png,18,24,43,34,21
TG21_I010,ab000021,0,SELF,5,results_b200_2/intent4_qwen38_27b_30task_3seed_5r/repeat_0/shards/q38b/SELF/problems/ab000021/candidates/r5.png,29,36,51,42,32
TG21_I011,ab000021,2,SELF,1,results_b200_2/intent4_qwen38_27b_30task_3seed_5r/repeat_2/shards/q38b/SELF/problems/ab000021/candidates/r1.png,69,73,78,76,71
TG21_I012,ab000021,1,FUSED,4,results_b200_2/intent4_qwen38_27b_30task_3seed_5r/repeat_1/shards/q38b/FUSED/problems/ab000021/candidates/r4.png,87,86,88,85,87
TG21_I013,ab000021,1,FUSED,3,results_b200_2/intent4_qwen38_27b_30task_3seed_5r/repeat_1/shards/q38b/FUSED/problems/ab000021/candidates/r3.png,85,83,86,84,84
TG21_I014,ab000021,0,SELF,2,results_b200_2/intent4_qwen38_27b_30task_3seed_5r/repeat_0/shards/q38b/SELF/problems/ab000021/candidates/r2.png,29,36,51,42,32
TG21_I015,ab000021,2,SELF,3,results_b200_2/intent4_qwen38_27b_30task_3seed_5r/repeat_2/shards/q38b/SELF/problems/ab000021/candidates/r3.png,68,72,77,75,70
TG21_I016,ab000021,2,SELF,5,results_b200_2/intent4_qwen38_27b_30task_3seed_5r/repeat_2/shards/q38b/SELF/problems/ab000021/candidates/r5.png,68,72,77,75,70
TG21_I017,ab000021,0,SELF,3,results_b200_2/intent4_qwen38_27b_30task_3seed_5r/repeat_0/shards/q38b/SELF/problems/ab000021/candidates/r3.png,29,36,50,41,31
TG21_I018,ab000021,2,FUSED,4,results_b200_2/intent4_qwen38_27b_30task_3seed_5r/repeat_2/shards/q38b/FUSED/problems/ab000021/candidates/r4.png,87,88,88,83,87
TG21_I019,ab000021,1,AXES,5,results_b200_2/intent4_qwen38_27b_30task_3seed_5r/repeat_1/shards/q38b/AXES/problems/ab000021/candidates/r5.png,85,84,87,84,85
TG21_I020,ab000021,1,MAD,4,results_b200_2/intent4_qwen38_27b_30task_3seed_5r/repeat_1/shards/q38b/MAD/problems/ab000021/candidates/r4.png,24,31,48,39,27
TG21_I021,ab000021,1,MAD,5,results_b200_2/intent4_qwen38_27b_30task_3seed_5r/repeat_1/shards/q38b/MAD/problems/ab000021/candidates/r5.png,24,31,48,39,27
TG21_I022,ab000021,0,R0,0,results_b200_2/intent4_qwen38_27b_30task_3seed_5r/repeat_0/shards/q38b/SELF/problems/ab000021/candidates/r0.png,25,31,47,40,27
TG21_I023,ab000021,2,SELF,4,results_b200_2/intent4_qwen38_27b_30task_3seed_5r/repeat_2/shards/q38b/SELF/problems/ab000021/candidates/r4.png,68,72,77,75,70
TG21_I024,ab000021,2,CEN_MAD,1,results_b200_2/intent4_qwen38_27b_30task_3seed_5r/repeat_2/shards/q38b/CEN_MAD/problems/ab000021/candidates/r1.png,78,79,82,78,79
TG21_I025,ab000021,1,MAD,1,results_b200_2/intent4_qwen38_27b_30task_3seed_5r/repeat_1/shards/q38b/MAD/problems/ab000021/candidates/r1.png,86,84,87,84,85
TG21_I026,ab000021,2,SELF,2,results_b200_2/intent4_qwen38_27b_30task_3seed_5r/repeat_2/shards/q38b/SELF/problems/ab000021/candidates/r2.png,70,74,79,76,72
TG21_I027,ab000021,1,FUSED,5,results_b200_2/intent4_qwen38_27b_30task_3seed_5r/repeat_1/shards/q38b/FUSED/problems/ab000021/candidates/r5.png,87,85,88,84,86
TG21_I028,ab000021,0,FUSED,1,results_b200_2/intent4_qwen38_27b_30task_3seed_5r/repeat_0/shards/q38b/FUSED/problems/ab000021/candidates/r1.png,28,35,52,43,31
TG21_I029,ab000021,1,FUSED,1,results_b200_2/intent4_qwen38_27b_30task_3seed_5r/repeat_1/shards/q38b/FUSED/problems/ab000021/candidates/r1.png,20,27,45,36,23
TG21_I030,ab000021,0,MAD,3,results_b200_2/intent4_qwen38_27b_30task_3seed_5r/repeat_0/shards/q38b/MAD/problems/ab000021/candidates/r3.png,70,74,79,76,72
TG21_I031,ab000021,2,R0,0,results_b200_2/intent4_qwen38_27b_30task_3seed_5r/repeat_2/shards/q38b/SELF/problems/ab000021/candidates/r0.png,24,30,47,38,26
TG21_I032,ab000021,1,SELF,4,results_b200_2/intent4_qwen38_27b_30task_3seed_5r/repeat_1/shards/q38b/SELF/problems/ab000021/candidates/r4.png,84,83,86,84,84
TG21_I033,ab000021,1,R0,0,results_b200_2/intent4_qwen38_27b_30task_3seed_5r/repeat_1/shards/q38b/SELF/problems/ab000021/candidates/r0.png,87,86,89,85,87
TG21_I034,ab000021,1,SELF,3,results_b200_2/intent4_qwen38_27b_30task_3seed_5r/repeat_1/shards/q38b/SELF/problems/ab000021/candidates/r3.png,85,84,87,84,85
TG21_I035,ab000021,0,CEN_MAD,4,results_b200_2/intent4_qwen38_27b_30task_3seed_5r/repeat_0/shards/q38b/CEN_MAD/problems/ab000021/candidates/r4.png,27,34,51,42,30
TG21_I036,ab000021,0,AXES,2,results_b200_2/intent4_qwen38_27b_30task_3seed_5r/repeat_0/shards/q38b/AXES/problems/ab000021/candidates/r2.png,18,24,43,34,21
TG21_I037,ab000021,0,FUSED,3,results_b200_2/intent4_qwen38_27b_30task_3seed_5r/repeat_0/shards/q38b/FUSED/problems/ab000021/candidates/r3.png,28,35,52,43,31
TG21_I038,ab000021,0,FUSED,4,results_b200_2/intent4_qwen38_27b_30task_3seed_5r/repeat_0/shards/q38b/FUSED/problems/ab000021/candidates/r4.png,28,35,52,43,31
TG21_I039,ab000021,0,FUSED,5,results_b200_2/intent4_qwen38_27b_30task_3seed_5r/repeat_0/shards/q38b/FUSED/problems/ab000021/candidates/r5.png,27,34,51,42,30
TG21_I040,ab000021,2,MAD,3,results_b200_2/intent4_qwen38_27b_30task_3seed_5r/repeat_2/shards/q38b/MAD/problems/ab000021/candidates/r3.png,88,87,89,84,87
TG21_I041,ab000021,2,CEN_MAD,3,results_b200_2/intent4_qwen38_27b_30task_3seed_5r/repeat_2/shards/q38b/CEN_MAD/problems/ab000021/candidates/r3.png,85,83,87,86,85
TG21_I042,ab000021,1,CEN_MAD,5,results_b200_2/intent4_qwen38_27b_30task_3seed_5r/repeat_1/shards/q38b/CEN_MAD/problems/ab000021/candidates/r5.png,90,89,91,87,90
TG21_I043,ab000021,2,FUSED,5,results_b200_2/intent4_qwen38_27b_30task_3seed_5r/repeat_2/shards/q38b/FUSED/problems/ab000021/candidates/r5.png,94,92,93,90,93
TG21_I044,ab000021,1,AXES,4,results_b200_2/intent4_qwen38_27b_30task_3seed_5r/repeat_1/shards/q38b/AXES/problems/ab000021/candidates/r4.png,90,88,91,87,89
TG21_I045,ab000021,0,FUSED,2,results_b200_2/intent4_qwen38_27b_30task_3seed_5r/repeat_0/shards/q38b/FUSED/problems/ab000021/candidates/r2.png,28,35,52,43,31
TG21_I046,ab000021,1,MAD,2,results_b200_2/intent4_qwen38_27b_30task_3seed_5r/repeat_1/shards/q38b/MAD/problems/ab000021/candidates/r2.png,22,29,47,38,25
TG21_I047,ab000021,1,MAD,3,results_b200_2/intent4_qwen38_27b_30task_3seed_5r/repeat_1/shards/q38b/MAD/problems/ab000021/candidates/r3.png,22,29,47,38,25
TG21_I048,ab000021,2,FUSED,2,results_b200_2/intent4_qwen38_27b_30task_3seed_5r/repeat_2/shards/q38b/FUSED/problems/ab000021/candidates/r2.png,87,87,89,84,87
TG21_I049,ab000021,0,SELF,4,results_b200_2/intent4_qwen38_27b_30task_3seed_5r/repeat_0/shards/q38b/SELF/problems/ab000021/candidates/r4.png,29,36,51,42,32
TG21_I050,ab000021,2,MAD,2,results_b200_2/intent4_qwen38_27b_30task_3seed_5r/repeat_2/shards/q38b/MAD/problems/ab000021/candidates/r2.png,84,83,86,82,84
TG21_I051,ab000021,1,CEN_MAD,1,results_b200_2/intent4_qwen38_27b_30task_3seed_5r/repeat_1/shards/q38b/CEN_MAD/problems/ab000021/candidates/r1.png,88,87,89,85,88
TG21_I052,ab000021,2,AXES,3,results_b200_2/intent4_qwen38_27b_30task_3seed_5r/repeat_2/shards/q38b/AXES/problems/ab000021/candidates/r3.png,79,80,84,80,80
TG21_I053,ab000021,0,CEN_MAD,1,results_b200_2/intent4_qwen38_27b_30task_3seed_5r/repeat_0/shards/q38b/CEN_MAD/problems/ab000021/candidates/r1.png,26,33,50,41,29
TG21_I054,ab000021,2,CEN_MAD,4,results_b200_2/intent4_qwen38_27b_30task_3seed_5r/repeat_2/shards/q38b/CEN_MAD/problems/ab000021/candidates/r4.png,86,84,87,86,85
TG21_I055,ab000021,2,MAD,5,results_b200_2/intent4_qwen38_27b_30task_3seed_5r/repeat_2/shards/q38b/MAD/problems/ab000021/candidates/r5.png,85,84,87,82,85
TG21_I056,ab000021,1,CEN_MAD,3,results_b200_2/intent4_qwen38_27b_30task_3seed_5r/repeat_1/shards/q38b/CEN_MAD/problems/ab000021/candidates/r3.png,20,27,45,36,23
TG21_I057,ab000021,0,SELF,1,results_b200_2/intent4_qwen38_27b_30task_3seed_5r/repeat_0/shards/q38b/SELF/problems/ab000021/candidates/r1.png,19,25,43,35,22
TG21_I058,ab000021,1,AXES,1,results_b200_2/intent4_qwen38_27b_30task_3seed_5r/repeat_1/shards/q38b/AXES/problems/ab000021/candidates/r1.png,89,88,90,86,89
TG21_I059,ab000021,2,AXES,4,results_b200_2/intent4_qwen38_27b_30task_3seed_5r/repeat_2/shards/q38b/AXES/problems/ab000021/candidates/r4.png,82,82,85,81,82
TG21_I060,ab000021,1,SELF,1,results_b200_2/intent4_qwen38_27b_30task_3seed_5r/repeat_1/shards/q38b/SELF/problems/ab000021/candidates/r1.png,88,87,89,85,88
TG21_I061,ab000021,2,AXES,2,results_b200_2/intent4_qwen38_27b_30task_3seed_5r/repeat_2/shards/q38b/AXES/problems/ab000021/candidates/r2.png,81,82,85,81,82
TG21_I062,ab000021,0,MAD,4,results_b200_2/intent4_qwen38_27b_30task_3seed_5r/repeat_0/shards/q38b/MAD/problems/ab000021/candidates/r4.png,28,35,51,42,31
TG21_I063,ab000021,2,AXES,1,results_b200_2/intent4_qwen38_27b_30task_3seed_5r/repeat_2/shards/q38b/AXES/problems/ab000021/candidates/r1.png,77,78,82,79,78
TG21_I064,ab000021,1,CEN_MAD,2,results_b200_2/intent4_qwen38_27b_30task_3seed_5r/repeat_1/shards/q38b/CEN_MAD/problems/ab000021/candidates/r2.png,88,87,89,85,88
TG21_I065,ab000021,1,AXES,2,results_b200_2/intent4_qwen38_27b_30task_3seed_5r/repeat_1/shards/q38b/AXES/problems/ab000021/candidates/r2.png,88,87,89,85,88
TG21_I066,ab000021,2,AXES,5,results_b200_2/intent4_qwen38_27b_30task_3seed_5r/repeat_2/shards/q38b/AXES/problems/ab000021/candidates/r5.png,86,85,88,83,86
TG21_I067,ab000021,1,SELF,5,results_b200_2/intent4_qwen38_27b_30task_3seed_5r/repeat_1/shards/q38b/SELF/problems/ab000021/candidates/r5.png,88,87,89,87,88
TG21_I068,ab000021,1,AXES,3,results_b200_2/intent4_qwen38_27b_30task_3seed_5r/repeat_1/shards/q38b/AXES/problems/ab000021/candidates/r3.png,88,87,89,85,88
TG21_I069,ab000021,0,CEN_MAD,3,results_b200_2/intent4_qwen38_27b_30task_3seed_5r/repeat_0/shards/q38b/CEN_MAD/problems/ab000021/candidates/r3.png,24,31,48,39,27
TG21_I070,ab000021,1,FUSED,2,results_b200_2/intent4_qwen38_27b_30task_3seed_5r/repeat_1/shards/q38b/FUSED/problems/ab000021/candidates/r2.png,70,68,73,69,69
TG21_I071,ab000021,0,AXES,1,results_b200_2/intent4_qwen38_27b_30task_3seed_5r/repeat_0/shards/q38b/AXES/problems/ab000021/candidates/r1.png,18,24,42,34,21
TG21_I072,ab000021,0,MAD,5,results_b200_2/intent4_qwen38_27b_30task_3seed_5r/repeat_0/shards/q38b/MAD/problems/ab000021/candidates/r5.png,29,36,52,43,32
TG21_I073,ab000021,2,CEN_MAD,5,results_b200_2/intent4_qwen38_27b_30task_3seed_5r/repeat_2/shards/q38b/CEN_MAD/problems/ab000021/candidates/r5.png,86,84,87,86,85
TG21_I074,ab000021,1,CEN_MAD,4,results_b200_2/intent4_qwen38_27b_30task_3seed_5r/repeat_1/shards/q38b/CEN_MAD/problems/ab000021/candidates/r4.png,88,87,89,85,88
TG21_I075,ab000021,0,CEN_MAD,2,results_b200_2/intent4_qwen38_27b_30task_3seed_5r/repeat_0/shards/q38b/CEN_MAD/problems/ab000021/candidates/r2.png,25,32,49,40,28
TG21_I076,ab000021,2,CEN_MAD,2,results_b200_2/intent4_qwen38_27b_30task_3seed_5r/repeat_2/shards/q38b/CEN_MAD/problems/ab000021/candidates/r2.png,86,84,87,86,85
TG21_I077,ab000021,2,FUSED,3,results_b200_2/intent4_qwen38_27b_30task_3seed_5r/repeat_2/shards/q38b/FUSED/problems/ab000021/candidates/r3.png,89,88,91,87,89
TG21_I078,ab000021,1,SELF,2,results_b200_2/intent4_qwen38_27b_30task_3seed_5r/repeat_1/shards/q38b/SELF/problems/ab000021/candidates/r2.png,82,82,86,83,83
TG22_I001,ab000022,1,SELF,2,results_b200_2/intent4_qwen38_27b_30task_3seed_5r/repeat_1/shards/q38b/SELF/problems/ab000022/candidates/r2.png,89,87,85,85,86
TG22_I002,ab000022,1,CEN_MAD,3,results_b200_2/intent4_qwen38_27b_30task_3seed_5r/repeat_1/shards/q38b/CEN_MAD/problems/ab000022/candidates/r3.png,87,82,85,86,85
TG22_I003,ab000022,0,FUSED,2,results_b200_2/intent4_qwen38_27b_30task_3seed_5r/repeat_0/shards/q38b/FUSED/problems/ab000022/candidates/r2.png,91,88,87,88,88
TG22_I004,ab000022,0,FUSED,5,results_b200_2/intent4_qwen38_27b_30task_3seed_5r/repeat_0/shards/q38b/FUSED/problems/ab000022/candidates/r5.png,90,88,86,87,87
TG22_I005,ab000022,2,AXES,5,results_b200_2/intent4_qwen38_27b_30task_3seed_5r/repeat_2/shards/q38b/AXES/problems/ab000022/candidates/r5.png,12,18,18,24,16
TG22_I006,ab000022,2,AXES,3,results_b200_2/intent4_qwen38_27b_30task_3seed_5r/repeat_2/shards/q38b/AXES/problems/ab000022/candidates/r3.png,82,76,78,80,78
TG22_I007,ab000022,1,SELF,5,results_b200_2/intent4_qwen38_27b_30task_3seed_5r/repeat_1/shards/q38b/SELF/problems/ab000022/candidates/r5.png,89,86,84,85,86
TG22_I008,ab000022,0,CEN_MAD,3,results_b200_2/intent4_qwen38_27b_30task_3seed_5r/repeat_0/shards/q38b/CEN_MAD/problems/ab000022/candidates/r3.png,88,82,84,86,83
TG22_I009,ab000022,0,SELF,3,results_b200_2/intent4_qwen38_27b_30task_3seed_5r/repeat_0/shards/q38b/SELF/problems/ab000022/candidates/r3.png,90,87,86,87,87
TG22_I010,ab000022,2,FUSED,3,results_b200_2/intent4_qwen38_27b_30task_3seed_5r/repeat_2/shards/q38b/FUSED/problems/ab000022/candidates/r3.png,93,90,89,90,90
TG22_I011,ab000022,1,CEN_MAD,2,results_b200_2/intent4_qwen38_27b_30task_3seed_5r/repeat_1/shards/q38b/CEN_MAD/problems/ab000022/candidates/r2.png,84,72,80,84,78
TG22_I012,ab000022,0,MAD,3,results_b200_2/intent4_qwen38_27b_30task_3seed_5r/repeat_0/shards/q38b/MAD/problems/ab000022/candidates/r3.png,92,89,88,88,89
TG22_I013,ab000022,1,MAD,5,results_b200_2/intent4_qwen38_27b_30task_3seed_5r/repeat_1/shards/q38b/MAD/problems/ab000022/candidates/r5.png,91,88,86,87,88
TG22_I014,ab000022,0,SELF,4,results_b200_2/intent4_qwen38_27b_30task_3seed_5r/repeat_0/shards/q38b/SELF/problems/ab000022/candidates/r4.png,90,87,86,87,87
TG22_I015,ab000022,0,AXES,4,results_b200_2/intent4_qwen38_27b_30task_3seed_5r/repeat_0/shards/q38b/AXES/problems/ab000022/candidates/r4.png,84,75,80,85,79
TG22_I016,ab000022,0,FUSED,4,results_b200_2/intent4_qwen38_27b_30task_3seed_5r/repeat_0/shards/q38b/FUSED/problems/ab000022/candidates/r4.png,92,89,87,88,89
TG22_I017,ab000022,1,FUSED,4,results_b200_2/intent4_qwen38_27b_30task_3seed_5r/repeat_1/shards/q38b/FUSED/problems/ab000022/candidates/r4.png,90,87,85,86,87
TG22_I018,ab000022,2,MAD,1,results_b200_2/intent4_qwen38_27b_30task_3seed_5r/repeat_2/shards/q38b/MAD/problems/ab000022/candidates/r1.png,92,88,88,90,89
TG22_I019,ab000022,1,MAD,2,results_b200_2/intent4_qwen38_27b_30task_3seed_5r/repeat_1/shards/q38b/MAD/problems/ab000022/candidates/r2.png,90,87,85,86,87
TG22_I020,ab000022,2,R0,0,results_b200_2/intent4_qwen38_27b_30task_3seed_5r/repeat_2/shards/q38b/SELF/problems/ab000022/candidates/r0.png,88,84,84,86,85
TG22_I021,ab000022,2,CEN_MAD,4,results_b200_2/intent4_qwen38_27b_30task_3seed_5r/repeat_2/shards/q38b/CEN_MAD/problems/ab000022/candidates/r4.png,94,90,89,91,91
TG22_I022,ab000022,2,AXES,2,results_b200_2/intent4_qwen38_27b_30task_3seed_5r/repeat_2/shards/q38b/AXES/problems/ab000022/candidates/r2.png,83,76,79,82,79
TG22_I023,ab000022,2,MAD,3,results_b200_2/intent4_qwen38_27b_30task_3seed_5r/repeat_2/shards/q38b/MAD/problems/ab000022/candidates/r3.png,91,87,87,89,88
TG22_I024,ab000022,2,FUSED,4,results_b200_2/intent4_qwen38_27b_30task_3seed_5r/repeat_2/shards/q38b/FUSED/problems/ab000022/candidates/r4.png,93,90,89,90,90
TG22_I025,ab000022,1,AXES,2,results_b200_2/intent4_qwen38_27b_30task_3seed_5r/repeat_1/shards/q38b/AXES/problems/ab000022/candidates/r2.png,79,66,75,80,73
TG22_I026,ab000022,2,SELF,4,results_b200_2/intent4_qwen38_27b_30task_3seed_5r/repeat_2/shards/q38b/SELF/problems/ab000022/candidates/r4.png,91,87,87,88,88
TG22_I027,ab000022,2,CEN_MAD,2,results_b200_2/intent4_qwen38_27b_30task_3seed_5r/repeat_2/shards/q38b/CEN_MAD/problems/ab000022/candidates/r2.png,89,85,84,87,86
TG22_I028,ab000022,1,FUSED,1,results_b200_2/intent4_qwen38_27b_30task_3seed_5r/repeat_1/shards/q38b/FUSED/problems/ab000022/candidates/r1.png,78,65,75,79,72
TG22_I029,ab000022,1,AXES,4,results_b200_2/intent4_qwen38_27b_30task_3seed_5r/repeat_1/shards/q38b/AXES/problems/ab000022/candidates/r4.png,79,65,74,80,72
TG22_I030,ab000022,2,AXES,1,results_b200_2/intent4_qwen38_27b_30task_3seed_5r/repeat_2/shards/q38b/AXES/problems/ab000022/candidates/r1.png,82,75,78,81,78
TG22_I031,ab000022,0,AXES,5,results_b200_2/intent4_qwen38_27b_30task_3seed_5r/repeat_0/shards/q38b/AXES/problems/ab000022/candidates/r5.png,84,74,80,85,79
TG22_I032,ab000022,0,SELF,2,results_b200_2/intent4_qwen38_27b_30task_3seed_5r/repeat_0/shards/q38b/SELF/problems/ab000022/candidates/r2.png,92,89,87,88,89
TG22_I033,ab000022,0,MAD,5,results_b200_2/intent4_qwen38_27b_30task_3seed_5r/repeat_0/shards/q38b/MAD/problems/ab000022/candidates/r5.png,93,89,90,94,91
TG22_I034,ab000022,0,SELF,5,results_b200_2/intent4_qwen38_27b_30task_3seed_5r/repeat_0/shards/q38b/SELF/problems/ab000022/candidates/r5.png,92,89,87,88,89
TG22_I035,ab000022,2,SELF,1,results_b200_2/intent4_qwen38_27b_30task_3seed_5r/repeat_2/shards/q38b/SELF/problems/ab000022/candidates/r1.png,84,78,80,83,81
TG22_I036,ab000022,1,FUSED,3,results_b200_2/intent4_qwen38_27b_30task_3seed_5r/repeat_1/shards/q38b/FUSED/problems/ab000022/candidates/r3.png,90,87,85,86,87
TG22_I037,ab000022,0,MAD,2,results_b200_2/intent4_qwen38_27b_30task_3seed_5r/repeat_0/shards/q38b/MAD/problems/ab000022/candidates/r2.png,93,90,88,90,90
TG22_I038,ab000022,2,MAD,5,results_b200_2/intent4_qwen38_27b_30task_3seed_5r/repeat_2/shards/q38b/MAD/problems/ab000022/candidates/r5.png,95,92,91,93,93
TG22_I039,ab000022,2,FUSED,2,results_b200_2/intent4_qwen38_27b_30task_3seed_5r/repeat_2/shards/q38b/FUSED/problems/ab000022/candidates/r2.png,90,86,86,88,87
TG22_I040,ab000022,2,AXES,4,results_b200_2/intent4_qwen38_27b_30task_3seed_5r/repeat_2/shards/q38b/AXES/problems/ab000022/candidates/r4.png,87,82,84,86,84
TG22_I041,ab000022,2,MAD,4,results_b200_2/intent4_qwen38_27b_30task_3seed_5r/repeat_2/shards/q38b/MAD/problems/ab000022/candidates/r4.png,92,89,88,89,89
TG22_I042,ab000022,1,AXES,1,results_b200_2/intent4_qwen38_27b_30task_3seed_5r/repeat_1/shards/q38b/AXES/problems/ab000022/candidates/r1.png,78,64,73,79,71
TG22_I043,ab000022,0,FUSED,3,results_b200_2/intent4_qwen38_27b_30task_3seed_5r/repeat_0/shards/q38b/FUSED/problems/ab000022/candidates/r3.png,92,89,87,88,89
TG22_I044,ab000022,0,CEN_MAD,2,results_b200_2/intent4_qwen38_27b_30task_3seed_5r/repeat_0/shards/q38b/CEN_MAD/problems/ab000022/candidates/r2.png,86,79,82,85,82
TG22_I045,ab000022,0,MAD,1,results_b200_2/intent4_qwen38_27b_30task_3seed_5r/repeat_0/shards/q38b/MAD/problems/ab000022/candidates/r1.png,91,87,88,90,88
TG22_I046,ab000022,2,CEN_MAD,5,results_b200_2/intent4_qwen38_27b_30task_3seed_5r/repeat_2/shards/q38b/CEN_MAD/problems/ab000022/candidates/r5.png,94,90,90,92,91
TG22_I047,ab000022,2,SELF,2,results_b200_2/intent4_qwen38_27b_30task_3seed_5r/repeat_2/shards/q38b/SELF/problems/ab000022/candidates/r2.png,87,80,83,86,83
TG22_I048,ab000022,1,MAD,4,results_b200_2/intent4_qwen38_27b_30task_3seed_5r/repeat_1/shards/q38b/MAD/problems/ab000022/candidates/r4.png,90,87,85,86,87
TG22_I049,ab000022,2,MAD,2,results_b200_2/intent4_qwen38_27b_30task_3seed_5r/repeat_2/shards/q38b/MAD/problems/ab000022/candidates/r2.png,84,76,80,83,80
TG22_I050,ab000022,1,CEN_MAD,4,results_b200_2/intent4_qwen38_27b_30task_3seed_5r/repeat_1/shards/q38b/CEN_MAD/problems/ab000022/candidates/r4.png,91,88,86,87,88
TG22_I051,ab000022,1,SELF,3,results_b200_2/intent4_qwen38_27b_30task_3seed_5r/repeat_1/shards/q38b/SELF/problems/ab000022/candidates/r3.png,81,73,78,81,77
TG22_I052,ab000022,1,SELF,1,results_b200_2/intent4_qwen38_27b_30task_3seed_5r/repeat_1/shards/q38b/SELF/problems/ab000022/candidates/r1.png,89,86,84,85,86
TG22_I053,ab000022,2,FUSED,5,results_b200_2/intent4_qwen38_27b_30task_3seed_5r/repeat_2/shards/q38b/FUSED/problems/ab000022/candidates/r5.png,83,75,79,82,78
TG22_I054,ab000022,0,SELF,1,results_b200_2/intent4_qwen38_27b_30task_3seed_5r/repeat_0/shards/q38b/SELF/problems/ab000022/candidates/r1.png,89,82,86,89,86
TG22_I055,ab000022,1,AXES,5,results_b200_2/intent4_qwen38_27b_30task_3seed_5r/repeat_1/shards/q38b/AXES/problems/ab000022/candidates/r5.png,89,86,84,85,86
TG22_I056,ab000022,0,CEN_MAD,4,results_b200_2/intent4_qwen38_27b_30task_3seed_5r/repeat_0/shards/q38b/CEN_MAD/problems/ab000022/candidates/r4.png,89,86,84,85,86
TG22_I057,ab000022,0,AXES,2,results_b200_2/intent4_qwen38_27b_30task_3seed_5r/repeat_0/shards/q38b/AXES/problems/ab000022/candidates/r2.png,95,91,91,93,92
TG22_I058,ab000022,0,CEN_MAD,5,results_b200_2/intent4_qwen38_27b_30task_3seed_5r/repeat_0/shards/q38b/CEN_MAD/problems/ab000022/candidates/r5.png,92,89,87,88,89
TG22_I059,ab000022,0,R0,0,results_b200_2/intent4_qwen38_27b_30task_3seed_5r/repeat_0/shards/q38b/SELF/problems/ab000022/candidates/r0.png,81,65,75,81,73
TG22_I060,ab000022,1,MAD,1,results_b200_2/intent4_qwen38_27b_30task_3seed_5r/repeat_1/shards/q38b/MAD/problems/ab000022/candidates/r1.png,86,78,82,85,81
TG22_I061,ab000022,2,CEN_MAD,1,results_b200_2/intent4_qwen38_27b_30task_3seed_5r/repeat_2/shards/q38b/CEN_MAD/problems/ab000022/candidates/r1.png,91,87,87,91,89
TG22_I062,ab000022,0,CEN_MAD,1,results_b200_2/intent4_qwen38_27b_30task_3seed_5r/repeat_0/shards/q38b/CEN_MAD/problems/ab000022/candidates/r1.png,93,88,89,90,90
TG22_I063,ab000022,0,FUSED,1,results_b200_2/intent4_qwen38_27b_30task_3seed_5r/repeat_0/shards/q38b/FUSED/problems/ab000022/candidates/r1.png,91,88,86,87,88
TG22_I064,ab000022,0,AXES,3,results_b200_2/intent4_qwen38_27b_30task_3seed_5r/repeat_0/shards/q38b/AXES/problems/ab000022/candidates/r3.png,78,65,75,79,72
TG22_I065,ab000022,0,MAD,4,results_b200_2/intent4_qwen38_27b_30task_3seed_5r/repeat_0/shards/q38b/MAD/problems/ab000022/candidates/r4.png,94,90,90,92,91
TG22_I066,ab000022,1,SELF,4,results_b200_2/intent4_qwen38_27b_30task_3seed_5r/repeat_1/shards/q38b/SELF/problems/ab000022/candidates/r4.png,91,88,86,87,88
TG22_I067,ab000022,2,SELF,3,results_b200_2/intent4_qwen38_27b_30task_3seed_5r/repeat_2/shards/q38b/SELF/problems/ab000022/candidates/r3.png,93,89,89,92,90
TG22_I068,ab000022,1,AXES,3,results_b200_2/intent4_qwen38_27b_30task_3seed_5r/repeat_1/shards/q38b/AXES/problems/ab000022/candidates/r3.png,80,65,75,80,73
TG22_I069,ab000022,1,FUSED,2,results_b200_2/intent4_qwen38_27b_30task_3seed_5r/repeat_1/shards/q38b/FUSED/problems/ab000022/candidates/r2.png,92,89,87,88,89
TG22_I070,ab000022,2,CEN_MAD,3,results_b200_2/intent4_qwen38_27b_30task_3seed_5r/repeat_2/shards/q38b/CEN_MAD/problems/ab000022/candidates/r3.png,89,83,85,88,85
TG22_I071,ab000022,2,FUSED,1,results_b200_2/intent4_qwen38_27b_30task_3seed_5r/repeat_2/shards/q38b/FUSED/problems/ab000022/candidates/r1.png,94,89,90,93,91
TG22_I072,ab000022,0,AXES,1,results_b200_2/intent4_qwen38_27b_30task_3seed_5r/repeat_0/shards/q38b/AXES/problems/ab000022/candidates/r1.png,93,89,90,94,91
TG22_I073,ab000022,2,SELF,5,results_b200_2/intent4_qwen38_27b_30task_3seed_5r/repeat_2/shards/q38b/SELF/problems/ab000022/candidates/r5.png,92,87,88,90,89
TG22_I074,ab000022,1,CEN_MAD,1,results_b200_2/intent4_qwen38_27b_30task_3seed_5r/repeat_1/shards/q38b/CEN_MAD/problems/ab000022/candidates/r1.png,82,66,77,82,75
TG22_I075,ab000022,1,MAD,3,results_b200_2/intent4_qwen38_27b_30task_3seed_5r/repeat_1/shards/q38b/MAD/problems/ab000022/candidates/r3.png,91,88,86,87,88
TG22_I076,ab000022,1,FUSED,5,results_b200_2/intent4_qwen38_27b_30task_3seed_5r/repeat_1/shards/q38b/FUSED/problems/ab000022/candidates/r5.png,92,89,87,89,89
TG22_I077,ab000022,1,R0,0,results_b200_2/intent4_qwen38_27b_30task_3seed_5r/repeat_1/shards/q38b/SELF/problems/ab000022/candidates/r0.png,78,64,75,79,72
TG22_I078,ab000022,1,CEN_MAD,5,results_b200_2/intent4_qwen38_27b_30task_3seed_5r/repeat_1/shards/q38b/CEN_MAD/problems/ab000022/candidates/r5.png,90,86,88,91,88
TG23_I001,ab000023,0,CEN_MAD,2,results_b200_2/intent4_qwen38_27b_30task_3seed_5r/repeat_0/shards/q38b/CEN_MAD/problems/ab000023/candidates/r2.png,88,87,87,84,87
TG23_I002,ab000023,2,CEN_MAD,1,results_b200_2/intent4_qwen38_27b_30task_3seed_5r/repeat_2/shards/q38b/CEN_MAD/problems/ab000023/candidates/r1.png,88,87,87,84,87
TG23_I003,ab000023,2,FUSED,2,results_b200_2/intent4_qwen38_27b_30task_3seed_5r/repeat_2/shards/q38b/FUSED/problems/ab000023/candidates/r2.png,91,90,91,88,91
TG23_I004,ab000023,1,SELF,5,results_b200_2/intent4_qwen38_27b_30task_3seed_5r/repeat_1/shards/q38b/SELF/problems/ab000023/candidates/r5.png,91,90,91,88,91
TG23_I005,ab000023,0,CEN_MAD,3,results_b200_2/intent4_qwen38_27b_30task_3seed_5r/repeat_0/shards/q38b/CEN_MAD/problems/ab000023/candidates/r3.png,88,87,87,84,87
TG23_I006,ab000023,0,MAD,3,results_b200_2/intent4_qwen38_27b_30task_3seed_5r/repeat_0/shards/q38b/MAD/problems/ab000023/candidates/r3.png,88,87,87,84,87
TG23_I007,ab000023,2,SELF,5,results_b200_2/intent4_qwen38_27b_30task_3seed_5r/repeat_2/shards/q38b/SELF/problems/ab000023/candidates/r5.png,91,90,91,88,91
TG23_I008,ab000023,1,CEN_MAD,3,results_b200_2/intent4_qwen38_27b_30task_3seed_5r/repeat_1/shards/q38b/CEN_MAD/problems/ab000023/candidates/r3.png,84,83,85,80,84
TG23_I009,ab000023,2,CEN_MAD,2,results_b200_2/intent4_qwen38_27b_30task_3seed_5r/repeat_2/shards/q38b/CEN_MAD/problems/ab000023/candidates/r2.png,88,87,87,84,87
TG23_I010,ab000023,0,MAD,5,results_b200_2/intent4_qwen38_27b_30task_3seed_5r/repeat_0/shards/q38b/MAD/problems/ab000023/candidates/r5.png,84,83,85,80,84
TG23_I011,ab000023,0,FUSED,4,results_b200_2/intent4_qwen38_27b_30task_3seed_5r/repeat_0/shards/q38b/FUSED/problems/ab000023/candidates/r4.png,88,87,87,84,87
TG23_I012,ab000023,0,SELF,2,results_b200_2/intent4_qwen38_27b_30task_3seed_5r/repeat_0/shards/q38b/SELF/problems/ab000023/candidates/r2.png,88,87,87,84,87
TG23_I013,ab000023,2,CEN_MAD,5,results_b200_2/intent4_qwen38_27b_30task_3seed_5r/repeat_2/shards/q38b/CEN_MAD/problems/ab000023/candidates/r5.png,88,87,87,84,87
TG23_I014,ab000023,2,AXES,2,results_b200_2/intent4_qwen38_27b_30task_3seed_5r/repeat_2/shards/q38b/AXES/problems/ab000023/candidates/r2.png,91,90,91,88,91
TG23_I015,ab000023,2,R0,0,results_b200_2/intent4_qwen38_27b_30task_3seed_5r/repeat_2/shards/q38b/SELF/problems/ab000023/candidates/r0.png,88,87,87,84,87
TG23_I016,ab000023,1,AXES,2,results_b200_2/intent4_qwen38_27b_30task_3seed_5r/repeat_1/shards/q38b/AXES/problems/ab000023/candidates/r2.png,88,87,87,84,87
TG23_I017,ab000023,2,MAD,1,results_b200_2/intent4_qwen38_27b_30task_3seed_5r/repeat_2/shards/q38b/MAD/problems/ab000023/candidates/r1.png,88,87,87,84,87
TG23_I018,ab000023,0,SELF,4,results_b200_2/intent4_qwen38_27b_30task_3seed_5r/repeat_0/shards/q38b/SELF/problems/ab000023/candidates/r4.png,88,87,87,84,87
TG23_I019,ab000023,2,FUSED,3,results_b200_2/intent4_qwen38_27b_30task_3seed_5r/repeat_2/shards/q38b/FUSED/problems/ab000023/candidates/r3.png,88,87,87,84,87
TG23_I020,ab000023,1,MAD,5,results_b200_2/intent4_qwen38_27b_30task_3seed_5r/repeat_1/shards/q38b/MAD/problems/ab000023/candidates/r5.png,84,83,85,80,84
TG23_I021,ab000023,2,SELF,3,results_b200_2/intent4_qwen38_27b_30task_3seed_5r/repeat_2/shards/q38b/SELF/problems/ab000023/candidates/r3.png,88,87,87,84,87
TG23_I022,ab000023,1,MAD,3,results_b200_2/intent4_qwen38_27b_30task_3seed_5r/repeat_1/shards/q38b/MAD/problems/ab000023/candidates/r3.png,88,87,87,84,87
TG23_I023,ab000023,2,SELF,4,results_b200_2/intent4_qwen38_27b_30task_3seed_5r/repeat_2/shards/q38b/SELF/problems/ab000023/candidates/r4.png,88,87,87,84,87
TG23_I024,ab000023,2,AXES,5,results_b200_2/intent4_qwen38_27b_30task_3seed_5r/repeat_2/shards/q38b/AXES/problems/ab000023/candidates/r5.png,88,87,87,84,87
TG23_I025,ab000023,0,FUSED,3,results_b200_2/intent4_qwen38_27b_30task_3seed_5r/repeat_0/shards/q38b/FUSED/problems/ab000023/candidates/r3.png,91,90,91,88,91
TG23_I026,ab000023,1,AXES,5,results_b200_2/intent4_qwen38_27b_30task_3seed_5r/repeat_1/shards/q38b/AXES/problems/ab000023/candidates/r5.png,88,87,87,84,87
TG23_I027,ab000023,2,AXES,4,results_b200_2/intent4_qwen38_27b_30task_3seed_5r/repeat_2/shards/q38b/AXES/problems/ab000023/candidates/r4.png,91,90,91,88,91
TG23_I028,ab000023,1,SELF,3,results_b200_2/intent4_qwen38_27b_30task_3seed_5r/repeat_1/shards/q38b/SELF/problems/ab000023/candidates/r3.png,88,87,87,84,87
TG23_I029,ab000023,0,CEN_MAD,5,results_b200_2/intent4_qwen38_27b_30task_3seed_5r/repeat_0/shards/q38b/CEN_MAD/problems/ab000023/candidates/r5.png,89,87,90,90,89
TG23_I030,ab000023,2,AXES,3,results_b200_2/intent4_qwen38_27b_30task_3seed_5r/repeat_2/shards/q38b/AXES/problems/ab000023/candidates/r3.png,88,87,87,84,87
TG23_I031,ab000023,2,FUSED,5,results_b200_2/intent4_qwen38_27b_30task_3seed_5r/repeat_2/shards/q38b/FUSED/problems/ab000023/candidates/r5.png,88,87,87,84,87
TG23_I032,ab000023,0,SELF,5,results_b200_2/intent4_qwen38_27b_30task_3seed_5r/repeat_0/shards/q38b/SELF/problems/ab000023/candidates/r5.png,88,87,87,84,87
TG23_I033,ab000023,0,MAD,2,results_b200_2/intent4_qwen38_27b_30task_3seed_5r/repeat_0/shards/q38b/MAD/problems/ab000023/candidates/r2.png,88,87,87,84,87
TG23_I034,ab000023,1,FUSED,3,results_b200_2/intent4_qwen38_27b_30task_3seed_5r/repeat_1/shards/q38b/FUSED/problems/ab000023/candidates/r3.png,88,87,87,84,87
TG23_I035,ab000023,1,SELF,4,results_b200_2/intent4_qwen38_27b_30task_3seed_5r/repeat_1/shards/q38b/SELF/problems/ab000023/candidates/r4.png,84,83,85,80,84
TG23_I036,ab000023,2,SELF,1,results_b200_2/intent4_qwen38_27b_30task_3seed_5r/repeat_2/shards/q38b/SELF/problems/ab000023/candidates/r1.png,84,83,85,80,84
TG23_I037,ab000023,1,CEN_MAD,2,results_b200_2/intent4_qwen38_27b_30task_3seed_5r/repeat_1/shards/q38b/CEN_MAD/problems/ab000023/candidates/r2.png,86,83,86,86,85
TG23_I038,ab000023,0,MAD,1,results_b200_2/intent4_qwen38_27b_30task_3seed_5r/repeat_0/shards/q38b/MAD/problems/ab000023/candidates/r1.png,88,87,87,84,87
TG23_I039,ab000023,1,MAD,2,results_b200_2/intent4_qwen38_27b_30task_3seed_5r/repeat_1/shards/q38b/MAD/problems/ab000023/candidates/r2.png,88,87,87,84,87
TG23_I040,ab000023,0,AXES,3,results_b200_2/intent4_qwen38_27b_30task_3seed_5r/repeat_0/shards/q38b/AXES/problems/ab000023/candidates/r3.png,91,90,91,88,91
TG23_I041,ab000023,1,CEN_MAD,5,results_b200_2/intent4_qwen38_27b_30task_3seed_5r/repeat_1/shards/q38b/CEN_MAD/problems/ab000023/candidates/r5.png,88,87,87,84,87
TG23_I042,ab000023,1,R0,0,results_b200_2/intent4_qwen38_27b_30task_3seed_5r/repeat_1/shards/q38b/SELF/problems/ab000023/candidates/r0.png,91,90,91,88,91
TG23_I043,ab000023,0,AXES,4,results_b200_2/intent4_qwen38_27b_30task_3seed_5r/repeat_0/shards/q38b/AXES/problems/ab000023/candidates/r4.png,88,87,87,84,87
TG23_I044,ab000023,1,SELF,2,results_b200_2/intent4_qwen38_27b_30task_3seed_5r/repeat_1/shards/q38b/SELF/problems/ab000023/candidates/r2.png,91,90,91,88,91
TG23_I045,ab000023,2,MAD,5,results_b200_2/intent4_qwen38_27b_30task_3seed_5r/repeat_2/shards/q38b/MAD/problems/ab000023/candidates/r5.png,88,87,87,84,87
TG23_I046,ab000023,2,MAD,4,results_b200_2/intent4_qwen38_27b_30task_3seed_5r/repeat_2/shards/q38b/MAD/problems/ab000023/candidates/r4.png,88,87,87,84,87
TG23_I047,ab000023,1,FUSED,4,results_b200_2/intent4_qwen38_27b_30task_3seed_5r/repeat_1/shards/q38b/FUSED/problems/ab000023/candidates/r4.png,91,90,91,88,91
TG23_I048,ab000023,0,FUSED,2,results_b200_2/intent4_qwen38_27b_30task_3seed_5r/repeat_0/shards/q38b/FUSED/problems/ab000023/candidates/r2.png,91,90,91,88,91
TG23_I049,ab000023,2,MAD,3,results_b200_2/intent4_qwen38_27b_30task_3seed_5r/repeat_2/shards/q38b/MAD/problems/ab000023/candidates/r3.png,84,83,85,80,84
TG23_I050,ab000023,0,CEN_MAD,1,results_b200_2/intent4_qwen38_27b_30task_3seed_5r/repeat_0/shards/q38b/CEN_MAD/problems/ab000023/candidates/r1.png,84,83,85,80,84
TG23_I051,ab000023,1,AXES,4,results_b200_2/intent4_qwen38_27b_30task_3seed_5r/repeat_1/shards/q38b/AXES/problems/ab000023/candidates/r4.png,84,83,85,80,84
TG23_I052,ab000023,1,MAD,1,results_b200_2/intent4_qwen38_27b_30task_3seed_5r/repeat_1/shards/q38b/MAD/problems/ab000023/candidates/r1.png,88,87,87,84,87
TG23_I053,ab000023,2,CEN_MAD,4,results_b200_2/intent4_qwen38_27b_30task_3seed_5r/repeat_2/shards/q38b/CEN_MAD/problems/ab000023/candidates/r4.png,88,87,87,84,87
TG23_I054,ab000023,0,FUSED,5,results_b200_2/intent4_qwen38_27b_30task_3seed_5r/repeat_0/shards/q38b/FUSED/problems/ab000023/candidates/r5.png,88,87,87,84,87
TG23_I055,ab000023,1,MAD,4,results_b200_2/intent4_qwen38_27b_30task_3seed_5r/repeat_1/shards/q38b/MAD/problems/ab000023/candidates/r4.png,86,83,86,86,85
TG23_I056,ab000023,0,MAD,4,results_b200_2/intent4_qwen38_27b_30task_3seed_5r/repeat_0/shards/q38b/MAD/problems/ab000023/candidates/r4.png,91,90,91,88,91
TG23_I057,ab000023,2,FUSED,1,results_b200_2/intent4_qwen38_27b_30task_3seed_5r/repeat_2/shards/q38b/FUSED/problems/ab000023/candidates/r1.png,88,87,87,84,87
TG23_I058,ab000023,0,R0,0,results_b200_2/intent4_qwen38_27b_30task_3seed_5r/repeat_0/shards/q38b/SELF/problems/ab000023/candidates/r0.png,84,83,85,80,84
TG23_I059,ab000023,1,AXES,3,results_b200_2/intent4_qwen38_27b_30task_3seed_5r/repeat_1/shards/q38b/AXES/problems/ab000023/candidates/r3.png,84,83,85,80,84
TG23_I060,ab000023,1,FUSED,2,results_b200_2/intent4_qwen38_27b_30task_3seed_5r/repeat_1/shards/q38b/FUSED/problems/ab000023/candidates/r2.png,88,87,87,84,87
TG23_I061,ab000023,2,MAD,2,results_b200_2/intent4_qwen38_27b_30task_3seed_5r/repeat_2/shards/q38b/MAD/problems/ab000023/candidates/r2.png,86,83,86,86,85
TG23_I062,ab000023,0,SELF,1,results_b200_2/intent4_qwen38_27b_30task_3seed_5r/repeat_0/shards/q38b/SELF/problems/ab000023/candidates/r1.png,88,87,87,84,87
TG23_I063,ab000023,0,AXES,5,results_b200_2/intent4_qwen38_27b_30task_3seed_5r/repeat_0/shards/q38b/AXES/problems/ab000023/candidates/r5.png,86,83,86,86,85
TG23_I064,ab000023,1,CEN_MAD,4,results_b200_2/intent4_qwen38_27b_30task_3seed_5r/repeat_1/shards/q38b/CEN_MAD/problems/ab000023/candidates/r4.png,86,83,86,86,85
TG23_I065,ab000023,1,FUSED,5,results_b200_2/intent4_qwen38_27b_30task_3seed_5r/repeat_1/shards/q38b/FUSED/problems/ab000023/candidates/r5.png,88,87,87,84,87
TG23_I066,ab000023,0,AXES,1,results_b200_2/intent4_qwen38_27b_30task_3seed_5r/repeat_0/shards/q38b/AXES/problems/ab000023/candidates/r1.png,91,90,91,88,91
TG23_I067,ab000023,2,FUSED,4,results_b200_2/intent4_qwen38_27b_30task_3seed_5r/repeat_2/shards/q38b/FUSED/problems/ab000023/candidates/r4.png,88,87,87,84,87
TG23_I068,ab000023,1,CEN_MAD,1,results_b200_2/intent4_qwen38_27b_30task_3seed_5r/repeat_1/shards/q38b/CEN_MAD/problems/ab000023/candidates/r1.png,88,87,87,84,87
TG23_I069,ab000023,2,CEN_MAD,3,results_b200_2/intent4_qwen38_27b_30task_3seed_5r/repeat_2/shards/q38b/CEN_MAD/problems/ab000023/candidates/r3.png,84,83,85,80,84
TG23_I070,ab000023,2,SELF,2,results_b200_2/intent4_qwen38_27b_30task_3seed_5r/repeat_2/shards/q38b/SELF/problems/ab000023/candidates/r2.png,84,83,85,80,84
TG23_I071,ab000023,1,SELF,1,results_b200_2/intent4_qwen38_27b_30task_3seed_5r/repeat_1/shards/q38b/SELF/problems/ab000023/candidates/r1.png,84,83,85,80,84
TG23_I072,ab000023,0,CEN_MAD,4,results_b200_2/intent4_qwen38_27b_30task_3seed_5r/repeat_0/shards/q38b/CEN_MAD/problems/ab000023/candidates/r4.png,84,83,85,80,84
TG23_I073,ab000023,1,AXES,1,results_b200_2/intent4_qwen38_27b_30task_3seed_5r/repeat_1/shards/q38b/AXES/problems/ab000023/candidates/r1.png,87,86,88,84,87
TG23_I074,ab000023,2,AXES,1,results_b200_2/intent4_qwen38_27b_30task_3seed_5r/repeat_2/shards/q38b/AXES/problems/ab000023/candidates/r1.png,91,90,91,88,91
TG23_I075,ab000023,0,SELF,3,results_b200_2/intent4_qwen38_27b_30task_3seed_5r/repeat_0/shards/q38b/SELF/problems/ab000023/candidates/r3.png,91,90,91,88,91
TG23_I076,ab000023,0,AXES,2,results_b200_2/intent4_qwen38_27b_30task_3seed_5r/repeat_0/shards/q38b/AXES/problems/ab000023/candidates/r2.png,88,87,88,86,88
TG23_I077,ab000023,1,FUSED,1,results_b200_2/intent4_qwen38_27b_30task_3seed_5r/repeat_1/shards/q38b/FUSED/problems/ab000023/candidates/r1.png,88,87,88,84,87
TG23_I078,ab000023,0,FUSED,1,results_b200_2/intent4_qwen38_27b_30task_3seed_5r/repeat_0/shards/q38b/FUSED/problems/ab000023/candidates/r1.png,91,89,90,88,90
TG24_I001,ab000024,2,CEN_MAD,5,results_b200_2/intent4_qwen38_27b_30task_3seed_5r/repeat_2/shards/q38b/CEN_MAD/problems/ab000024/candidates/r5.png,93,90,91,88,91
TG24_I002,ab000024,0,SELF,2,results_b200_2/intent4_qwen38_27b_30task_3seed_5r/repeat_0/shards/q38b/SELF/problems/ab000024/candidates/r2.png,8,18,12,12,11
TG24_I003,ab000024,0,CEN_MAD,1,results_b200_2/intent4_qwen38_27b_30task_3seed_5r/repeat_0/shards/q38b/CEN_MAD/problems/ab000024/candidates/r1.png,8,18,12,12,11
TG24_I004,ab000024,0,MAD,4,results_b200_2/intent4_qwen38_27b_30task_3seed_5r/repeat_0/shards/q38b/MAD/problems/ab000024/candidates/r4.png,66,65,72,68,68
TG24_I005,ab000024,2,AXES,3,results_b200_2/intent4_qwen38_27b_30task_3seed_5r/repeat_2/shards/q38b/AXES/problems/ab000024/candidates/r3.png,93,90,91,88,91
TG24_I006,ab000024,1,AXES,3,results_b200_2/intent4_qwen38_27b_30task_3seed_5r/repeat_1/shards/q38b/AXES/problems/ab000024/candidates/r3.png,87,85,86,83,86
TG24_I007,ab000024,1,CEN_MAD,4,results_b200_2/intent4_qwen38_27b_30task_3seed_5r/repeat_1/shards/q38b/CEN_MAD/problems/ab000024/candidates/r4.png,93,90,91,88,91
TG24_I008,ab000024,2,AXES,5,results_b200_2/intent4_qwen38_27b_30task_3seed_5r/repeat_2/shards/q38b/AXES/problems/ab000024/candidates/r5.png,93,90,91,88,91
TG24_I009,ab000024,0,MAD,2,results_b200_2/intent4_qwen38_27b_30task_3seed_5r/repeat_0/shards/q38b/MAD/problems/ab000024/candidates/r2.png,66,65,72,68,68
TG24_I010,ab000024,2,SELF,2,results_b200_2/intent4_qwen38_27b_30task_3seed_5r/repeat_2/shards/q38b/SELF/problems/ab000024/candidates/r2.png,87,85,86,83,86
TG24_I011,ab000024,0,AXES,4,results_b200_2/intent4_qwen38_27b_30task_3seed_5r/repeat_0/shards/q38b/AXES/problems/ab000024/candidates/r4.png,8,18,12,12,11
TG24_I012,ab000024,1,MAD,5,results_b200_2/intent4_qwen38_27b_30task_3seed_5r/repeat_1/shards/q38b/MAD/problems/ab000024/candidates/r5.png,93,90,91,88,91
TG24_I013,ab000024,1,FUSED,5,results_b200_2/intent4_qwen38_27b_30task_3seed_5r/repeat_1/shards/q38b/FUSED/problems/ab000024/candidates/r5.png,93,90,91,88,91
TG24_I014,ab000024,1,AXES,5,results_b200_2/intent4_qwen38_27b_30task_3seed_5r/repeat_1/shards/q38b/AXES/problems/ab000024/candidates/r5.png,93,90,91,88,91
TG24_I015,ab000024,2,FUSED,5,results_b200_2/intent4_qwen38_27b_30task_3seed_5r/repeat_2/shards/q38b/FUSED/problems/ab000024/candidates/r5.png,87,85,86,83,86
TG24_I016,ab000024,1,AXES,1,results_b200_2/intent4_qwen38_27b_30task_3seed_5r/repeat_1/shards/q38b/AXES/problems/ab000024/candidates/r1.png,93,90,91,88,91
TG24_I017,ab000024,0,AXES,3,results_b200_2/intent4_qwen38_27b_30task_3seed_5r/repeat_0/shards/q38b/AXES/problems/ab000024/candidates/r3.png,8,18,12,12,11
TG24_I018,ab000024,1,CEN_MAD,2,results_b200_2/intent4_qwen38_27b_30task_3seed_5r/repeat_1/shards/q38b/CEN_MAD/problems/ab000024/candidates/r2.png,93,90,91,88,91
TG24_I019,ab000024,2,SELF,5,results_b200_2/intent4_qwen38_27b_30task_3seed_5r/repeat_2/shards/q38b/SELF/problems/ab000024/candidates/r5.png,87,85,86,83,86
TG24_I020,ab000024,2,SELF,4,results_b200_2/intent4_qwen38_27b_30task_3seed_5r/repeat_2/shards/q38b/SELF/problems/ab000024/candidates/r4.png,93,90,91,88,91
TG24_I021,ab000024,0,SELF,1,results_b200_2/intent4_qwen38_27b_30task_3seed_5r/repeat_0/shards/q38b/SELF/problems/ab000024/candidates/r1.png,8,18,12,12,11
TG24_I022,ab000024,2,CEN_MAD,4,results_b200_2/intent4_qwen38_27b_30task_3seed_5r/repeat_2/shards/q38b/CEN_MAD/problems/ab000024/candidates/r4.png,87,85,86,83,86
TG24_I023,ab000024,2,SELF,3,results_b200_2/intent4_qwen38_27b_30task_3seed_5r/repeat_2/shards/q38b/SELF/problems/ab000024/candidates/r3.png,93,90,91,88,91
TG24_I024,ab000024,2,MAD,4,results_b200_2/intent4_qwen38_27b_30task_3seed_5r/repeat_2/shards/q38b/MAD/problems/ab000024/candidates/r4.png,87,85,86,83,86
TG24_I025,ab000024,0,AXES,2,results_b200_2/intent4_qwen38_27b_30task_3seed_5r/repeat_0/shards/q38b/AXES/problems/ab000024/candidates/r2.png,8,18,12,12,11
TG24_I026,ab000024,2,R0,0,results_b200_2/intent4_qwen38_27b_30task_3seed_5r/repeat_2/shards/q38b/SELF/problems/ab000024/candidates/r0.png,87,85,86,83,86
TG24_I027,ab000024,2,CEN_MAD,2,results_b200_2/intent4_qwen38_27b_30task_3seed_5r/repeat_2/shards/q38b/CEN_MAD/problems/ab000024/candidates/r2.png,87,85,86,83,86
TG24_I028,ab000024,0,MAD,5,results_b200_2/intent4_qwen38_27b_30task_3seed_5r/repeat_0/shards/q38b/MAD/problems/ab000024/candidates/r5.png,66,65,72,68,68
TG24_I029,ab000024,0,FUSED,2,results_b200_2/intent4_qwen38_27b_30task_3seed_5r/repeat_0/shards/q38b/FUSED/problems/ab000024/candidates/r2.png,8,18,12,12,11
TG24_I030,ab000024,1,MAD,2,results_b200_2/intent4_qwen38_27b_30task_3seed_5r/repeat_1/shards/q38b/MAD/problems/ab000024/candidates/r2.png,87,85,86,83,86
TG24_I031,ab000024,2,MAD,5,results_b200_2/intent4_qwen38_27b_30task_3seed_5r/repeat_2/shards/q38b/MAD/problems/ab000024/candidates/r5.png,93,90,91,88,91
TG24_I032,ab000024,0,CEN_MAD,2,results_b200_2/intent4_qwen38_27b_30task_3seed_5r/repeat_0/shards/q38b/CEN_MAD/problems/ab000024/candidates/r2.png,8,18,12,12,11
TG24_I033,ab000024,1,FUSED,1,results_b200_2/intent4_qwen38_27b_30task_3seed_5r/repeat_1/shards/q38b/FUSED/problems/ab000024/candidates/r1.png,93,90,91,88,91
TG24_I034,ab000024,0,MAD,3,results_b200_2/intent4_qwen38_27b_30task_3seed_5r/repeat_0/shards/q38b/MAD/problems/ab000024/candidates/r3.png,66,65,72,68,68
TG24_I035,ab000024,0,AXES,1,results_b200_2/intent4_qwen38_27b_30task_3seed_5r/repeat_0/shards/q38b/AXES/problems/ab000024/candidates/r1.png,8,18,12,12,11
TG24_I036,ab000024,1,SELF,3,results_b200_2/intent4_qwen38_27b_30task_3seed_5r/repeat_1/shards/q38b/SELF/problems/ab000024/candidates/r3.png,66,65,72,68,68
TG24_I037,ab000024,0,MAD,1,results_b200_2/intent4_qwen38_27b_30task_3seed_5r/repeat_0/shards/q38b/MAD/problems/ab000024/candidates/r1.png,87,85,86,83,86
TG24_I038,ab000024,2,FUSED,3,results_b200_2/intent4_qwen38_27b_30task_3seed_5r/repeat_2/shards/q38b/FUSED/problems/ab000024/candidates/r3.png,87,85,86,83,86
TG24_I039,ab000024,2,AXES,4,results_b200_2/intent4_qwen38_27b_30task_3seed_5r/repeat_2/shards/q38b/AXES/problems/ab000024/candidates/r4.png,93,90,91,88,91
TG24_I040,ab000024,0,FUSED,4,results_b200_2/intent4_qwen38_27b_30task_3seed_5r/repeat_0/shards/q38b/FUSED/problems/ab000024/candidates/r4.png,66,65,72,68,68
TG24_I041,ab000024,0,SELF,4,results_b200_2/intent4_qwen38_27b_30task_3seed_5r/repeat_0/shards/q38b/SELF/problems/ab000024/candidates/r4.png,8,18,12,12,11
TG24_I042,ab000024,1,SELF,1,results_b200_2/intent4_qwen38_27b_30task_3seed_5r/repeat_1/shards/q38b/SELF/problems/ab000024/candidates/r1.png,93,90,91,88,91
TG24_I043,ab000024,1,CEN_MAD,5,results_b200_2/intent4_qwen38_27b_30task_3seed_5r/repeat_1/shards/q38b/CEN_MAD/problems/ab000024/candidates/r5.png,93,90,91,88,91
TG24_I044,ab000024,1,SELF,4,results_b200_2/intent4_qwen38_27b_30task_3seed_5r/repeat_1/shards/q38b/SELF/problems/ab000024/candidates/r4.png,93,90,91,88,91
TG24_I045,ab000024,0,FUSED,3,results_b200_2/intent4_qwen38_27b_30task_3seed_5r/repeat_0/shards/q38b/FUSED/problems/ab000024/candidates/r3.png,8,18,12,12,11
TG24_I046,ab000024,2,SELF,1,results_b200_2/intent4_qwen38_27b_30task_3seed_5r/repeat_2/shards/q38b/SELF/problems/ab000024/candidates/r1.png,87,85,86,83,86
TG24_I047,ab000024,2,FUSED,2,results_b200_2/intent4_qwen38_27b_30task_3seed_5r/repeat_2/shards/q38b/FUSED/problems/ab000024/candidates/r2.png,87,85,86,83,86
TG24_I048,ab000024,0,SELF,3,results_b200_2/intent4_qwen38_27b_30task_3seed_5r/repeat_0/shards/q38b/SELF/problems/ab000024/candidates/r3.png,8,18,12,12,11
TG24_I049,ab000024,2,FUSED,4,results_b200_2/intent4_qwen38_27b_30task_3seed_5r/repeat_2/shards/q38b/FUSED/problems/ab000024/candidates/r4.png,93,90,91,88,91
TG24_I050,ab000024,1,FUSED,4,results_b200_2/intent4_qwen38_27b_30task_3seed_5r/repeat_1/shards/q38b/FUSED/problems/ab000024/candidates/r4.png,93,90,91,88,91
TG24_I051,ab000024,2,MAD,2,results_b200_2/intent4_qwen38_27b_30task_3seed_5r/repeat_2/shards/q38b/MAD/problems/ab000024/candidates/r2.png,93,90,91,88,91
TG24_I052,ab000024,1,MAD,3,results_b200_2/intent4_qwen38_27b_30task_3seed_5r/repeat_1/shards/q38b/MAD/problems/ab000024/candidates/r3.png,66,65,72,68,68
TG24_I053,ab000024,0,FUSED,5,results_b200_2/intent4_qwen38_27b_30task_3seed_5r/repeat_0/shards/q38b/FUSED/problems/ab000024/candidates/r5.png,66,65,72,68,68
TG24_I054,ab000024,2,AXES,2,results_b200_2/intent4_qwen38_27b_30task_3seed_5r/repeat_2/shards/q38b/AXES/problems/ab000024/candidates/r2.png,93,90,91,88,91
TG24_I055,ab000024,1,FUSED,3,results_b200_2/intent4_qwen38_27b_30task_3seed_5r/repeat_1/shards/q38b/FUSED/problems/ab000024/candidates/r3.png,93,90,91,88,91
TG24_I056,ab000024,2,CEN_MAD,3,results_b200_2/intent4_qwen38_27b_30task_3seed_5r/repeat_2/shards/q38b/CEN_MAD/problems/ab000024/candidates/r3.png,87,85,86,83,86
TG24_I057,ab000024,1,CEN_MAD,3,results_b200_2/intent4_qwen38_27b_30task_3seed_5r/repeat_1/shards/q38b/CEN_MAD/problems/ab000024/candidates/r3.png,93,90,91,88,91
TG24_I058,ab000024,2,MAD,3,results_b200_2/intent4_qwen38_27b_30task_3seed_5r/repeat_2/shards/q38b/MAD/problems/ab000024/candidates/r3.png,93,90,91,88,91
TG24_I059,ab000024,2,FUSED,1,results_b200_2/intent4_qwen38_27b_30task_3seed_5r/repeat_2/shards/q38b/FUSED/problems/ab000024/candidates/r1.png,87,85,86,83,86
TG24_I060,ab000024,1,AXES,4,results_b200_2/intent4_qwen38_27b_30task_3seed_5r/repeat_1/shards/q38b/AXES/problems/ab000024/candidates/r4.png,93,90,91,88,91
TG24_I061,ab000024,0,CEN_MAD,3,results_b200_2/intent4_qwen38_27b_30task_3seed_5r/repeat_0/shards/q38b/CEN_MAD/problems/ab000024/candidates/r3.png,8,18,12,12,11
TG24_I062,ab000024,0,CEN_MAD,4,results_b200_2/intent4_qwen38_27b_30task_3seed_5r/repeat_0/shards/q38b/CEN_MAD/problems/ab000024/candidates/r4.png,8,18,12,12,11
TG24_I063,ab000024,1,MAD,1,results_b200_2/intent4_qwen38_27b_30task_3seed_5r/repeat_1/shards/q38b/MAD/problems/ab000024/candidates/r1.png,87,85,86,83,86
TG24_I064,ab000024,1,MAD,4,results_b200_2/intent4_qwen38_27b_30task_3seed_5r/repeat_1/shards/q38b/MAD/problems/ab000024/candidates/r4.png,93,90,91,88,91
TG24_I065,ab000024,2,MAD,1,results_b200_2/intent4_qwen38_27b_30task_3seed_5r/repeat_2/shards/q38b/MAD/problems/ab000024/candidates/r1.png,87,85,86,83,86
TG24_I066,ab000024,1,SELF,5,results_b200_2/intent4_qwen38_27b_30task_3seed_5r/repeat_1/shards/q38b/SELF/problems/ab000024/candidates/r5.png,93,90,91,88,91
TG24_I067,ab000024,2,AXES,1,results_b200_2/intent4_qwen38_27b_30task_3seed_5r/repeat_2/shards/q38b/AXES/problems/ab000024/candidates/r1.png,87,85,86,83,86
TG24_I068,ab000024,1,R0,0,results_b200_2/intent4_qwen38_27b_30task_3seed_5r/repeat_1/shards/q38b/SELF/problems/ab000024/candidates/r0.png,93,90,91,88,91
TG24_I069,ab000024,1,CEN_MAD,1,results_b200_2/intent4_qwen38_27b_30task_3seed_5r/repeat_1/shards/q38b/CEN_MAD/problems/ab000024/candidates/r1.png,93,90,91,88,91
TG24_I070,ab000024,1,FUSED,2,results_b200_2/intent4_qwen38_27b_30task_3seed_5r/repeat_1/shards/q38b/FUSED/problems/ab000024/candidates/r2.png,93,90,91,88,91
TG24_I071,ab000024,1,AXES,2,results_b200_2/intent4_qwen38_27b_30task_3seed_5r/repeat_1/shards/q38b/AXES/problems/ab000024/candidates/r2.png,93,90,91,88,91
TG24_I072,ab000024,0,SELF,5,results_b200_2/intent4_qwen38_27b_30task_3seed_5r/repeat_0/shards/q38b/SELF/problems/ab000024/candidates/r5.png,8,18,12,12,11
TG24_I073,ab000024,1,SELF,2,results_b200_2/intent4_qwen38_27b_30task_3seed_5r/repeat_1/shards/q38b/SELF/problems/ab000024/candidates/r2.png,93,90,91,88,91
TG24_I074,ab000024,0,R0,0,results_b200_2/intent4_qwen38_27b_30task_3seed_5r/repeat_0/shards/q38b/SELF/problems/ab000024/candidates/r0.png,8,18,12,12,11
TG24_I075,ab000024,0,CEN_MAD,5,results_b200_2/intent4_qwen38_27b_30task_3seed_5r/repeat_0/shards/q38b/CEN_MAD/problems/ab000024/candidates/r5.png,8,18,12,12,11
TG24_I076,ab000024,0,AXES,5,results_b200_2/intent4_qwen38_27b_30task_3seed_5r/repeat_0/shards/q38b/AXES/problems/ab000024/candidates/r5.png,8,18,12,12,11
TG24_I077,ab000024,0,FUSED,1,results_b200_2/intent4_qwen38_27b_30task_3seed_5r/repeat_0/shards/q38b/FUSED/problems/ab000024/candidates/r1.png,8,18,12,12,11
TG24_I078,ab000024,2,CEN_MAD,1,results_b200_2/intent4_qwen38_27b_30task_3seed_5r/repeat_2/shards/q38b/CEN_MAD/problems/ab000024/candidates/r1.png,87,85,86,83,86
TG25_I001,ab000025,1,SELF,4,results_b200_2/intent4_qwen38_27b_30task_3seed_5r/repeat_1/shards/q38b/SELF/problems/ab000025/candidates/r4.png,92,91,90,88,90
TG25_I002,ab000025,1,CEN_MAD,4,results_b200_2/intent4_qwen38_27b_30task_3seed_5r/repeat_1/shards/q38b/CEN_MAD/problems/ab000025/candidates/r4.png,88,90,88,86,88
TG25_I003,ab000025,1,AXES,3,results_b200_2/intent4_qwen38_27b_30task_3seed_5r/repeat_1/shards/q38b/AXES/problems/ab000025/candidates/r3.png,92,91,90,88,90
TG25_I004,ab000025,1,CEN_MAD,2,results_b200_2/intent4_qwen38_27b_30task_3seed_5r/repeat_1/shards/q38b/CEN_MAD/problems/ab000025/candidates/r2.png,92,91,90,88,90
TG25_I005,ab000025,0,FUSED,1,results_b200_2/intent4_qwen38_27b_30task_3seed_5r/repeat_0/shards/q38b/FUSED/problems/ab000025/candidates/r1.png,92,91,90,88,90
TG25_I006,ab000025,0,MAD,3,results_b200_2/intent4_qwen38_27b_30task_3seed_5r/repeat_0/shards/q38b/MAD/problems/ab000025/candidates/r3.png,88,90,88,86,88
TG25_I007,ab000025,2,MAD,1,results_b200_2/intent4_qwen38_27b_30task_3seed_5r/repeat_2/shards/q38b/MAD/problems/ab000025/candidates/r1.png,84,88,82,81,83
TG25_I008,ab000025,2,SELF,3,results_b200_2/intent4_qwen38_27b_30task_3seed_5r/repeat_2/shards/q38b/SELF/problems/ab000025/candidates/r3.png,84,88,82,81,83
TG25_I009,ab000025,0,MAD,1,results_b200_2/intent4_qwen38_27b_30task_3seed_5r/repeat_0/shards/q38b/MAD/problems/ab000025/candidates/r1.png,92,91,90,88,90
TG25_I010,ab000025,1,FUSED,4,results_b200_2/intent4_qwen38_27b_30task_3seed_5r/repeat_1/shards/q38b/FUSED/problems/ab000025/candidates/r4.png,92,91,90,88,90
TG25_I011,ab000025,1,AXES,4,results_b200_2/intent4_qwen38_27b_30task_3seed_5r/repeat_1/shards/q38b/AXES/problems/ab000025/candidates/r4.png,92,91,90,88,90
TG25_I012,ab000025,1,AXES,5,results_b200_2/intent4_qwen38_27b_30task_3seed_5r/repeat_1/shards/q38b/AXES/problems/ab000025/candidates/r5.png,88,90,88,86,88
TG25_I013,ab000025,2,SELF,4,results_b200_2/intent4_qwen38_27b_30task_3seed_5r/repeat_2/shards/q38b/SELF/problems/ab000025/candidates/r4.png,92,91,90,88,90
TG25_I014,ab000025,1,CEN_MAD,1,results_b200_2/intent4_qwen38_27b_30task_3seed_5r/repeat_1/shards/q38b/CEN_MAD/problems/ab000025/candidates/r1.png,92,91,90,88,90
TG25_I015,ab000025,1,FUSED,3,results_b200_2/intent4_qwen38_27b_30task_3seed_5r/repeat_1/shards/q38b/FUSED/problems/ab000025/candidates/r3.png,92,91,90,88,90
TG25_I016,ab000025,0,SELF,5,results_b200_2/intent4_qwen38_27b_30task_3seed_5r/repeat_0/shards/q38b/SELF/problems/ab000025/candidates/r5.png,92,91,90,88,90
TG25_I017,ab000025,0,CEN_MAD,2,results_b200_2/intent4_qwen38_27b_30task_3seed_5r/repeat_0/shards/q38b/CEN_MAD/problems/ab000025/candidates/r2.png,92,91,90,88,90
TG25_I018,ab000025,2,SELF,5,results_b200_2/intent4_qwen38_27b_30task_3seed_5r/repeat_2/shards/q38b/SELF/problems/ab000025/candidates/r5.png,84,88,82,81,83
TG25_I019,ab000025,0,AXES,5,results_b200_2/intent4_qwen38_27b_30task_3seed_5r/repeat_0/shards/q38b/AXES/problems/ab000025/candidates/r5.png,92,91,90,88,90
TG25_I020,ab000025,2,MAD,4,results_b200_2/intent4_qwen38_27b_30task_3seed_5r/repeat_2/shards/q38b/MAD/problems/ab000025/candidates/r4.png,84,88,82,81,83
TG25_I021,ab000025,1,FUSED,2,results_b200_2/intent4_qwen38_27b_30task_3seed_5r/repeat_1/shards/q38b/FUSED/problems/ab000025/candidates/r2.png,88,90,88,86,88
TG25_I022,ab000025,1,SELF,5,results_b200_2/intent4_qwen38_27b_30task_3seed_5r/repeat_1/shards/q38b/SELF/problems/ab000025/candidates/r5.png,86,86,84,83,85
TG25_I023,ab000025,0,MAD,5,results_b200_2/intent4_qwen38_27b_30task_3seed_5r/repeat_0/shards/q38b/MAD/problems/ab000025/candidates/r5.png,92,91,90,88,90
TG25_I024,ab000025,1,FUSED,5,results_b200_2/intent4_qwen38_27b_30task_3seed_5r/repeat_1/shards/q38b/FUSED/problems/ab000025/candidates/r5.png,88,90,88,86,88
TG25_I025,ab000025,2,CEN_MAD,4,results_b200_2/intent4_qwen38_27b_30task_3seed_5r/repeat_2/shards/q38b/CEN_MAD/problems/ab000025/candidates/r4.png,86,86,84,83,85
TG25_I026,ab000025,0,SELF,1,results_b200_2/intent4_qwen38_27b_30task_3seed_5r/repeat_0/shards/q38b/SELF/problems/ab000025/candidates/r1.png,92,91,90,88,90
TG25_I027,ab000025,1,AXES,2,results_b200_2/intent4_qwen38_27b_30task_3seed_5r/repeat_1/shards/q38b/AXES/problems/ab000025/candidates/r2.png,92,91,90,88,90
TG25_I028,ab000025,2,AXES,3,results_b200_2/intent4_qwen38_27b_30task_3seed_5r/repeat_2/shards/q38b/AXES/problems/ab000025/candidates/r3.png,84,88,82,81,83
TG25_I029,ab000025,0,FUSED,4,results_b200_2/intent4_qwen38_27b_30task_3seed_5r/repeat_0/shards/q38b/FUSED/problems/ab000025/candidates/r4.png,92,91,90,88,90
TG25_I030,ab000025,1,SELF,2,results_b200_2/intent4_qwen38_27b_30task_3seed_5r/repeat_1/shards/q38b/SELF/problems/ab000025/candidates/r2.png,86,86,84,83,85
TG25_I031,ab000025,2,AXES,4,results_b200_2/intent4_qwen38_27b_30task_3seed_5r/repeat_2/shards/q38b/AXES/problems/ab000025/candidates/r4.png,84,88,82,81,83
TG25_I032,ab000025,2,FUSED,2,results_b200_2/intent4_qwen38_27b_30task_3seed_5r/repeat_2/shards/q38b/FUSED/problems/ab000025/candidates/r2.png,84,88,82,81,83
TG25_I033,ab000025,2,FUSED,1,results_b200_2/intent4_qwen38_27b_30task_3seed_5r/repeat_2/shards/q38b/FUSED/problems/ab000025/candidates/r1.png,84,88,82,81,83
TG25_I034,ab000025,1,FUSED,1,results_b200_2/intent4_qwen38_27b_30task_3seed_5r/repeat_1/shards/q38b/FUSED/problems/ab000025/candidates/r1.png,84,88,82,81,83
TG25_I035,ab000025,0,CEN_MAD,3,results_b200_2/intent4_qwen38_27b_30task_3seed_5r/repeat_0/shards/q38b/CEN_MAD/problems/ab000025/candidates/r3.png,92,91,90,88,90
TG25_I036,ab000025,1,CEN_MAD,5,results_b200_2/intent4_qwen38_27b_30task_3seed_5r/repeat_1/shards/q38b/CEN_MAD/problems/ab000025/candidates/r5.png,88,90,88,86,88
TG25_I037,ab000025,2,R0,0,results_b200_2/intent4_qwen38_27b_30task_3seed_5r/repeat_2/shards/q38b/SELF/problems/ab000025/candidates/r0.png,84,88,82,81,83
TG25_I038,ab000025,0,AXES,2,results_b200_2/intent4_qwen38_27b_30task_3seed_5r/repeat_0/shards/q38b/AXES/problems/ab000025/candidates/r2.png,92,91,90,88,90
TG25_I039,ab000025,1,SELF,3,results_b200_2/intent4_qwen38_27b_30task_3seed_5r/repeat_1/shards/q38b/SELF/problems/ab000025/candidates/r3.png,92,91,90,88,90
TG25_I040,ab000025,0,MAD,2,results_b200_2/intent4_qwen38_27b_30task_3seed_5r/repeat_0/shards/q38b/MAD/problems/ab000025/candidates/r2.png,92,91,90,88,90
TG25_I041,ab000025,0,FUSED,5,results_b200_2/intent4_qwen38_27b_30task_3seed_5r/repeat_0/shards/q38b/FUSED/problems/ab000025/candidates/r5.png,84,88,82,81,83
TG25_I042,ab000025,1,MAD,2,results_b200_2/intent4_qwen38_27b_30task_3seed_5r/repeat_1/shards/q38b/MAD/problems/ab000025/candidates/r2.png,86,86,84,83,85
TG25_I043,ab000025,2,CEN_MAD,1,results_b200_2/intent4_qwen38_27b_30task_3seed_5r/repeat_2/shards/q38b/CEN_MAD/problems/ab000025/candidates/r1.png,92,91,90,88,90
TG25_I044,ab000025,0,CEN_MAD,5,results_b200_2/intent4_qwen38_27b_30task_3seed_5r/repeat_0/shards/q38b/CEN_MAD/problems/ab000025/candidates/r5.png,84,88,82,81,83
TG25_I045,ab000025,2,AXES,5,results_b200_2/intent4_qwen38_27b_30task_3seed_5r/repeat_2/shards/q38b/AXES/problems/ab000025/candidates/r5.png,92,91,90,88,90
TG25_I046,ab000025,0,AXES,1,results_b200_2/intent4_qwen38_27b_30task_3seed_5r/repeat_0/shards/q38b/AXES/problems/ab000025/candidates/r1.png,84,88,82,81,83
TG25_I047,ab000025,2,MAD,3,results_b200_2/intent4_qwen38_27b_30task_3seed_5r/repeat_2/shards/q38b/MAD/problems/ab000025/candidates/r3.png,86,86,84,83,85
TG25_I048,ab000025,2,MAD,2,results_b200_2/intent4_qwen38_27b_30task_3seed_5r/repeat_2/shards/q38b/MAD/problems/ab000025/candidates/r2.png,84,88,82,81,83
TG25_I049,ab000025,1,CEN_MAD,3,results_b200_2/intent4_qwen38_27b_30task_3seed_5r/repeat_1/shards/q38b/CEN_MAD/problems/ab000025/candidates/r3.png,88,90,88,86,88
TG25_I050,ab000025,2,FUSED,3,results_b200_2/intent4_qwen38_27b_30task_3seed_5r/repeat_2/shards/q38b/FUSED/problems/ab000025/candidates/r3.png,84,88,82,81,83
TG25_I051,ab000025,2,FUSED,4,results_b200_2/intent4_qwen38_27b_30task_3seed_5r/repeat_2/shards/q38b/FUSED/problems/ab000025/candidates/r4.png,84,88,82,81,83
TG25_I052,ab000025,0,CEN_MAD,4,results_b200_2/intent4_qwen38_27b_30task_3seed_5r/repeat_0/shards/q38b/CEN_MAD/problems/ab000025/candidates/r4.png,84,88,82,81,83
TG25_I053,ab000025,0,FUSED,2,results_b200_2/intent4_qwen38_27b_30task_3seed_5r/repeat_0/shards/q38b/FUSED/problems/ab000025/candidates/r2.png,92,91,90,88,90
TG25_I054,ab000025,2,MAD,5,results_b200_2/intent4_qwen38_27b_30task_3seed_5r/repeat_2/shards/q38b/MAD/problems/ab000025/candidates/r5.png,86,86,84,83,85
TG25_I055,ab000025,2,CEN_MAD,3,results_b200_2/intent4_qwen38_27b_30task_3seed_5r/repeat_2/shards/q38b/CEN_MAD/problems/ab000025/candidates/r3.png,84,88,82,81,83
TG25_I056,ab000025,1,MAD,5,results_b200_2/intent4_qwen38_27b_30task_3seed_5r/repeat_1/shards/q38b/MAD/problems/ab000025/candidates/r5.png,92,91,90,88,90
TG25_I057,ab000025,0,AXES,4,results_b200_2/intent4_qwen38_27b_30task_3seed_5r/repeat_0/shards/q38b/AXES/problems/ab000025/candidates/r4.png,92,91,90,88,90
TG25_I058,ab000025,1,SELF,1,results_b200_2/intent4_qwen38_27b_30task_3seed_5r/repeat_1/shards/q38b/SELF/problems/ab000025/candidates/r1.png,84,88,82,81,83
TG25_I059,ab000025,2,SELF,2,results_b200_2/intent4_qwen38_27b_30task_3seed_5r/repeat_2/shards/q38b/SELF/problems/ab000025/candidates/r2.png,92,91,90,88,90
TG25_I060,ab000025,0,SELF,3,results_b200_2/intent4_qwen38_27b_30task_3seed_5r/repeat_0/shards/q38b/SELF/problems/ab000025/candidates/r3.png,84,88,82,81,83
TG25_I061,ab000025,1,MAD,4,results_b200_2/intent4_qwen38_27b_30task_3seed_5r/repeat_1/shards/q38b/MAD/problems/ab000025/candidates/r4.png,86,86,84,83,85
TG25_I062,ab000025,1,MAD,3,results_b200_2/intent4_qwen38_27b_30task_3seed_5r/repeat_1/shards/q38b/MAD/problems/ab000025/candidates/r3.png,92,91,90,88,90
TG25_I063,ab000025,0,SELF,2,results_b200_2/intent4_qwen38_27b_30task_3seed_5r/repeat_0/shards/q38b/SELF/problems/ab000025/candidates/r2.png,84,88,82,81,83
TG25_I064,ab000025,0,SELF,4,results_b200_2/intent4_qwen38_27b_30task_3seed_5r/repeat_0/shards/q38b/SELF/problems/ab000025/candidates/r4.png,92,91,90,88,90
TG25_I065,ab000025,1,MAD,1,results_b200_2/intent4_qwen38_27b_30task_3seed_5r/repeat_1/shards/q38b/MAD/problems/ab000025/candidates/r1.png,92,91,90,88,90
TG25_I066,ab000025,0,CEN_MAD,1,results_b200_2/intent4_qwen38_27b_30task_3seed_5r/repeat_0/shards/q38b/CEN_MAD/problems/ab000025/candidates/r1.png,92,91,90,88,90
TG25_I067,ab000025,0,MAD,4,results_b200_2/intent4_qwen38_27b_30task_3seed_5r/repeat_0/shards/q38b/MAD/problems/ab000025/candidates/r4.png,92,91,90,88,90
TG25_I068,ab000025,2,AXES,2,results_b200_2/intent4_qwen38_27b_30task_3seed_5r/repeat_2/shards/q38b/AXES/problems/ab000025/candidates/r2.png,92,91,90,88,90
TG25_I069,ab000025,1,R0,0,results_b200_2/intent4_qwen38_27b_30task_3seed_5r/repeat_1/shards/q38b/SELF/problems/ab000025/candidates/r0.png,84,88,82,81,83
TG25_I070,ab000025,2,CEN_MAD,5,results_b200_2/intent4_qwen38_27b_30task_3seed_5r/repeat_2/shards/q38b/CEN_MAD/problems/ab000025/candidates/r5.png,86,86,84,83,85
TG25_I071,ab000025,2,CEN_MAD,2,results_b200_2/intent4_qwen38_27b_30task_3seed_5r/repeat_2/shards/q38b/CEN_MAD/problems/ab000025/candidates/r2.png,84,88,82,81,83
TG25_I072,ab000025,0,FUSED,3,results_b200_2/intent4_qwen38_27b_30task_3seed_5r/repeat_0/shards/q38b/FUSED/problems/ab000025/candidates/r3.png,86,86,84,83,85
TG25_I073,ab000025,0,AXES,3,results_b200_2/intent4_qwen38_27b_30task_3seed_5r/repeat_0/shards/q38b/AXES/problems/ab000025/candidates/r3.png,84,88,82,81,83
TG25_I074,ab000025,2,AXES,1,results_b200_2/intent4_qwen38_27b_30task_3seed_5r/repeat_2/shards/q38b/AXES/problems/ab000025/candidates/r1.png,92,91,90,88,90
TG25_I075,ab000025,2,FUSED,5,results_b200_2/intent4_qwen38_27b_30task_3seed_5r/repeat_2/shards/q38b/FUSED/problems/ab000025/candidates/r5.png,92,91,90,88,90
TG25_I076,ab000025,2,SELF,1,results_b200_2/intent4_qwen38_27b_30task_3seed_5r/repeat_2/shards/q38b/SELF/problems/ab000025/candidates/r1.png,84,88,82,81,83
TG25_I077,ab000025,1,AXES,1,results_b200_2/intent4_qwen38_27b_30task_3seed_5r/repeat_1/shards/q38b/AXES/problems/ab000025/candidates/r1.png,92,91,90,88,90
TG25_I078,ab000025,0,R0,0,results_b200_2/intent4_qwen38_27b_30task_3seed_5r/repeat_0/shards/q38b/SELF/problems/ab000025/candidates/r0.png,84,88,82,81,83
TG26_I001,ab000026,1,CEN_MAD,5,results_b200_2/intent4_qwen38_27b_30task_3seed_5r/repeat_1/shards/q38b/CEN_MAD/problems/ab000026/candidates/r5.png,74,73,82,75,74
TG26_I002,ab000026,2,AXES,4,results_b200_2/intent4_qwen38_27b_30task_3seed_5r/repeat_2/shards/q38b/AXES/problems/ab000026/candidates/r4.png,44,54,77,70,51
TG26_I003,ab000026,0,AXES,1,results_b200_2/intent4_qwen38_27b_30task_3seed_5r/repeat_0/shards/q38b/AXES/problems/ab000026/candidates/r1.png,50,62,72,68,58
TG26_I004,ab000026,1,SELF,2,results_b200_2/intent4_qwen38_27b_30task_3seed_5r/repeat_1/shards/q38b/SELF/problems/ab000026/candidates/r2.png,52,60,71,68,59
TG26_I005,ab000026,2,AXES,2,results_b200_2/intent4_qwen38_27b_30task_3seed_5r/repeat_2/shards/q38b/AXES/problems/ab000026/candidates/r2.png,90,87,89,86,88
TG26_I006,ab000026,2,SELF,3,results_b200_2/intent4_qwen38_27b_30task_3seed_5r/repeat_2/shards/q38b/SELF/problems/ab000026/candidates/r3.png,92,90,93,86,89
TG26_I007,ab000026,0,AXES,2,results_b200_2/intent4_qwen38_27b_30task_3seed_5r/repeat_0/shards/q38b/AXES/problems/ab000026/candidates/r2.png,44,54,77,70,51
TG26_I008,ab000026,0,FUSED,1,results_b200_2/intent4_qwen38_27b_30task_3seed_5r/repeat_0/shards/q38b/FUSED/problems/ab000026/candidates/r1.png,41,57,76,70,52
TG26_I009,ab000026,2,MAD,1,results_b200_2/intent4_qwen38_27b_30task_3seed_5r/repeat_2/shards/q38b/MAD/problems/ab000026/candidates/r1.png,93,89,90,86,92
TG26_I010,ab000026,2,FUSED,5,results_b200_2/intent4_qwen38_27b_30task_3seed_5r/repeat_2/shards/q38b/FUSED/problems/ab000026/candidates/r5.png,90,87,89,86,88
TG26_I011,ab000026,2,R0,0,results_b200_2/intent4_qwen38_27b_30task_3seed_5r/repeat_2/shards/q38b/SELF/problems/ab000026/candidates/r0.png,92,90,93,86,89
TG26_I012,ab000026,2,MAD,2,results_b200_2/intent4_qwen38_27b_30task_3seed_5r/repeat_2/shards/q38b/MAD/problems/ab000026/candidates/r2.png,94,88,92,86,90
TG26_I013,ab000026,1,CEN_MAD,3,results_b200_2/intent4_qwen38_27b_30task_3seed_5r/repeat_1/shards/q38b/CEN_MAD/problems/ab000026/candidates/r3.png,71,73,80,75,75
TG26_I014,ab000026,0,SELF,1,results_b200_2/intent4_qwen38_27b_30task_3seed_5r/repeat_0/shards/q38b/SELF/problems/ab000026/candidates/r1.png,43,55,75,70,53
TG26_I015,ab000026,0,CEN_MAD,2,results_b200_2/intent4_qwen38_27b_30task_3seed_5r/repeat_0/shards/q38b/CEN_MAD/problems/ab000026/candidates/r2.png,49,58,70,68,55
TG26_I016,ab000026,2,SELF,1,results_b200_2/intent4_qwen38_27b_30task_3seed_5r/repeat_2/shards/q38b/SELF/problems/ab000026/candidates/r1.png,92,90,93,86,89
TG26_I017,ab000026,0,FUSED,2,results_b200_2/intent4_qwen38_27b_30task_3seed_5r/repeat_0/shards/q38b/FUSED/problems/ab000026/candidates/r2.png,44,54,77,70,51
TG26_I018,ab000026,2,AXES,1,results_b200_2/intent4_qwen38_27b_30task_3seed_5r/repeat_2/shards/q38b/AXES/problems/ab000026/candidates/r1.png,91,91,91,86,91
TG26_I019,ab000026,1,AXES,2,results_b200_2/intent4_qwen38_27b_30task_3seed_5r/repeat_1/shards/q38b/AXES/problems/ab000026/candidates/r2.png,52,60,71,68,59
TG26_I020,ab000026,2,SELF,5,results_b200_2/intent4_qwen38_27b_30task_3seed_5r/repeat_2/shards/q38b/SELF/problems/ab000026/candidates/r5.png,90,87,89,86,88
TG26_I021,ab000026,2,CEN_MAD,4,results_b200_2/intent4_qwen38_27b_30task_3seed_5r/repeat_2/shards/q38b/CEN_MAD/problems/ab000026/candidates/r4.png,64,63,77,72,65
TG26_I022,ab000026,0,R0,0,results_b200_2/intent4_qwen38_27b_30task_3seed_5r/repeat_0/shards/q38b/SELF/problems/ab000026/candidates/r0.png,44,54,77,70,51
TG26_I023,ab000026,2,MAD,5,results_b200_2/intent4_qwen38_27b_30task_3seed_5r/repeat_2/shards/q38b/MAD/problems/ab000026/candidates/r5.png,91,91,91,86,91
TG26_I024,ab000026,2,CEN_MAD,3,results_b200_2/intent4_qwen38_27b_30task_3seed_5r/repeat_2/shards/q38b/CEN_MAD/problems/ab000026/candidates/r3.png,93,89,90,86,92
TG26_I025,ab000026,1,FUSED,5,results_b200_2/intent4_qwen38_27b_30task_3seed_5r/repeat_1/shards/q38b/FUSED/problems/ab000026/candidates/r5.png,70,69,78,75,72
TG26_I026,ab000026,1,FUSED,3,results_b200_2/intent4_qwen38_27b_30task_3seed_5r/repeat_1/shards/q38b/FUSED/problems/ab000026/candidates/r3.png,76,74,82,75,75
TG26_I027,ab000026,0,SELF,5,results_b200_2/intent4_qwen38_27b_30task_3seed_5r/repeat_0/shards/q38b/SELF/problems/ab000026/candidates/r5.png,53,59,73,68,57
TG26_I028,ab000026,1,R0,0,results_b200_2/intent4_qwen38_27b_30task_3seed_5r/repeat_1/shards/q38b/SELF/problems/ab000026/candidates/r0.png,50,62,72,68,58
TG26_I029,ab000026,2,AXES,5,results_b200_2/intent4_qwen38_27b_30task_3seed_5r/repeat_2/shards/q38b/AXES/problems/ab000026/candidates/r5.png,93,89,90,86,92
TG26_I030,ab000026,0,CEN_MAD,1,results_b200_2/intent4_qwen38_27b_30task_3seed_5r/repeat_0/shards/q38b/CEN_MAD/problems/ab000026/candidates/r1.png,49,58,70,68,55
TG26_I031,ab000026,1,AXES,1,results_b200_2/intent4_qwen38_27b_30task_3seed_5r/repeat_1/shards/q38b/AXES/problems/ab000026/candidates/r1.png,51,61,74,68,56
TG26_I032,ab000026,0,SELF,2,results_b200_2/intent4_qwen38_27b_30task_3seed_5r/repeat_0/shards/q38b/SELF/problems/ab000026/candidates/r2.png,53,59,73,68,57
TG26_I033,ab000026,0,AXES,3,results_b200_2/intent4_qwen38_27b_30task_3seed_5r/repeat_0/shards/q38b/AXES/problems/ab000026/candidates/r3.png,41,57,76,70,52
TG26_I034,ab000026,0,FUSED,5,results_b200_2/intent4_qwen38_27b_30task_3seed_5r/repeat_0/shards/q38b/FUSED/problems/ab000026/candidates/r5.png,43,55,75,70,53
TG26_I035,ab000026,1,SELF,3,results_b200_2/intent4_qwen38_27b_30task_3seed_5r/repeat_1/shards/q38b/SELF/problems/ab000026/candidates/r3.png,49,58,70,68,55
TG26_I036,ab000026,0,CEN_MAD,3,results_b200_2/intent4_qwen38_27b_30task_3seed_5r/repeat_0/shards/q38b/CEN_MAD/problems/ab000026/candidates/r3.png,64,63,77,72,65
TG26_I037,ab000026,0,FUSED,4,results_b200_2/intent4_qwen38_27b_30task_3seed_5r/repeat_0/shards/q38b/FUSED/problems/ab000026/candidates/r4.png,76,71,81,75,75
TG26_I038,ab000026,1,AXES,4,results_b200_2/intent4_qwen38_27b_30task_3seed_5r/repeat_1/shards/q38b/AXES/problems/ab000026/candidates/r4.png,41,57,76,70,52
TG26_I039,ab000026,1,MAD,4,results_b200_2/intent4_qwen38_27b_30task_3seed_5r/repeat_1/shards/q38b/MAD/problems/ab000026/candidates/r4.png,75,72,79,75,77
TG26_I040,ab000026,0,AXES,5,results_b200_2/intent4_qwen38_27b_30task_3seed_5r/repeat_0/shards/q38b/AXES/problems/ab000026/candidates/r5.png,40,53,74,70,49
TG26_I041,ab000026,0,CEN_MAD,4,results_b200_2/intent4_qwen38_27b_30task_3seed_5r/repeat_0/shards/q38b/CEN_MAD/problems/ab000026/candidates/r4.png,51,61,74,68,56
TG26_I042,ab000026,1,CEN_MAD,2,results_b200_2/intent4_qwen38_27b_30task_3seed_5r/repeat_1/shards/q38b/CEN_MAD/problems/ab000026/candidates/r2.png,74,70,81,75,74
TG26_I043,ab000026,2,SELF,2,results_b200_2/intent4_qwen38_27b_30task_3seed_5r/repeat_2/shards/q38b/SELF/problems/ab000026/candidates/r2.png,91,91,91,86,91
TG26_I044,ab000026,2,FUSED,3,results_b200_2/intent4_qwen38_27b_30task_3seed_5r/repeat_2/shards/q38b/FUSED/problems/ab000026/candidates/r3.png,93,89,90,86,92
TG26_I045,ab000026,1,AXES,3,results_b200_2/intent4_qwen38_27b_30task_3seed_5r/repeat_1/shards/q38b/AXES/problems/ab000026/candidates/r3.png,62,60,73,72,64
TG26_I046,ab000026,1,SELF,1,results_b200_2/intent4_qwen38_27b_30task_3seed_5r/repeat_1/shards/q38b/SELF/problems/ab000026/candidates/r1.png,42,56,78,70,50
TG26_I047,ab000026,1,CEN_MAD,4,results_b200_2/intent4_qwen38_27b_30task_3seed_5r/repeat_1/shards/q38b/CEN_MAD/problems/ab000026/candidates/r4.png,74,70,81,75,74
TG26_I048,ab000026,2,CEN_MAD,2,results_b200_2/intent4_qwen38_27b_30task_3seed_5r/repeat_2/shards/q38b/CEN_MAD/problems/ab000026/candidates/r2.png,91,91,91,86,91
TG26_I049,ab000026,2,MAD,4,results_b200_2/intent4_qwen38_27b_30task_3seed_5r/repeat_2/shards/q38b/MAD/problems/ab000026/candidates/r4.png,93,89,90,86,92
TG26_I050,ab000026,2,FUSED,2,results_b200_2/intent4_qwen38_27b_30task_3seed_5r/repeat_2/shards/q38b/FUSED/problems/ab000026/candidates/r2.png,40,53,74,70,49
TG26_I051,ab000026,1,AXES,5,results_b200_2/intent4_qwen38_27b_30task_3seed_5r/repeat_1/shards/q38b/AXES/problems/ab000026/candidates/r5.png,64,63,77,72,65
TG26_I052,ab000026,1,MAD,2,results_b200_2/intent4_qwen38_27b_30task_3seed_5r/repeat_1/shards/q38b/MAD/problems/ab000026/candidates/r2.png,76,71,81,75,75
TG26_I053,ab000026,1,MAD,1,results_b200_2/intent4_qwen38_27b_30task_3seed_5r/repeat_1/shards/q38b/MAD/problems/ab000026/candidates/r1.png,71,73,80,75,75
TG26_I054,ab000026,1,FUSED,1,results_b200_2/intent4_qwen38_27b_30task_3seed_5r/repeat_1/shards/q38b/FUSED/problems/ab000026/candidates/r1.png,77,73,79,75,78
TG26_I055,ab000026,1,FUSED,4,results_b200_2/intent4_qwen38_27b_30task_3seed_5r/repeat_1/shards/q38b/FUSED/problems/ab000026/candidates/r4.png,74,71,78,75,74
TG26_I056,ab000026,0,FUSED,3,results_b200_2/intent4_qwen38_27b_30task_3seed_5r/repeat_0/shards/q38b/FUSED/problems/ab000026/candidates/r3.png,51,61,74,68,56
TG26_I057,ab000026,2,FUSED,1,results_b200_2/intent4_qwen38_27b_30task_3seed_5r/repeat_2/shards/q38b/FUSED/problems/ab000026/candidates/r1.png,94,88,92,86,90
TG26_I058,ab000026,0,MAD,2,results_b200_2/intent4_qwen38_27b_30task_3seed_5r/repeat_0/shards/q38b/MAD/problems/ab000026/candidates/r2.png,30,43,50,53,40
TG26_I059,ab000026,1,CEN_MAD,1,results_b200_2/intent4_qwen38_27b_30task_3seed_5r/repeat_1/shards/q38b/CEN_MAD/problems/ab000026/candidates/r1.png,32,41,49,53,41
TG26_I060,ab000026,2,SELF,4,results_b200_2/intent4_qwen38_27b_30task_3seed_5r/repeat_2/shards/q38b/SELF/problems/ab000026/candidates/r4.png,90,87,89,86,88
TG26_I061,ab000026,0,AXES,4,results_b200_2/intent4_qwen38_27b_30task_3seed_5r/repeat_0/shards/q38b/AXES/problems/ab000026/candidates/r4.png,51,61,74,68,56
TG26_I062,ab000026,1,MAD,3,results_b200_2/intent4_qwen38_27b_30task_3seed_5r/repeat_1/shards/q38b/MAD/problems/ab000026/candidates/r3.png,76,71,81,75,75
TG26_I063,ab000026,1,FUSED,2,results_b200_2/intent4_qwen38_27b_30task_3seed_5r/repeat_1/shards/q38b/FUSED/problems/ab000026/candidates/r2.png,41,57,76,70,52
TG26_I064,ab000026,2,CEN_MAD,1,results_b200_2/intent4_qwen38_27b_30task_3seed_5r/repeat_2/shards/q38b/CEN_MAD/problems/ab000026/candidates/r1.png,93,89,90,86,92
TG26_I065,ab000026,0,MAD,4,results_b200_2/intent4_qwen38_27b_30task_3seed_5r/repeat_0/shards/q38b/MAD/problems/ab000026/candidates/r4.png,29,39,48,53,37
TG26_I066,ab000026,1,MAD,5,results_b200_2/intent4_qwen38_27b_30task_3seed_5r/repeat_1/shards/q38b/MAD/problems/ab000026/candidates/r5.png,72,72,82,75,73
TG26_I067,ab000026,0,MAD,1,results_b200_2/intent4_qwen38_27b_30task_3seed_5r/repeat_0/shards/q38b/MAD/problems/ab000026/candidates/r1.png,33,40,51,53,39
TG26_I068,ab000026,0,CEN_MAD,5,results_b200_2/intent4_qwen38_27b_30task_3seed_5r/repeat_0/shards/q38b/CEN_MAD/problems/ab000026/candidates/r5.png,50,62,72,68,58
TG26_I069,ab000026,0,SELF,4,results_b200_2/intent4_qwen38_27b_30task_3seed_5r/repeat_0/shards/q38b/SELF/problems/ab000026/candidates/r4.png,52,60,71,68,59
TG26_I070,ab000026,0,MAD,3,results_b200_2/intent4_qwen38_27b_30task_3seed_5r/repeat_0/shards/q38b/MAD/problems/ab000026/candidates/r3.png,29,39,48,53,37
TG26_I071,ab000026,1,SELF,4,results_b200_2/intent4_qwen38_27b_30task_3seed_5r/repeat_1/shards/q38b/SELF/problems/ab000026/candidates/r4.png,72,72,82,75,73
TG26_I072,ab000026,2,AXES,3,results_b200_2/intent4_qwen38_27b_30task_3seed_5r/repeat_2/shards/q38b/AXES/problems/ab000026/candidates/r3.png,94,88,92,86,90
TG26_I073,ab000026,0,SELF,3,results_b200_2/intent4_qwen38_27b_30task_3seed_5r/repeat_0/shards/q38b/SELF/problems/ab000026/candidates/r3.png,50,62,72,68,58
TG26_I074,ab000026,1,SELF,5,results_b200_2/intent4_qwen38_27b_30task_3seed_5r/repeat_1/shards/q38b/SELF/problems/ab000026/candidates/r5.png,73,71,79,75,76
TG26_I075,ab000026,2,FUSED,4,results_b200_2/intent4_qwen38_27b_30task_3seed_5r/repeat_2/shards/q38b/FUSED/problems/ab000026/candidates/r4.png,90,87,89,86,88
TG26_I076,ab000026,2,MAD,3,results_b200_2/intent4_qwen38_27b_30task_3seed_5r/repeat_2/shards/q38b/MAD/problems/ab000026/candidates/r3.png,92,90,93,86,89
TG26_I077,ab000026,0,MAD,5,results_b200_2/intent4_qwen38_27b_30task_3seed_5r/repeat_0/shards/q38b/MAD/problems/ab000026/candidates/r5.png,53,59,73,68,57
TG26_I078,ab000026,2,CEN_MAD,5,results_b200_2/intent4_qwen38_27b_30task_3seed_5r/repeat_2/shards/q38b/CEN_MAD/problems/ab000026/candidates/r5.png,91,91,91,86,91
TG27_I001,ab000027,0,AXES,3,results_b200_2/intent4_qwen38_27b_30task_3seed_5r/repeat_0/shards/q38b/AXES/problems/ab000027/candidates/r3.png,62,59,75,68,60
TG27_I002,ab000027,1,FUSED,5,results_b200_2/intent4_qwen38_27b_30task_3seed_5r/repeat_1/shards/q38b/FUSED/problems/ab000027/candidates/r5.png,74,75,81,74,75
TG27_I003,ab000027,2,CEN_MAD,5,results_b200_2/intent4_qwen38_27b_30task_3seed_5r/repeat_2/shards/q38b/CEN_MAD/problems/ab000027/candidates/r5.png,87,86,88,81,87
TG27_I004,ab000027,2,AXES,1,results_b200_2/intent4_qwen38_27b_30task_3seed_5r/repeat_2/shards/q38b/AXES/problems/ab000027/candidates/r1.png,89,84,87,81,88
TG27_I005,ab000027,1,MAD,3,results_b200_2/intent4_qwen38_27b_30task_3seed_5r/repeat_1/shards/q38b/MAD/problems/ab000027/candidates/r3.png,70,74,78,74,73
TG27_I006,ab000027,1,CEN_MAD,3,results_b200_2/intent4_qwen38_27b_30task_3seed_5r/repeat_1/shards/q38b/CEN_MAD/problems/ab000027/candidates/r3.png,25,50,70,53,35
TG27_I007,ab000027,2,FUSED,2,results_b200_2/intent4_qwen38_27b_30task_3seed_5r/repeat_2/shards/q38b/FUSED/problems/ab000027/candidates/r2.png,74,75,81,74,75
TG27_I008,ab000027,0,SELF,4,results_b200_2/intent4_qwen38_27b_30task_3seed_5r/repeat_0/shards/q38b/SELF/problems/ab000027/candidates/r4.png,61,60,73,68,62
TG27_I009,ab000027,1,FUSED,1,results_b200_2/intent4_qwen38_27b_30task_3seed_5r/repeat_1/shards/q38b/FUSED/problems/ab000027/candidates/r1.png,89,84,87,81,88
TG27_I010,ab000027,2,AXES,3,results_b200_2/intent4_qwen38_27b_30task_3seed_5r/repeat_2/shards/q38b/AXES/problems/ab000027/candidates/r3.png,86,82,86,81,84
TG27_I011,ab000027,0,AXES,5,results_b200_2/intent4_qwen38_27b_30task_3seed_5r/repeat_0/shards/q38b/AXES/problems/ab000027/candidates/r5.png,25,50,70,53,35
TG27_I012,ab000027,2,CEN_MAD,2,results_b200_2/intent4_qwen38_27b_30task_3seed_5r/repeat_2/shards/q38b/CEN_MAD/problems/ab000027/candidates/r2.png,64,57,74,68,61
TG27_I013,ab000027,2,SELF,1,results_b200_2/intent4_qwen38_27b_30task_3seed_5r/repeat_2/shards/q38b/SELF/problems/ab000027/candidates/r1.png,87,86,88,81,87
TG27_I014,ab000027,1,MAD,5,results_b200_2/intent4_qwen38_27b_30task_3seed_5r/repeat_1/shards/q38b/MAD/problems/ab000027/candidates/r5.png,73,76,79,74,77
TG27_I015,ab000027,1,CEN_MAD,5,results_b200_2/intent4_qwen38_27b_30task_3seed_5r/repeat_1/shards/q38b/CEN_MAD/problems/ab000027/candidates/r5.png,70,74,78,74,73
TG27_I016,ab000027,0,FUSED,1,results_b200_2/intent4_qwen38_27b_30task_3seed_5r/repeat_0/shards/q38b/FUSED/problems/ab000027/candidates/r1.png,88,85,90,81,85
TG27_I017,ab000027,2,MAD,1,results_b200_2/intent4_qwen38_27b_30task_3seed_5r/repeat_2/shards/q38b/MAD/problems/ab000027/candidates/r1.png,90,83,89,81,86
TG27_I018,ab000027,1,AXES,4,results_b200_2/intent4_qwen38_27b_30task_3seed_5r/repeat_1/shards/q38b/AXES/problems/ab000027/candidates/r4.png,71,78,80,74,76
TG27_I019,ab000027,2,FUSED,4,results_b200_2/intent4_qwen38_27b_30task_3seed_5r/repeat_2/shards/q38b/FUSED/problems/ab000027/candidates/r4.png,89,84,87,81,88
TG27_I020,ab000027,0,FUSED,3,results_b200_2/intent4_qwen38_27b_30task_3seed_5r/repeat_0/shards/q38b/FUSED/problems/ab000027/candidates/r3.png,60,56,71,68,59
TG27_I021,ab000027,1,SELF,4,results_b200_2/intent4_qwen38_27b_30task_3seed_5r/repeat_1/shards/q38b/SELF/problems/ab000027/candidates/r4.png,72,77,82,74,74
TG27_I022,ab000027,2,CEN_MAD,1,results_b200_2/intent4_qwen38_27b_30task_3seed_5r/repeat_2/shards/q38b/CEN_MAD/problems/ab000027/candidates/r1.png,90,83,89,81,86
TG27_I023,ab000027,2,MAD,3,results_b200_2/intent4_qwen38_27b_30task_3seed_5r/repeat_2/shards/q38b/MAD/problems/ab000027/candidates/r3.png,24,51,68,53,37
TG27_I024,ab000027,2,MAD,2,results_b200_2/intent4_qwen38_27b_30task_3seed_5r/repeat_2/shards/q38b/MAD/problems/ab000027/candidates/r2.png,26,49,67,53,38
TG27_I025,ab000027,2,AXES,5,results_b200_2/intent4_qwen38_27b_30task_3seed_5r/repeat_2/shards/q38b/AXES/problems/ab000027/candidates/r5.png,86,82,86,81,84
TG27_I026,ab000027,2,AXES,2,results_b200_2/intent4_qwen38_27b_30task_3seed_5r/repeat_2/shards/q38b/AXES/problems/ab000027/candidates/r2.png,88,85,90,81,85
TG27_I027,ab000027,0,FUSED,5,results_b200_2/intent4_qwen38_27b_30task_3seed_5r/repeat_0/shards/q38b/FUSED/problems/ab000027/candidates/r5.png,40,50,58,58,45
TG27_I028,ab000027,0,SELF,5,results_b200_2/intent4_qwen38_27b_30task_3seed_5r/repeat_0/shards/q38b/SELF/problems/ab000027/candidates/r5.png,61,60,73,68,62
TG27_I029,ab000027,0,CEN_MAD,4,results_b200_2/intent4_qwen38_27b_30task_3seed_5r/repeat_0/shards/q38b/CEN_MAD/problems/ab000027/candidates/r4.png,39,51,56,58,47
TG27_I030,ab000027,0,MAD,2,results_b200_2/intent4_qwen38_27b_30task_3seed_5r/repeat_0/shards/q38b/MAD/problems/ab000027/candidates/r2.png,60,56,71,68,59
TG27_I031,ab000027,1,FUSED,3,results_b200_2/intent4_qwen38_27b_30task_3seed_5r/repeat_1/shards/q38b/FUSED/problems/ab000027/candidates/r3.png,72,77,82,74,74
TG27_I032,ab000027,2,CEN_MAD,3,results_b200_2/intent4_qwen38_27b_30task_3seed_5r/repeat_2/shards/q38b/CEN_MAD/problems/ab000027/candidates/r3.png,90,83,89,81,86
TG27_I033,ab000027,1,FUSED,4,results_b200_2/intent4_qwen38_27b_30task_3seed_5r/repeat_1/shards/q38b/FUSED/problems/ab000027/candidates/r4.png,87,86,88,81,87
TG27_I034,ab000027,1,SELF,5,results_b200_2/intent4_qwen38_27b_30task_3seed_5r/repeat_1/shards/q38b/SELF/problems/ab000027/candidates/r5.png,89,84,87,81,88
TG27_I035,ab000027,0,AXES,4,results_b200_2/intent4_qwen38_27b_30task_3seed_5r/repeat_0/shards/q38b/AXES/problems/ab000027/candidates/r4.png,86,82,86,81,84
TG27_I036,ab000027,1,AXES,3,results_b200_2/intent4_qwen38_27b_30task_3seed_5r/repeat_1/shards/q38b/AXES/problems/ab000027/candidates/r3.png,88,85,90,81,85
TG27_I037,ab000027,1,SELF,2,results_b200_2/intent4_qwen38_27b_30task_3seed_5r/repeat_1/shards/q38b/SELF/problems/ab000027/candidates/r2.png,64,57,74,68,61
TG27_I038,ab000027,2,R0,0,results_b200_2/intent4_qwen38_27b_30task_3seed_5r/repeat_2/shards/q38b/SELF/problems/ab000027/candidates/r0.png,87,86,88,81,87
TG27_I039,ab000027,1,AXES,2,results_b200_2/intent4_qwen38_27b_30task_3seed_5r/repeat_1/shards/q38b/AXES/problems/ab000027/candidates/r2.png,89,84,87,81,88
TG27_I040,ab000027,1,SELF,3,results_b200_2/intent4_qwen38_27b_30task_3seed_5r/repeat_1/shards/q38b/SELF/problems/ab000027/candidates/r3.png,86,82,86,81,84
TG27_I041,ab000027,2,MAD,4,results_b200_2/intent4_qwen38_27b_30task_3seed_5r/repeat_2/shards/q38b/MAD/problems/ab000027/candidates/r4.png,25,50,70,53,35
TG27_I042,ab000027,0,SELF,1,results_b200_2/intent4_qwen38_27b_30task_3seed_5r/repeat_0/shards/q38b/SELF/problems/ab000027/candidates/r1.png,64,57,74,68,61
TG27_I043,ab000027,2,SELF,4,results_b200_2/intent4_qwen38_27b_30task_3seed_5r/repeat_2/shards/q38b/SELF/problems/ab000027/candidates/r4.png,37,53,57,58,46
TG27_I044,ab000027,2,MAD,5,results_b200_2/intent4_qwen38_27b_30task_3seed_5r/repeat_2/shards/q38b/MAD/problems/ab000027/candidates/r5.png,26,49,67,53,38
TG27_I045,ab000027,0,AXES,2,results_b200_2/intent4_qwen38_27b_30task_3seed_5r/repeat_0/shards/q38b/AXES/problems/ab000027/candidates/r2.png,60,56,71,68,59
TG27_I046,ab000027,0,MAD,4,results_b200_2/intent4_qwen38_27b_30task_3seed_5r/repeat_0/shards/q38b/MAD/problems/ab000027/candidates/r4.png,88,85,90,81,85
TG27_I047,ab000027,1,FUSED,2,results_b200_2/intent4_qwen38_27b_30task_3seed_5r/repeat_1/shards/q38b/FUSED/problems/ab000027/candidates/r2.png,64,57,74,68,61
TG27_I048,ab000027,1,MAD,4,results_b200_2/intent4_qwen38_27b_30task_3seed_5r/repeat_1/shards/q38b/MAD/problems/ab000027/candidates/r4.png,87,86,88,81,87
TG27_I049,ab000027,0,CEN_MAD,1,results_b200_2/intent4_qwen38_27b_30task_3seed_5r/repeat_0/shards/q38b/CEN_MAD/problems/ab000027/candidates/r1.png,63,58,72,68,63
TG27_I050,ab000027,0,FUSED,2,results_b200_2/intent4_qwen38_27b_30task_3seed_5r/repeat_0/shards/q38b/FUSED/problems/ab000027/candidates/r2.png,60,56,71,68,59
TG27_I051,ab000027,1,CEN_MAD,2,results_b200_2/intent4_qwen38_27b_30task_3seed_5r/repeat_1/shards/q38b/CEN_MAD/problems/ab000027/candidates/r2.png,25,50,70,53,35
TG27_I052,ab000027,0,CEN_MAD,5,results_b200_2/intent4_qwen38_27b_30task_3seed_5r/repeat_0/shards/q38b/CEN_MAD/problems/ab000027/candidates/r5.png,40,50,58,58,45
TG27_I053,ab000027,0,CEN_MAD,2,results_b200_2/intent4_qwen38_27b_30task_3seed_5r/repeat_0/shards/q38b/CEN_MAD/problems/ab000027/candidates/r2.png,61,60,73,68,62
TG27_I054,ab000027,1,MAD,2,results_b200_2/intent4_qwen38_27b_30task_3seed_5r/repeat_1/shards/q38b/MAD/problems/ab000027/candidates/r2.png,89,84,87,81,88
TG27_I055,ab000027,2,FUSED,1,results_b200_2/intent4_qwen38_27b_30task_3seed_5r/repeat_2/shards/q38b/FUSED/problems/ab000027/candidates/r1.png,60,56,71,68,59
TG27_I056,ab000027,2,SELF,3,results_b200_2/intent4_qwen38_27b_30task_3seed_5r/repeat_2/shards/q38b/SELF/problems/ab000027/candidates/r3.png,62,59,75,68,60
TG27_I057,ab000027,0,MAD,1,results_b200_2/intent4_qwen38_27b_30task_3seed_5r/repeat_0/shards/q38b/MAD/problems/ab000027/candidates/r1.png,27,48,69,53,36
TG27_I058,ab000027,0,R0,0,results_b200_2/intent4_qwen38_27b_30task_3seed_5r/repeat_0/shards/q38b/SELF/problems/ab000027/candidates/r0.png,61,60,73,68,62
TG27_I059,ab000027,0,MAD,5,results_b200_2/intent4_qwen38_27b_30task_3seed_5r/repeat_0/shards/q38b/MAD/problems/ab000027/candidates/r5.png,63,58,72,68,63
TG27_I060,ab000027,0,CEN_MAD,3,results_b200_2/intent4_qwen38_27b_30task_3seed_5r/repeat_0/shards/q38b/CEN_MAD/problems/ab000027/candidates/r3.png,70,74,78,74,73
TG27_I061,ab000027,1,AXES,5,results_b200_2/intent4_qwen38_27b_30task_3seed_5r/repeat_1/shards/q38b/AXES/problems/ab000027/candidates/r5.png,72,77,82,74,74
TG27_I062,ab000027,0,FUSED,4,results_b200_2/intent4_qwen38_27b_30task_3seed_5r/repeat_0/shards/q38b/FUSED/problems/ab000027/candidates/r4.png,40,50,58,58,45
TG27_I063,ab000027,1,SELF,1,results_b200_2/intent4_qwen38_27b_30task_3seed_5r/repeat_1/shards/q38b/SELF/problems/ab000027/candidates/r1.png,71,78,80,74,76
TG27_I064,ab000027,0,SELF,2,results_b200_2/intent4_qwen38_27b_30task_3seed_5r/repeat_0/shards/q38b/SELF/problems/ab000027/candidates/r2.png,63,58,72,68,63
TG27_I065,ab000027,2,FUSED,5,results_b200_2/intent4_qwen38_27b_30task_3seed_5r/repeat_2/shards/q38b/FUSED/problems/ab000027/candidates/r5.png,86,82,86,81,84
TG27_I066,ab000027,1,AXES,1,results_b200_2/intent4_qwen38_27b_30task_3seed_5r/repeat_1/shards/q38b/AXES/problems/ab000027/candidates/r1.png,88,85,90,81,85
TG27_I067,ab000027,1,MAD,1,results_b200_2/intent4_qwen38_27b_30task_3seed_5r/repeat_1/shards/q38b/MAD/problems/ab000027/candidates/r1.png,74,75,81,74,75
TG27_I068,ab000027,0,SELF,3,results_b200_2/intent4_qwen38_27b_30task_3seed_5r/repeat_0/shards/q38b/SELF/problems/ab000027/candidates/r3.png,61,60,73,68,62
TG27_I069,ab000027,2,SELF,2,results_b200_2/intent4_qwen38_27b_30task_3seed_5r/repeat_2/shards/q38b/SELF/problems/ab000027/candidates/r2.png,89,84,87,81,88
TG27_I070,ab000027,1,CEN_MAD,4,results_b200_2/intent4_qwen38_27b_30task_3seed_5r/repeat_1/shards/q38b/CEN_MAD/problems/ab000027/candidates/r4.png,86,82,86,81,84
TG27_I071,ab000027,2,SELF,5,results_b200_2/intent4_qwen38_27b_30task_3seed_5r/repeat_2/shards/q38b/SELF/problems/ab000027/candidates/r5.png,88,85,90,81,85
TG27_I072,ab000027,1,CEN_MAD,1,results_b200_2/intent4_qwen38_27b_30task_3seed_5r/repeat_1/shards/q38b/CEN_MAD/problems/ab000027/candidates/r1.png,64,57,74,68,61
TG27_I073,ab000027,2,AXES,4,results_b200_2/intent4_qwen38_27b_30task_3seed_5r/repeat_2/shards/q38b/AXES/problems/ab000027/candidates/r4.png,61,60,73,68,62
TG27_I074,ab000027,2,CEN_MAD,4,results_b200_2/intent4_qwen38_27b_30task_3seed_5r/repeat_2/shards/q38b/CEN_MAD/problems/ab000027/candidates/r4.png,26,49,67,53,38
TG27_I075,ab000027,1,R0,0,results_b200_2/intent4_qwen38_27b_30task_3seed_5r/repeat_1/shards/q38b/SELF/problems/ab000027/candidates/r0.png,23,47,66,53,34
TG27_I076,ab000027,0,AXES,1,results_b200_2/intent4_qwen38_27b_30task_3seed_5r/repeat_0/shards/q38b/AXES/problems/ab000027/candidates/r1.png,25,50,70,53,35
TG27_I077,ab000027,0,MAD,3,results_b200_2/intent4_qwen38_27b_30task_3seed_5r/repeat_0/shards/q38b/MAD/problems/ab000027/candidates/r3.png,90,83,89,81,86
TG27_I078,ab000027,2,FUSED,3,results_b200_2/intent4_qwen38_27b_30task_3seed_5r/repeat_2/shards/q38b/FUSED/problems/ab000027/candidates/r3.png,87,86,88,81,87
TG28_I001,ab000028,2,CEN_MAD,2,results_b200_2/intent4_qwen38_27b_30task_3seed_5r/repeat_2/shards/q38b/CEN_MAD/problems/ab000028/candidates/r2.png,50,58,60,57,55
TG28_I002,ab000028,0,FUSED,3,results_b200_2/intent4_qwen38_27b_30task_3seed_5r/repeat_0/shards/q38b/FUSED/problems/ab000028/candidates/r3.png,91,90,90,89,90
TG28_I003,ab000028,2,AXES,1,results_b200_2/intent4_qwen38_27b_30task_3seed_5r/repeat_2/shards/q38b/AXES/problems/ab000028/candidates/r1.png,42,50,52,49,47
TG28_I004,ab000028,0,MAD,1,results_b200_2/intent4_qwen38_27b_30task_3seed_5r/repeat_0/shards/q38b/MAD/problems/ab000028/candidates/r1.png,90,89,89,88,89
TG28_I005,ab000028,2,MAD,5,results_b200_2/intent4_qwen38_27b_30task_3seed_5r/repeat_2/shards/q38b/MAD/problems/ab000028/candidates/r5.png,50,58,60,57,55
TG28_I006,ab000028,2,SELF,5,results_b200_2/intent4_qwen38_27b_30task_3seed_5r/repeat_2/shards/q38b/SELF/problems/ab000028/candidates/r5.png,42,50,52,49,47
TG28_I007,ab000028,2,SELF,1,results_b200_2/intent4_qwen38_27b_30task_3seed_5r/repeat_2/shards/q38b/SELF/problems/ab000028/candidates/r1.png,42,50,52,49,47
TG28_I008,ab000028,0,MAD,2,results_b200_2/intent4_qwen38_27b_30task_3seed_5r/repeat_0/shards/q38b/MAD/problems/ab000028/candidates/r2.png,88,87,87,86,87
TG28_I009,ab000028,1,AXES,1,results_b200_2/intent4_qwen38_27b_30task_3seed_5r/repeat_1/shards/q38b/AXES/problems/ab000028/candidates/r1.png,89,88,88,87,88
TG28_I010,ab000028,0,FUSED,4,results_b200_2/intent4_qwen38_27b_30task_3seed_5r/repeat_0/shards/q38b/FUSED/problems/ab000028/candidates/r4.png,87,86,86,85,86
TG28_I011,ab000028,1,MAD,1,results_b200_2/intent4_qwen38_27b_30task_3seed_5r/repeat_1/shards/q38b/MAD/problems/ab000028/candidates/r1.png,88,87,87,86,87
TG28_I012,ab000028,1,CEN_MAD,4,results_b200_2/intent4_qwen38_27b_30task_3seed_5r/repeat_1/shards/q38b/CEN_MAD/problems/ab000028/candidates/r4.png,90,89,89,88,89
TG28_I013,ab000028,1,MAD,5,results_b200_2/intent4_qwen38_27b_30task_3seed_5r/repeat_1/shards/q38b/MAD/problems/ab000028/candidates/r5.png,87,86,86,85,86
TG28_I014,ab000028,1,CEN_MAD,5,results_b200_2/intent4_qwen38_27b_30task_3seed_5r/repeat_1/shards/q38b/CEN_MAD/problems/ab000028/candidates/r5.png,89,88,88,87,88
TG28_I015,ab000028,0,SELF,4,results_b200_2/intent4_qwen38_27b_30task_3seed_5r/repeat_0/shards/q38b/SELF/problems/ab000028/candidates/r4.png,87,86,86,85,86
TG28_I016,ab000028,0,AXES,4,results_b200_2/intent4_qwen38_27b_30task_3seed_5r/repeat_0/shards/q38b/AXES/problems/ab000028/candidates/r4.png,89,88,88,87,88
TG28_I017,ab000028,2,SELF,3,results_b200_2/intent4_qwen38_27b_30task_3seed_5r/repeat_2/shards/q38b/SELF/problems/ab000028/candidates/r3.png,42,50,52,49,47
TG28_I018,ab000028,2,AXES,4,results_b200_2/intent4_qwen38_27b_30task_3seed_5r/repeat_2/shards/q38b/AXES/problems/ab000028/candidates/r4.png,42,50,52,49,47
TG28_I019,ab000028,1,MAD,3,results_b200_2/intent4_qwen38_27b_30task_3seed_5r/repeat_1/shards/q38b/MAD/problems/ab000028/candidates/r3.png,89,88,88,87,88
TG28_I020,ab000028,1,SELF,4,results_b200_2/intent4_qwen38_27b_30task_3seed_5r/repeat_1/shards/q38b/SELF/problems/ab000028/candidates/r4.png,86,85,85,84,85
TG28_I021,ab000028,1,FUSED,5,results_b200_2/intent4_qwen38_27b_30task_3seed_5r/repeat_1/shards/q38b/FUSED/problems/ab000028/candidates/r5.png,88,87,87,86,87
TG28_I022,ab000028,1,AXES,4,results_b200_2/intent4_qwen38_27b_30task_3seed_5r/repeat_1/shards/q38b/AXES/problems/ab000028/candidates/r4.png,90,89,89,88,89
TG28_I023,ab000028,1,AXES,3,results_b200_2/intent4_qwen38_27b_30task_3seed_5r/repeat_1/shards/q38b/AXES/problems/ab000028/candidates/r3.png,87,86,86,85,86
TG28_I024,ab000028,0,AXES,2,results_b200_2/intent4_qwen38_27b_30task_3seed_5r/repeat_0/shards/q38b/AXES/problems/ab000028/candidates/r2.png,90,89,89,88,89
TG28_I025,ab000028,0,CEN_MAD,4,results_b200_2/intent4_qwen38_27b_30task_3seed_5r/repeat_0/shards/q38b/CEN_MAD/problems/ab000028/candidates/r4.png,87,86,86,85,86
TG28_I026,ab000028,1,R0,0,results_b200_2/intent4_qwen38_27b_30task_3seed_5r/repeat_1/shards/q38b/SELF/problems/ab000028/candidates/r0.png,88,87,87,86,87
TG28_I027,ab000028,0,CEN_MAD,3,results_b200_2/intent4_qwen38_27b_30task_3seed_5r/repeat_0/shards/q38b/CEN_MAD/problems/ab000028/candidates/r3.png,91,90,90,89,90
TG28_I028,ab000028,0,AXES,1,results_b200_2/intent4_qwen38_27b_30task_3seed_5r/repeat_0/shards/q38b/AXES/problems/ab000028/candidates/r1.png,88,87,87,86,87
TG28_I029,ab000028,1,FUSED,4,results_b200_2/intent4_qwen38_27b_30task_3seed_5r/repeat_1/shards/q38b/FUSED/problems/ab000028/candidates/r4.png,89,88,88,87,88
TG28_I030,ab000028,1,MAD,2,results_b200_2/intent4_qwen38_27b_30task_3seed_5r/repeat_1/shards/q38b/MAD/problems/ab000028/candidates/r2.png,86,85,85,84,85
TG28_I031,ab000028,0,MAD,5,results_b200_2/intent4_qwen38_27b_30task_3seed_5r/repeat_0/shards/q38b/MAD/problems/ab000028/candidates/r5.png,89,88,88,87,88
TG28_I032,ab000028,0,MAD,3,results_b200_2/intent4_qwen38_27b_30task_3seed_5r/repeat_0/shards/q38b/MAD/problems/ab000028/candidates/r3.png,91,90,90,89,90
TG28_I033,ab000028,0,CEN_MAD,5,results_b200_2/intent4_qwen38_27b_30task_3seed_5r/repeat_0/shards/q38b/CEN_MAD/problems/ab000028/candidates/r5.png,88,87,87,86,87
TG28_I034,ab000028,1,AXES,5,results_b200_2/intent4_qwen38_27b_30task_3seed_5r/repeat_1/shards/q38b/AXES/problems/ab000028/candidates/r5.png,89,88,88,87,88
TG28_I035,ab000028,2,SELF,4,results_b200_2/intent4_qwen38_27b_30task_3seed_5r/repeat_2/shards/q38b/SELF/problems/ab000028/candidates/r4.png,50,58,60,57,55
TG28_I036,ab000028,1,FUSED,3,results_b200_2/intent4_qwen38_27b_30task_3seed_5r/repeat_1/shards/q38b/FUSED/problems/ab000028/candidates/r3.png,88,87,87,86,87
TG28_I037,ab000028,1,MAD,4,results_b200_2/intent4_qwen38_27b_30task_3seed_5r/repeat_1/shards/q38b/MAD/problems/ab000028/candidates/r4.png,90,89,89,88,89
TG28_I038,ab000028,2,AXES,2,results_b200_2/intent4_qwen38_27b_30task_3seed_5r/repeat_2/shards/q38b/AXES/problems/ab000028/candidates/r2.png,50,58,60,57,55
TG28_I039,ab000028,0,SELF,5,results_b200_2/intent4_qwen38_27b_30task_3seed_5r/repeat_0/shards/q38b/SELF/problems/ab000028/candidates/r5.png,90,89,89,88,89
TG28_I040,ab000028,2,MAD,1,results_b200_2/intent4_qwen38_27b_30task_3seed_5r/repeat_2/shards/q38b/MAD/problems/ab000028/candidates/r1.png,50,58,60,57,55
TG28_I041,ab000028,2,CEN_MAD,1,results_b200_2/intent4_qwen38_27b_30task_3seed_5r/repeat_2/shards/q38b/CEN_MAD/problems/ab000028/candidates/r1.png,50,58,60,57,55
TG28_I042,ab000028,2,FUSED,2,results_b200_2/intent4_qwen38_27b_30task_3seed_5r/repeat_2/shards/q38b/FUSED/problems/ab000028/candidates/r2.png,50,58,60,57,55
TG28_I043,ab000028,2,MAD,2,results_b200_2/intent4_qwen38_27b_30task_3seed_5r/repeat_2/shards/q38b/MAD/problems/ab000028/candidates/r2.png,50,58,60,57,55
TG28_I044,ab000028,1,CEN_MAD,2,results_b200_2/intent4_qwen38_27b_30task_3seed_5r/repeat_1/shards/q38b/CEN_MAD/problems/ab000028/candidates/r2.png,89,88,88,87,88
TG28_I045,ab000028,1,SELF,2,results_b200_2/intent4_qwen38_27b_30task_3seed_5r/repeat_1/shards/q38b/SELF/problems/ab000028/candidates/r2.png,86,85,85,84,85
TG28_I046,ab000028,0,AXES,5,results_b200_2/intent4_qwen38_27b_30task_3seed_5r/repeat_0/shards/q38b/AXES/problems/ab000028/candidates/r5.png,89,88,88,87,88
TG28_I047,ab000028,0,FUSED,5,results_b200_2/intent4_qwen38_27b_30task_3seed_5r/repeat_0/shards/q38b/FUSED/problems/ab000028/candidates/r5.png,91,90,90,89,90
TG28_I048,ab000028,2,AXES,3,results_b200_2/intent4_qwen38_27b_30task_3seed_5r/repeat_2/shards/q38b/AXES/problems/ab000028/candidates/r3.png,50,58,60,57,55
TG28_I049,ab000028,2,FUSED,1,results_b200_2/intent4_qwen38_27b_30task_3seed_5r/repeat_2/shards/q38b/FUSED/problems/ab000028/candidates/r1.png,50,58,60,57,55
TG28_I050,ab000028,2,MAD,4,results_b200_2/intent4_qwen38_27b_30task_3seed_5r/repeat_2/shards/q38b/MAD/problems/ab000028/candidates/r4.png,50,58,60,57,55
TG28_I051,ab000028,2,CEN_MAD,5,results_b200_2/intent4_qwen38_27b_30task_3seed_5r/repeat_2/shards/q38b/CEN_MAD/problems/ab000028/candidates/r5.png,50,58,60,57,55
TG28_I052,ab000028,2,FUSED,4,results_b200_2/intent4_qwen38_27b_30task_3seed_5r/repeat_2/shards/q38b/FUSED/problems/ab000028/candidates/r4.png,50,58,60,57,55
TG28_I053,ab000028,0,R0,0,results_b200_2/intent4_qwen38_27b_30task_3seed_5r/repeat_0/shards/q38b/SELF/problems/ab000028/candidates/r0.png,88,87,87,86,87
TG28_I054,ab000028,2,MAD,3,results_b200_2/intent4_qwen38_27b_30task_3seed_5r/repeat_2/shards/q38b/MAD/problems/ab000028/candidates/r3.png,50,58,60,57,55
TG28_I055,ab000028,0,CEN_MAD,1,results_b200_2/intent4_qwen38_27b_30task_3seed_5r/repeat_0/shards/q38b/CEN_MAD/problems/ab000028/candidates/r1.png,79,78,78,77,78
TG28_I056,ab000028,1,SELF,3,results_b200_2/intent4_qwen38_27b_30task_3seed_5r/repeat_1/shards/q38b/SELF/problems/ab000028/candidates/r3.png,88,87,87,86,87
TG28_I057,ab000028,2,AXES,5,results_b200_2/intent4_qwen38_27b_30task_3seed_5r/repeat_2/shards/q38b/AXES/problems/ab000028/candidates/r5.png,50,58,60,57,55
TG28_I058,ab000028,2,SELF,2,results_b200_2/intent4_qwen38_27b_30task_3seed_5r/repeat_2/shards/q38b/SELF/problems/ab000028/candidates/r2.png,42,50,52,49,47
TG28_I059,ab000028,0,SELF,3,results_b200_2/intent4_qwen38_27b_30task_3seed_5r/repeat_0/shards/q38b/SELF/problems/ab000028/candidates/r3.png,90,89,89,88,89
TG28_I060,ab000028,2,CEN_MAD,3,results_b200_2/intent4_qwen38_27b_30task_3seed_5r/repeat_2/shards/q38b/CEN_MAD/problems/ab000028/candidates/r3.png,50,58,60,57,55
TG28_I061,ab000028,0,FUSED,1,results_b200_2/intent4_qwen38_27b_30task_3seed_5r/repeat_0/shards/q38b/FUSED/problems/ab000028/candidates/r1.png,89,88,88,87,88
TG28_I062,ab000028,0,SELF,2,results_b200_2/intent4_qwen38_27b_30task_3seed_5r/repeat_0/shards/q38b/SELF/problems/ab000028/candidates/r2.png,50,58,60,57,55
TG28_I063,ab000028,0,SELF,1,results_b200_2/intent4_qwen38_27b_30task_3seed_5r/repeat_0/shards/q38b/SELF/problems/ab000028/candidates/r1.png,87,86,86,85,86
TG28_I064,ab000028,2,FUSED,3,results_b200_2/intent4_qwen38_27b_30task_3seed_5r/repeat_2/shards/q38b/FUSED/problems/ab000028/candidates/r3.png,89,88,88,87,88
TG28_I065,ab000028,0,FUSED,2,results_b200_2/intent4_qwen38_27b_30task_3seed_5r/repeat_0/shards/q38b/FUSED/problems/ab000028/candidates/r2.png,79,78,78,77,78
TG28_I066,ab000028,2,R0,0,results_b200_2/intent4_qwen38_27b_30task_3seed_5r/repeat_2/shards/q38b/SELF/problems/ab000028/candidates/r0.png,88,87,87,86,87
TG28_I067,ab000028,1,SELF,1,results_b200_2/intent4_qwen38_27b_30task_3seed_5r/repeat_1/shards/q38b/SELF/problems/ab000028/candidates/r1.png,50,58,60,57,55
TG28_I068,ab000028,1,CEN_MAD,3,results_b200_2/intent4_qwen38_27b_30task_3seed_5r/repeat_1/shards/q38b/CEN_MAD/problems/ab000028/candidates/r3.png,88,87,87,86,87
TG28_I069,ab000028,0,CEN_MAD,2,results_b200_2/intent4_qwen38_27b_30task_3seed_5r/repeat_0/shards/q38b/CEN_MAD/problems/ab000028/candidates/r2.png,89,88,88,87,88
TG28_I070,ab000028,1,FUSED,2,results_b200_2/intent4_qwen38_27b_30task_3seed_5r/repeat_1/shards/q38b/FUSED/problems/ab000028/candidates/r2.png,86,85,85,84,85
TG28_I071,ab000028,2,FUSED,5,results_b200_2/intent4_qwen38_27b_30task_3seed_5r/repeat_2/shards/q38b/FUSED/problems/ab000028/candidates/r5.png,88,87,87,86,87
TG28_I072,ab000028,0,AXES,3,results_b200_2/intent4_qwen38_27b_30task_3seed_5r/repeat_0/shards/q38b/AXES/problems/ab000028/candidates/r3.png,91,90,90,89,90
TG28_I073,ab000028,1,SELF,5,results_b200_2/intent4_qwen38_27b_30task_3seed_5r/repeat_1/shards/q38b/SELF/problems/ab000028/candidates/r5.png,50,58,60,57,55
TG28_I074,ab000028,1,FUSED,1,results_b200_2/intent4_qwen38_27b_30task_3seed_5r/repeat_1/shards/q38b/FUSED/problems/ab000028/candidates/r1.png,89,88,88,87,88
TG28_I075,ab000028,1,AXES,2,results_b200_2/intent4_qwen38_27b_30task_3seed_5r/repeat_1/shards/q38b/AXES/problems/ab000028/candidates/r2.png,50,58,60,57,55
TG28_I076,ab000028,0,MAD,4,results_b200_2/intent4_qwen38_27b_30task_3seed_5r/repeat_0/shards/q38b/MAD/problems/ab000028/candidates/r4.png,88,87,87,86,87
TG28_I077,ab000028,2,CEN_MAD,4,results_b200_2/intent4_qwen38_27b_30task_3seed_5r/repeat_2/shards/q38b/CEN_MAD/problems/ab000028/candidates/r4.png,50,58,60,57,55
TG28_I078,ab000028,1,CEN_MAD,1,results_b200_2/intent4_qwen38_27b_30task_3seed_5r/repeat_1/shards/q38b/CEN_MAD/problems/ab000028/candidates/r1.png,87,86,86,85,86
TG29_I001,ab000029,1,SELF,5,results_b200_2/intent4_qwen38_27b_30task_3seed_5r/repeat_1/shards/q38b/SELF/problems/ab000029/candidates/r5.png,90,89,90,88,90
TG29_I002,ab000029,0,MAD,5,results_b200_2/intent4_qwen38_27b_30task_3seed_5r/repeat_0/shards/q38b/MAD/problems/ab000029/candidates/r5.png,57,62,68,63,60
TG29_I003,ab000029,1,FUSED,2,results_b200_2/intent4_qwen38_27b_30task_3seed_5r/repeat_1/shards/q38b/FUSED/problems/ab000029/candidates/r2.png,57,62,68,63,60
TG29_I004,ab000029,1,FUSED,4,results_b200_2/intent4_qwen38_27b_30task_3seed_5r/repeat_1/shards/q38b/FUSED/problems/ab000029/candidates/r4.png,57,62,68,63,60
TG29_I005,ab000029,0,FUSED,1,results_b200_2/intent4_qwen38_27b_30task_3seed_5r/repeat_0/shards/q38b/FUSED/problems/ab000029/candidates/r1.png,90,89,90,88,90
TG29_I006,ab000029,0,AXES,5,results_b200_2/intent4_qwen38_27b_30task_3seed_5r/repeat_0/shards/q38b/AXES/problems/ab000029/candidates/r5.png,87,86,87,85,87
TG29_I007,ab000029,2,AXES,2,results_b200_2/intent4_qwen38_27b_30task_3seed_5r/repeat_2/shards/q38b/AXES/problems/ab000029/candidates/r2.png,90,89,90,88,90
TG29_I008,ab000029,0,R0,0,results_b200_2/intent4_qwen38_27b_30task_3seed_5r/repeat_0/shards/q38b/SELF/problems/ab000029/candidates/r0.png,87,86,87,85,87
TG29_I009,ab000029,0,CEN_MAD,4,results_b200_2/intent4_qwen38_27b_30task_3seed_5r/repeat_0/shards/q38b/CEN_MAD/problems/ab000029/candidates/r4.png,90,89,90,88,90
TG29_I010,ab000029,0,AXES,1,results_b200_2/intent4_qwen38_27b_30task_3seed_5r/repeat_0/shards/q38b/AXES/problems/ab000029/candidates/r1.png,87,86,87,85,87
TG29_I011,ab000029,1,SELF,1,results_b200_2/intent4_qwen38_27b_30task_3seed_5r/repeat_1/shards/q38b/SELF/problems/ab000029/candidates/r1.png,90,89,90,88,90
TG29_I012,ab000029,1,AXES,1,results_b200_2/intent4_qwen38_27b_30task_3seed_5r/repeat_1/shards/q38b/AXES/problems/ab000029/candidates/r1.png,57,62,68,63,60
TG29_I013,ab000029,2,CEN_MAD,5,results_b200_2/intent4_qwen38_27b_30task_3seed_5r/repeat_2/shards/q38b/CEN_MAD/problems/ab000029/candidates/r5.png,90,89,90,88,90
TG29_I014,ab000029,1,AXES,4,results_b200_2/intent4_qwen38_27b_30task_3seed_5r/repeat_1/shards/q38b/AXES/problems/ab000029/candidates/r4.png,57,62,68,63,60
TG29_I015,ab000029,1,CEN_MAD,4,results_b200_2/intent4_qwen38_27b_30task_3seed_5r/repeat_1/shards/q38b/CEN_MAD/problems/ab000029/candidates/r4.png,90,89,90,88,90
TG29_I016,ab000029,0,CEN_MAD,3,results_b200_2/intent4_qwen38_27b_30task_3seed_5r/repeat_0/shards/q38b/CEN_MAD/problems/ab000029/candidates/r3.png,57,62,68,63,60
TG29_I017,ab000029,1,FUSED,5,results_b200_2/intent4_qwen38_27b_30task_3seed_5r/repeat_1/shards/q38b/FUSED/problems/ab000029/candidates/r5.png,57,62,68,63,60
TG29_I018,ab000029,2,R0,0,results_b200_2/intent4_qwen38_27b_30task_3seed_5r/repeat_2/shards/q38b/SELF/problems/ab000029/candidates/r0.png,87,86,87,85,87
TG29_I019,ab000029,1,AXES,5,results_b200_2/intent4_qwen38_27b_30task_3seed_5r/repeat_1/shards/q38b/AXES/problems/ab000029/candidates/r5.png,57,62,68,63,60
TG29_I020,ab000029,0,SELF,3,results_b200_2/intent4_qwen38_27b_30task_3seed_5r/repeat_0/shards/q38b/SELF/problems/ab000029/candidates/r3.png,87,86,87,85,87
TG29_I021,ab000029,2,FUSED,3,results_b200_2/intent4_qwen38_27b_30task_3seed_5r/repeat_2/shards/q38b/FUSED/problems/ab000029/candidates/r3.png,90,89,90,88,90
TG29_I022,ab000029,2,CEN_MAD,4,results_b200_2/intent4_qwen38_27b_30task_3seed_5r/repeat_2/shards/q38b/CEN_MAD/problems/ab000029/candidates/r4.png,87,86,87,85,87
TG29_I023,ab000029,2,MAD,3,results_b200_2/intent4_qwen38_27b_30task_3seed_5r/repeat_2/shards/q38b/MAD/problems/ab000029/candidates/r3.png,90,89,90,88,90
TG29_I024,ab000029,1,SELF,2,results_b200_2/intent4_qwen38_27b_30task_3seed_5r/repeat_1/shards/q38b/SELF/problems/ab000029/candidates/r2.png,87,86,87,85,87
TG29_I025,ab000029,2,FUSED,2,results_b200_2/intent4_qwen38_27b_30task_3seed_5r/repeat_2/shards/q38b/FUSED/problems/ab000029/candidates/r2.png,90,89,90,88,90
TG29_I026,ab000029,1,CEN_MAD,5,results_b200_2/intent4_qwen38_27b_30task_3seed_5r/repeat_1/shards/q38b/CEN_MAD/problems/ab000029/candidates/r5.png,76,62,58,67,65
TG29_I027,ab000029,1,FUSED,3,results_b200_2/intent4_qwen38_27b_30task_3seed_5r/repeat_1/shards/q38b/FUSED/problems/ab000029/candidates/r3.png,57,62,68,63,60
TG29_I028,ab000029,0,CEN_MAD,2,results_b200_2/intent4_qwen38_27b_30task_3seed_5r/repeat_0/shards/q38b/CEN_MAD/problems/ab000029/candidates/r2.png,87,86,87,85,87
TG29_I029,ab000029,1,MAD,2,results_b200_2/intent4_qwen38_27b_30task_3seed_5r/repeat_1/shards/q38b/MAD/problems/ab000029/candidates/r2.png,90,89,90,88,90
TG29_I030,ab000029,2,SELF,2,results_b200_2/intent4_qwen38_27b_30task_3seed_5r/repeat_2/shards/q38b/SELF/problems/ab000029/candidates/r2.png,87,86,87,85,87
TG29_I031,ab000029,0,AXES,4,results_b200_2/intent4_qwen38_27b_30task_3seed_5r/repeat_0/shards/q38b/AXES/problems/ab000029/candidates/r4.png,90,89,90,88,90
TG29_I032,ab000029,0,MAD,4,results_b200_2/intent4_qwen38_27b_30task_3seed_5r/repeat_0/shards/q38b/MAD/problems/ab000029/candidates/r4.png,57,62,68,63,60
TG29_I033,ab000029,1,SELF,4,results_b200_2/intent4_qwen38_27b_30task_3seed_5r/repeat_1/shards/q38b/SELF/problems/ab000029/candidates/r4.png,90,89,90,88,90
TG29_I034,ab000029,2,AXES,3,results_b200_2/intent4_qwen38_27b_30task_3seed_5r/repeat_2/shards/q38b/AXES/problems/ab000029/candidates/r3.png,87,86,87,85,87
TG29_I035,ab000029,1,CEN_MAD,3,results_b200_2/intent4_qwen38_27b_30task_3seed_5r/repeat_1/shards/q38b/CEN_MAD/problems/ab000029/candidates/r3.png,90,89,90,88,90
TG29_I036,ab000029,1,MAD,4,results_b200_2/intent4_qwen38_27b_30task_3seed_5r/repeat_1/shards/q38b/MAD/problems/ab000029/candidates/r4.png,87,86,87,85,87
TG29_I037,ab000029,2,SELF,3,results_b200_2/intent4_qwen38_27b_30task_3seed_5r/repeat_2/shards/q38b/SELF/problems/ab000029/candidates/r3.png,90,89,90,88,90
TG29_I038,ab000029,1,CEN_MAD,1,results_b200_2/intent4_qwen38_27b_30task_3seed_5r/repeat_1/shards/q38b/CEN_MAD/problems/ab000029/candidates/r1.png,87,86,87,85,87
TG29_I039,ab000029,1,FUSED,1,results_b200_2/intent4_qwen38_27b_30task_3seed_5r/repeat_1/shards/q38b/FUSED/problems/ab000029/candidates/r1.png,57,62,68,63,60
TG29_I040,ab000029,0,MAD,1,results_b200_2/intent4_qwen38_27b_30task_3seed_5r/repeat_0/shards/q38b/MAD/problems/ab000029/candidates/r1.png,57,62,68,63,60
TG29_I041,ab000029,2,MAD,1,results_b200_2/intent4_qwen38_27b_30task_3seed_5r/repeat_2/shards/q38b/MAD/problems/ab000029/candidates/r1.png,90,89,90,88,90
TG29_I042,ab000029,2,MAD,2,results_b200_2/intent4_qwen38_27b_30task_3seed_5r/repeat_2/shards/q38b/MAD/problems/ab000029/candidates/r2.png,87,86,87,85,87
TG29_I043,ab000029,0,FUSED,2,results_b200_2/intent4_qwen38_27b_30task_3seed_5r/repeat_0/shards/q38b/FUSED/problems/ab000029/candidates/r2.png,90,89,90,88,90
TG29_I044,ab000029,2,CEN_MAD,2,results_b200_2/intent4_qwen38_27b_30task_3seed_5r/repeat_2/shards/q38b/CEN_MAD/problems/ab000029/candidates/r2.png,87,86,87,85,87
TG29_I045,ab000029,1,AXES,2,results_b200_2/intent4_qwen38_27b_30task_3seed_5r/repeat_1/shards/q38b/AXES/problems/ab000029/candidates/r2.png,57,62,68,63,60
TG29_I046,ab000029,2,FUSED,5,results_b200_2/intent4_qwen38_27b_30task_3seed_5r/repeat_2/shards/q38b/FUSED/problems/ab000029/candidates/r5.png,87,86,87,85,87
TG29_I047,ab000029,0,SELF,2,results_b200_2/intent4_qwen38_27b_30task_3seed_5r/repeat_0/shards/q38b/SELF/problems/ab000029/candidates/r2.png,90,89,90,88,90
TG29_I048,ab000029,2,AXES,5,results_b200_2/intent4_qwen38_27b_30task_3seed_5r/repeat_2/shards/q38b/AXES/problems/ab000029/candidates/r5.png,87,86,87,85,87
TG29_I049,ab000029,0,AXES,2,results_b200_2/intent4_qwen38_27b_30task_3seed_5r/repeat_0/shards/q38b/AXES/problems/ab000029/candidates/r2.png,90,89,90,88,90
TG29_I050,ab000029,0,SELF,5,results_b200_2/intent4_qwen38_27b_30task_3seed_5r/repeat_0/shards/q38b/SELF/problems/ab000029/candidates/r5.png,87,86,87,85,87
TG29_I051,ab000029,0,CEN_MAD,5,results_b200_2/intent4_qwen38_27b_30task_3seed_5r/repeat_0/shards/q38b/CEN_MAD/problems/ab000029/candidates/r5.png,90,89,90,88,90
TG29_I052,ab000029,0,SELF,4,results_b200_2/intent4_qwen38_27b_30task_3seed_5r/repeat_0/shards/q38b/SELF/problems/ab000029/candidates/r4.png,87,86,87,85,87
TG29_I053,ab000029,0,FUSED,4,results_b200_2/intent4_qwen38_27b_30task_3seed_5r/repeat_0/shards/q38b/FUSED/problems/ab000029/candidates/r4.png,90,89,90,88,90
TG29_I054,ab000029,0,MAD,3,results_b200_2/intent4_qwen38_27b_30task_3seed_5r/repeat_0/shards/q38b/MAD/problems/ab000029/candidates/r3.png,57,62,68,63,60
TG29_I055,ab000029,0,SELF,1,results_b200_2/intent4_qwen38_27b_30task_3seed_5r/repeat_0/shards/q38b/SELF/problems/ab000029/candidates/r1.png,90,89,90,88,90
TG29_I056,ab000029,1,CEN_MAD,2,results_b200_2/intent4_qwen38_27b_30task_3seed_5r/repeat_1/shards/q38b/CEN_MAD/problems/ab000029/candidates/r2.png,87,86,87,85,87
TG29_I057,ab000029,1,MAD,3,results_b200_2/intent4_qwen38_27b_30task_3seed_5r/repeat_1/shards/q38b/MAD/problems/ab000029/candidates/r3.png,90,89,90,88,90
TG29_I058,ab000029,2,CEN_MAD,3,results_b200_2/intent4_qwen38_27b_30task_3seed_5r/repeat_2/shards/q38b/CEN_MAD/problems/ab000029/candidates/r3.png,87,86,87,85,87
TG29_I059,ab000029,0,FUSED,5,results_b200_2/intent4_qwen38_27b_30task_3seed_5r/repeat_0/shards/q38b/FUSED/problems/ab000029/candidates/r5.png,90,89,90,88,90
TG29_I060,ab000029,1,AXES,3,results_b200_2/intent4_qwen38_27b_30task_3seed_5r/repeat_1/shards/q38b/AXES/problems/ab000029/candidates/r3.png,57,62,68,63,60
TG29_I061,ab000029,2,SELF,5,results_b200_2/intent4_qwen38_27b_30task_3seed_5r/repeat_2/shards/q38b/SELF/problems/ab000029/candidates/r5.png,90,89,90,88,90
TG29_I062,ab000029,2,SELF,1,results_b200_2/intent4_qwen38_27b_30task_3seed_5r/repeat_2/shards/q38b/SELF/problems/ab000029/candidates/r1.png,87,86,87,85,87
TG29_I063,ab000029,1,SELF,3,results_b200_2/intent4_qwen38_27b_30task_3seed_5r/repeat_1/shards/q38b/SELF/problems/ab000029/candidates/r3.png,90,89,90,88,90
TG29_I064,ab000029,2,FUSED,1,results_b200_2/intent4_qwen38_27b_30task_3seed_5r/repeat_2/shards/q38b/FUSED/problems/ab000029/candidates/r1.png,87,86,87,85,87
TG29_I065,ab000029,2,CEN_MAD,1,results_b200_2/intent4_qwen38_27b_30task_3seed_5r/repeat_2/shards/q38b/CEN_MAD/problems/ab000029/candidates/r1.png,90,89,90,88,90
TG29_I066,ab000029,1,R0,0,results_b200_2/intent4_qwen38_27b_30task_3seed_5r/repeat_1/shards/q38b/SELF/problems/ab000029/candidates/r0.png,87,86,87,85,87
TG29_I067,ab000029,0,FUSED,3,results_b200_2/intent4_qwen38_27b_30task_3seed_5r/repeat_0/shards/q38b/FUSED/problems/ab000029/candidates/r3.png,57,62,68,63,60
TG29_I068,ab000029,1,MAD,5,results_b200_2/intent4_qwen38_27b_30task_3seed_5r/repeat_1/shards/q38b/MAD/problems/ab000029/candidates/r5.png,87,86,87,85,87
TG29_I069,ab000029,2,MAD,5,results_b200_2/intent4_qwen38_27b_30task_3seed_5r/repeat_2/shards/q38b/MAD/problems/ab000029/candidates/r5.png,90,89,90,88,90
TG29_I070,ab000029,1,MAD,1,results_b200_2/intent4_qwen38_27b_30task_3seed_5r/repeat_1/shards/q38b/MAD/problems/ab000029/candidates/r1.png,87,86,87,85,87
TG29_I071,ab000029,2,AXES,1,results_b200_2/intent4_qwen38_27b_30task_3seed_5r/repeat_2/shards/q38b/AXES/problems/ab000029/candidates/r1.png,90,89,90,88,90
TG29_I072,ab000029,2,SELF,4,results_b200_2/intent4_qwen38_27b_30task_3seed_5r/repeat_2/shards/q38b/SELF/problems/ab000029/candidates/r4.png,87,86,87,85,87
TG29_I073,ab000029,0,CEN_MAD,1,results_b200_2/intent4_qwen38_27b_30task_3seed_5r/repeat_0/shards/q38b/CEN_MAD/problems/ab000029/candidates/r1.png,90,89,90,88,90
TG29_I074,ab000029,0,AXES,3,results_b200_2/intent4_qwen38_27b_30task_3seed_5r/repeat_0/shards/q38b/AXES/problems/ab000029/candidates/r3.png,87,86,87,85,87
TG29_I075,ab000029,2,FUSED,4,results_b200_2/intent4_qwen38_27b_30task_3seed_5r/repeat_2/shards/q38b/FUSED/problems/ab000029/candidates/r4.png,90,89,90,88,90
TG29_I076,ab000029,0,MAD,2,results_b200_2/intent4_qwen38_27b_30task_3seed_5r/repeat_0/shards/q38b/MAD/problems/ab000029/candidates/r2.png,57,62,68,63,60
TG29_I077,ab000029,2,MAD,4,results_b200_2/intent4_qwen38_27b_30task_3seed_5r/repeat_2/shards/q38b/MAD/problems/ab000029/candidates/r4.png,57,62,68,63,60
TG29_I078,ab000029,2,AXES,4,results_b200_2/intent4_qwen38_27b_30task_3seed_5r/repeat_2/shards/q38b/AXES/problems/ab000029/candidates/r4.png,87,86,87,85,87
TG30_I001,ab000030,2,CEN_MAD,4,results_b200_2/intent4_qwen38_27b_30task_3seed_5r/repeat_2/shards/q38b/CEN_MAD/problems/ab000030/candidates/r4.png,82,78,69,72,75
TG30_I002,ab000030,0,CEN_MAD,1,results_b200_2/intent4_qwen38_27b_30task_3seed_5r/repeat_0/shards/q38b/CEN_MAD/problems/ab000030/candidates/r1.png,91,88,89,86,89
TG30_I003,ab000030,0,AXES,1,results_b200_2/intent4_qwen38_27b_30task_3seed_5r/repeat_0/shards/q38b/AXES/problems/ab000030/candidates/r1.png,81,77,68,71,74
TG30_I004,ab000030,0,CEN_MAD,5,results_b200_2/intent4_qwen38_27b_30task_3seed_5r/repeat_0/shards/q38b/CEN_MAD/problems/ab000030/candidates/r5.png,90,87,88,85,88
TG30_I005,ab000030,0,FUSED,1,results_b200_2/intent4_qwen38_27b_30task_3seed_5r/repeat_0/shards/q38b/FUSED/problems/ab000030/candidates/r1.png,87,84,85,82,85
TG30_I006,ab000030,2,SELF,2,results_b200_2/intent4_qwen38_27b_30task_3seed_5r/repeat_2/shards/q38b/SELF/problems/ab000030/candidates/r2.png,82,78,69,72,75
TG30_I007,ab000030,2,CEN_MAD,1,results_b200_2/intent4_qwen38_27b_30task_3seed_5r/repeat_2/shards/q38b/CEN_MAD/problems/ab000030/candidates/r1.png,95,91,92,93,93
TG30_I008,ab000030,0,FUSED,2,results_b200_2/intent4_qwen38_27b_30task_3seed_5r/repeat_0/shards/q38b/FUSED/problems/ab000030/candidates/r2.png,88,85,86,83,86
TG30_I009,ab000030,1,CEN_MAD,4,results_b200_2/intent4_qwen38_27b_30task_3seed_5r/repeat_1/shards/q38b/CEN_MAD/problems/ab000030/candidates/r4.png,83,79,70,73,76
TG30_I010,ab000030,2,AXES,2,results_b200_2/intent4_qwen38_27b_30task_3seed_5r/repeat_2/shards/q38b/AXES/problems/ab000030/candidates/r2.png,91,87,88,89,89
TG30_I011,ab000030,1,AXES,4,results_b200_2/intent4_qwen38_27b_30task_3seed_5r/repeat_1/shards/q38b/AXES/problems/ab000030/candidates/r4.png,89,86,87,84,87
TG30_I012,ab000030,2,FUSED,5,results_b200_2/intent4_qwen38_27b_30task_3seed_5r/repeat_2/shards/q38b/FUSED/problems/ab000030/candidates/r5.png,84,80,71,74,77
TG30_I013,ab000030,2,MAD,3,results_b200_2/intent4_qwen38_27b_30task_3seed_5r/repeat_2/shards/q38b/MAD/problems/ab000030/candidates/r3.png,88,85,86,83,86
TG30_I014,ab000030,0,AXES,4,results_b200_2/intent4_qwen38_27b_30task_3seed_5r/repeat_0/shards/q38b/AXES/problems/ab000030/candidates/r4.png,94,90,91,92,92
TG30_I015,ab000030,0,SELF,5,results_b200_2/intent4_qwen38_27b_30task_3seed_5r/repeat_0/shards/q38b/SELF/problems/ab000030/candidates/r5.png,80,76,67,70,73
TG30_I016,ab000030,0,MAD,4,results_b200_2/intent4_qwen38_27b_30task_3seed_5r/repeat_0/shards/q38b/MAD/problems/ab000030/candidates/r4.png,89,86,87,84,87
TG30_I017,ab000030,2,SELF,4,results_b200_2/intent4_qwen38_27b_30task_3seed_5r/repeat_2/shards/q38b/SELF/problems/ab000030/candidates/r4.png,84,80,71,74,77
TG30_I018,ab000030,0,CEN_MAD,2,results_b200_2/intent4_qwen38_27b_30task_3seed_5r/repeat_0/shards/q38b/CEN_MAD/problems/ab000030/candidates/r2.png,92,88,89,90,90
TG30_I019,ab000030,0,CEN_MAD,3,results_b200_2/intent4_qwen38_27b_30task_3seed_5r/repeat_0/shards/q38b/CEN_MAD/problems/ab000030/candidates/r3.png,90,87,88,85,88
TG30_I020,ab000030,0,AXES,2,results_b200_2/intent4_qwen38_27b_30task_3seed_5r/repeat_0/shards/q38b/AXES/problems/ab000030/candidates/r2.png,80,76,67,70,73
TG30_I021,ab000030,1,MAD,3,results_b200_2/intent4_qwen38_27b_30task_3seed_5r/repeat_1/shards/q38b/MAD/problems/ab000030/candidates/r3.png,89,86,87,84,87
TG30_I022,ab000030,2,FUSED,3,results_b200_2/intent4_qwen38_27b_30task_3seed_5r/repeat_2/shards/q38b/FUSED/problems/ab000030/candidates/r3.png,95,91,92,93,93
TG30_I023,ab000030,1,CEN_MAD,1,results_b200_2/intent4_qwen38_27b_30task_3seed_5r/repeat_1/shards/q38b/CEN_MAD/problems/ab000030/candidates/r1.png,81,77,68,71,74
TG30_I024,ab000030,2,CEN_MAD,3,results_b200_2/intent4_qwen38_27b_30task_3seed_5r/repeat_2/shards/q38b/CEN_MAD/problems/ab000030/candidates/r3.png,90,87,88,85,88
TG30_I025,ab000030,1,MAD,4,results_b200_2/intent4_qwen38_27b_30task_3seed_5r/repeat_1/shards/q38b/MAD/problems/ab000030/candidates/r4.png,87,84,85,82,85
TG30_I026,ab000030,1,MAD,2,results_b200_2/intent4_qwen38_27b_30task_3seed_5r/repeat_1/shards/q38b/MAD/problems/ab000030/candidates/r2.png,82,78,69,72,75
TG30_I027,ab000030,1,SELF,4,results_b200_2/intent4_qwen38_27b_30task_3seed_5r/repeat_1/shards/q38b/SELF/problems/ab000030/candidates/r4.png,95,91,92,93,93
TG30_I028,ab000030,2,AXES,3,results_b200_2/intent4_qwen38_27b_30task_3seed_5r/repeat_2/shards/q38b/AXES/problems/ab000030/candidates/r3.png,88,85,86,83,86
TG30_I029,ab000030,2,AXES,1,results_b200_2/intent4_qwen38_27b_30task_3seed_5r/repeat_2/shards/q38b/AXES/problems/ab000030/candidates/r1.png,83,79,70,73,76
TG30_I030,ab000030,2,MAD,5,results_b200_2/intent4_qwen38_27b_30task_3seed_5r/repeat_2/shards/q38b/MAD/problems/ab000030/candidates/r5.png,87,84,85,82,85
TG30_I031,ab000030,0,MAD,5,results_b200_2/intent4_qwen38_27b_30task_3seed_5r/repeat_0/shards/q38b/MAD/problems/ab000030/candidates/r5.png,93,89,90,91,91
TG30_I032,ab000030,0,SELF,3,results_b200_2/intent4_qwen38_27b_30task_3seed_5r/repeat_0/shards/q38b/SELF/problems/ab000030/candidates/r3.png,84,80,71,74,77
TG30_I033,ab000030,1,SELF,5,results_b200_2/intent4_qwen38_27b_30task_3seed_5r/repeat_1/shards/q38b/SELF/problems/ab000030/candidates/r5.png,88,85,86,83,86
TG30_I034,ab000030,1,FUSED,3,results_b200_2/intent4_qwen38_27b_30task_3seed_5r/repeat_1/shards/q38b/FUSED/problems/ab000030/candidates/r3.png,94,90,91,92,92
TG30_I035,ab000030,0,SELF,4,results_b200_2/intent4_qwen38_27b_30task_3seed_5r/repeat_0/shards/q38b/SELF/problems/ab000030/candidates/r4.png,80,76,67,70,73
TG30_I036,ab000030,0,FUSED,5,results_b200_2/intent4_qwen38_27b_30task_3seed_5r/repeat_0/shards/q38b/FUSED/problems/ab000030/candidates/r5.png,89,86,87,84,87
TG30_I037,ab000030,1,MAD,1,results_b200_2/intent4_qwen38_27b_30task_3seed_5r/repeat_1/shards/q38b/MAD/problems/ab000030/candidates/r1.png,91,88,89,86,89
TG30_I038,ab000030,0,MAD,2,results_b200_2/intent4_qwen38_27b_30task_3seed_5r/repeat_0/shards/q38b/MAD/problems/ab000030/candidates/r2.png,81,77,68,71,74
TG30_I039,ab000030,0,MAD,1,results_b200_2/intent4_qwen38_27b_30task_3seed_5r/repeat_0/shards/q38b/MAD/problems/ab000030/candidates/r1.png,94,90,91,92,92
TG30_I040,ab000030,2,CEN_MAD,2,results_b200_2/intent4_qwen38_27b_30task_3seed_5r/repeat_2/shards/q38b/CEN_MAD/problems/ab000030/candidates/r2.png,87,84,85,82,85
TG30_I041,ab000030,2,R0,0,results_b200_2/intent4_qwen38_27b_30task_3seed_5r/repeat_2/shards/q38b/SELF/problems/ab000030/candidates/r0.png,82,78,69,72,75
TG30_I042,ab000030,1,FUSED,2,results_b200_2/intent4_qwen38_27b_30task_3seed_5r/repeat_1/shards/q38b/FUSED/problems/ab000030/candidates/r2.png,91,88,89,86,89
TG30_I043,ab000030,1,AXES,3,results_b200_2/intent4_qwen38_27b_30task_3seed_5r/repeat_1/shards/q38b/AXES/problems/ab000030/candidates/r3.png,92,88,89,90,90
TG30_I044,ab000030,1,CEN_MAD,3,results_b200_2/intent4_qwen38_27b_30task_3seed_5r/repeat_1/shards/q38b/CEN_MAD/problems/ab000030/candidates/r3.png,83,79,70,73,76
TG30_I045,ab000030,2,SELF,1,results_b200_2/intent4_qwen38_27b_30task_3seed_5r/repeat_2/shards/q38b/SELF/problems/ab000030/candidates/r1.png,87,84,85,82,85
TG30_I046,ab000030,1,MAD,5,results_b200_2/intent4_qwen38_27b_30task_3seed_5r/repeat_1/shards/q38b/MAD/problems/ab000030/candidates/r5.png,82,78,69,72,75
TG30_I047,ab000030,2,AXES,5,results_b200_2/intent4_qwen38_27b_30task_3seed_5r/repeat_2/shards/q38b/AXES/problems/ab000030/candidates/r5.png,95,91,92,93,93
TG30_I048,ab000030,1,SELF,3,results_b200_2/intent4_qwen38_27b_30task_3seed_5r/repeat_1/shards/q38b/SELF/problems/ab000030/candidates/r3.png,88,85,86,83,86
TG30_I049,ab000030,1,FUSED,5,results_b200_2/intent4_qwen38_27b_30task_3seed_5r/repeat_1/shards/q38b/FUSED/problems/ab000030/candidates/r5.png,83,79,70,73,76
TG30_I050,ab000030,0,FUSED,3,results_b200_2/intent4_qwen38_27b_30task_3seed_5r/repeat_0/shards/q38b/FUSED/problems/ab000030/candidates/r3.png,87,84,85,82,85
TG30_I051,ab000030,2,AXES,4,results_b200_2/intent4_qwen38_27b_30task_3seed_5r/repeat_2/shards/q38b/AXES/problems/ab000030/candidates/r4.png,93,89,90,91,91
TG30_I052,ab000030,2,FUSED,1,results_b200_2/intent4_qwen38_27b_30task_3seed_5r/repeat_2/shards/q38b/FUSED/problems/ab000030/candidates/r1.png,84,80,71,74,77
TG30_I053,ab000030,0,FUSED,4,results_b200_2/intent4_qwen38_27b_30task_3seed_5r/repeat_0/shards/q38b/FUSED/problems/ab000030/candidates/r4.png,88,85,86,83,86
TG30_I054,ab000030,2,FUSED,4,results_b200_2/intent4_qwen38_27b_30task_3seed_5r/repeat_2/shards/q38b/FUSED/problems/ab000030/candidates/r4.png,94,90,91,92,92
TG30_I055,ab000030,2,MAD,1,results_b200_2/intent4_qwen38_27b_30task_3seed_5r/repeat_2/shards/q38b/MAD/problems/ab000030/candidates/r1.png,80,76,67,70,73
TG30_I056,ab000030,2,MAD,2,results_b200_2/intent4_qwen38_27b_30task_3seed_5r/repeat_2/shards/q38b/MAD/problems/ab000030/candidates/r2.png,89,86,87,84,87
TG30_I057,ab000030,2,SELF,3,results_b200_2/intent4_qwen38_27b_30task_3seed_5r/repeat_2/shards/q38b/SELF/problems/ab000030/candidates/r3.png,95,91,92,93,93
TG30_I058,ab000030,0,MAD,3,results_b200_2/intent4_qwen38_27b_30task_3seed_5r/repeat_0/shards/q38b/MAD/problems/ab000030/candidates/r3.png,81,77,68,71,74
TG30_I059,ab000030,1,CEN_MAD,5,results_b200_2/intent4_qwen38_27b_30task_3seed_5r/repeat_1/shards/q38b/CEN_MAD/problems/ab000030/candidates/r5.png,90,87,88,85,88
TG30_I060,ab000030,0,SELF,1,results_b200_2/intent4_qwen38_27b_30task_3seed_5r/repeat_0/shards/q38b/SELF/problems/ab000030/candidates/r1.png,91,87,88,89,89
TG30_I061,ab000030,2,SELF,5,results_b200_2/intent4_qwen38_27b_30task_3seed_5r/repeat_2/shards/q38b/SELF/problems/ab000030/candidates/r5.png,82,78,69,72,75
TG30_I062,ab000030,0,R0,0,results_b200_2/intent4_qwen38_27b_30task_3seed_5r/repeat_0/shards/q38b/SELF/problems/ab000030/candidates/r0.png,91,88,89,86,89
TG30_I063,ab000030,0,AXES,3,results_b200_2/intent4_qwen38_27b_30task_3seed_5r/repeat_0/shards/q38b/AXES/problems/ab000030/candidates/r3.png,81,77,68,71,74
TG30_I064,ab000030,0,CEN_MAD,4,results_b200_2/intent4_qwen38_27b_30task_3seed_5r/repeat_0/shards/q38b/CEN_MAD/problems/ab000030/candidates/r4.png,94,90,91,92,92
TG30_I065,ab000030,1,SELF,1,results_b200_2/intent4_qwen38_27b_30task_3seed_5r/repeat_1/shards/q38b/SELF/problems/ab000030/candidates/r1.png,87,84,85,82,85
TG30_I066,ab000030,1,CEN_MAD,2,results_b200_2/intent4_qwen38_27b_30task_3seed_5r/repeat_1/shards/q38b/CEN_MAD/problems/ab000030/candidates/r2.png,82,78,69,72,75
TG30_I067,ab000030,2,CEN_MAD,5,results_b200_2/intent4_qwen38_27b_30task_3seed_5r/repeat_2/shards/q38b/CEN_MAD/problems/ab000030/candidates/r5.png,95,91,92,93,93
TG30_I068,ab000030,1,AXES,5,results_b200_2/intent4_qwen38_27b_30task_3seed_5r/repeat_1/shards/q38b/AXES/problems/ab000030/candidates/r5.png,88,85,86,83,86
TG30_I069,ab000030,1,FUSED,1,results_b200_2/intent4_qwen38_27b_30task_3seed_5r/repeat_1/shards/q38b/FUSED/problems/ab000030/candidates/r1.png,83,79,70,73,76
TG30_I070,ab000030,1,AXES,2,results_b200_2/intent4_qwen38_27b_30task_3seed_5r/repeat_1/shards/q38b/AXES/problems/ab000030/candidates/r2.png,87,84,85,82,85
TG30_I071,ab000030,1,AXES,1,results_b200_2/intent4_qwen38_27b_30task_3seed_5r/repeat_1/shards/q38b/AXES/problems/ab000030/candidates/r1.png,93,89,90,91,91
TG30_I072,ab000030,2,FUSED,2,results_b200_2/intent4_qwen38_27b_30task_3seed_5r/repeat_2/shards/q38b/FUSED/problems/ab000030/candidates/r2.png,84,80,71,74,77
TG30_I073,ab000030,2,MAD,4,results_b200_2/intent4_qwen38_27b_30task_3seed_5r/repeat_2/shards/q38b/MAD/problems/ab000030/candidates/r4.png,88,85,86,83,86
TG30_I074,ab000030,1,SELF,2,results_b200_2/intent4_qwen38_27b_30task_3seed_5r/repeat_1/shards/q38b/SELF/problems/ab000030/candidates/r2.png,94,90,91,92,92
TG30_I075,ab000030,1,FUSED,4,results_b200_2/intent4_qwen38_27b_30task_3seed_5r/repeat_1/shards/q38b/FUSED/problems/ab000030/candidates/r4.png,80,76,67,70,73
TG30_I076,ab000030,0,AXES,5,results_b200_2/intent4_qwen38_27b_30task_3seed_5r/repeat_0/shards/q38b/AXES/problems/ab000030/candidates/r5.png,89,86,87,84,87
TG30_I077,ab000030,1,R0,0,results_b200_2/intent4_qwen38_27b_30task_3seed_5r/repeat_1/shards/q38b/SELF/problems/ab000030/candidates/r0.png,84,80,71,74,77
TG30_I078,ab000030,0,SELF,2,results_b200_2/intent4_qwen38_27b_30task_3seed_5r/repeat_0/shards/q38b/SELF/problems/ab000030/candidates/r2.png,92,88,89,90,90
