blind_id,task,condition,round,source,brief,visual_concept_imagery_score,visual_concept_imagery_reason,composition_hierarchy_score,composition_hierarchy_reason,typography_integration_score,typography_integration_reason,color_atmosphere_craft_score,color_atmosphere_craft_reason,overall_score,overall_reason
PG01_I01,task_01,FUSED,4,results_b200_3/poster_aesthetic5/qwen38/experiment/FUSED/task_01/round_04/render.png,"Create a visually striking public-awareness poster for a wildfire prevention campaign. The poster should communicate that a single careless action can threaten an entire mountain landscape. Develop a memorable central visual involving a forested mountain, smoke, fire, or another meaningful representation of wildfire risk. The image may be realistic, illustrative, symbolic, or abstract, but it should feel emotionally immediate and specific to the subject. Required text: ONE SPARK IS ENOUGH; Check conditions. Extinguish completely. Protect the wild.; National Forest Safety Initiative. The poster should feel urgent without becoming sensational, graphic, or visually chaotic. It must work as a compelling campaign image when seen from a distance, while keeping every required line readable. Do not design a dashboard, webpage, collection of cards, or informational interface. Create one unified poster composition.",76,"The contiguous line of burning trees makes the scale of one ignition legible, though the helicopter-like object muddies the causal idea.",84,"The long fire band dominates immediately, while the locomotive-like silhouette and arcing embers drive a clear left-to-right path between headline and footer.",72,"The orange emphasis in SPARK gives the headline subject-specific force, though the underline and tight overlap make the word slightly busy; all required copy is clear.",78,"The ember orange, soot black, and dim red halo create controlled urgency, with crisp layered silhouettes and a convincing lantern glow.",76,"The strongest evidence is in composition (84): The long fire band dominates immediately, while the locomotive-like silhouette and arcing embers drive a clear left-to-right path between headline and footer. The principal limitation is typography (72): The orange emphasis in SPARK gives the headline subject-specific force, though the underline and tight overlap make the word slightly busy; all required copy is clear. The remaining evidence is composition 84, concept 76, typography 72, and craft 78. Holistically, the composition strength helps, but the weaker typography dimension keeps the poster from fully resolving as one system."
PG01_I02,task_01,AXES,3,results_b200_3/poster_aesthetic5/qwen38/experiment/AXES/task_01/round_03/render.png,"Create a visually striking public-awareness poster for a wildfire prevention campaign. The poster should communicate that a single careless action can threaten an entire mountain landscape. Develop a memorable central visual involving a forested mountain, smoke, fire, or another meaningful representation of wildfire risk. The image may be realistic, illustrative, symbolic, or abstract, but it should feel emotionally immediate and specific to the subject. Required text: ONE SPARK IS ENOUGH; Check conditions. Extinguish completely. Protect the wild.; National Forest Safety Initiative. The poster should feel urgent without becoming sensational, graphic, or visually chaotic. It must work as a compelling campaign image when seen from a distance, while keeping every required line readable. Do not design a dashboard, webpage, collection of cards, or informational interface. Create one unified poster composition.",82,A tiny bright spark blooming into a triangular fire front gives the campaign a clear and immediate cause-to-catastrophe image.,86,"The off-center fire wedge creates strong directional tension, and the rising sparks bridge the broad mountain field to the restrained headline and footer.",79,"Wide tracking gives the warning a measured, distant-read authority, and the centered action line and issuer form a clean hierarchy with complete copy.",84,"The indigo night against a concentrated orange fire produces strong chromatic tension, while sparks and smoke add depth without clutter.",82,"The strongest evidence is in composition (86): The off-center fire wedge creates strong directional tension, and the rising sparks bridge the broad mountain field to the restrained headline and footer. The principal limitation is typography (79): Wide tracking gives the warning a measured, distant-read authority, and the centered action line and issuer form a clean hierarchy with complete copy. The remaining evidence is composition 86, concept 82, typography 79, and craft 84. Holistically, the composition strength helps, but the weaker typography dimension keeps the poster from fully resolving as one system."
PG01_I03,task_01,R0,0,results_b200_3/poster_aesthetic5/qwen38/experiment/SELF/task_01/r0.png,"Create a visually striking public-awareness poster for a wildfire prevention campaign. The poster should communicate that a single careless action can threaten an entire mountain landscape. Develop a memorable central visual involving a forested mountain, smoke, fire, or another meaningful representation of wildfire risk. The image may be realistic, illustrative, symbolic, or abstract, but it should feel emotionally immediate and specific to the subject. Required text: ONE SPARK IS ENOUGH; Check conditions. Extinguish completely. Protect the wild.; National Forest Safety Initiative. The poster should feel urgent without becoming sensational, graphic, or visually chaotic. It must work as a compelling campaign image when seen from a distance, while keeping every required line readable. Do not design a dashboard, webpage, collection of cards, or informational interface. Create one unified poster composition.",70,"The isolated spark above a neat row of flames communicates ignition clearly, but the diagrammatic repetition feels generic and emotionally distant.",68,"Layered ridges give depth, but the evenly spaced central flames and centered moon produce a static, emblem-like composition with limited viewer movement.",82,"The compact headline, fine rule, and strong lower information band create excellent hierarchy; every required line is complete and comfortably readable.",72,"The restrained brown gradient and repeated flame columns are coherent but overly soft and synthetic, limiting texture and danger.",71,"The strongest evidence is in typography (82): The compact headline, fine rule, and strong lower information band create excellent hierarchy; every required line is complete and comfortably readable. The principal limitation is composition (68): Layered ridges give depth, but the evenly spaced central flames and centered moon produce a static, emblem-like composition with limited viewer movement. The remaining evidence is composition 68, concept 70, typography 82, and craft 72. Holistically, the typography strength helps, but the weaker composition dimension keeps the poster from fully resolving as one system."
PG01_I04,task_01,FUSED,2,results_b200_3/poster_aesthetic5/qwen38/experiment/FUSED/task_01/round_02/render.png,"Create a visually striking public-awareness poster for a wildfire prevention campaign. The poster should communicate that a single careless action can threaten an entire mountain landscape. Develop a memorable central visual involving a forested mountain, smoke, fire, or another meaningful representation of wildfire risk. The image may be realistic, illustrative, symbolic, or abstract, but it should feel emotionally immediate and specific to the subject. Required text: ONE SPARK IS ENOUGH; Check conditions. Extinguish completely. Protect the wild.; National Forest Safety Initiative. The poster should feel urgent without becoming sensational, graphic, or visually chaotic. It must work as a compelling campaign image when seen from a distance, while keeping every required line readable. Do not design a dashboard, webpage, collection of cards, or informational interface. Create one unified poster composition.",76,"The contiguous line of burning trees makes the scale of one ignition legible, though the helicopter-like object muddies the causal idea.",84,A forceful horizontal blaze anchors the lower half and the dark vehicle counterweight gives the otherwise centered layout useful narrative asymmetry.,70,"The orange SPARK integration is expressive, but the overlapping spark mark compromises letter clarity and the lower copy behaves like a standard footer.",79,"The dark umber field and intense orange fire line feel immediate and consistent, though several flame edges look mechanically repeated.",76,"The strongest evidence is in composition (84): A forceful horizontal blaze anchors the lower half and the dark vehicle counterweight gives the otherwise centered layout useful narrative asymmetry. The principal limitation is typography (70): The orange SPARK integration is expressive, but the overlapping spark mark compromises letter clarity and the lower copy behaves like a standard footer. The remaining evidence is composition 84, concept 76, typography 70, and craft 79. Holistically, the composition strength helps, but the weaker typography dimension keeps the poster from fully resolving as one system."
PG01_I05,task_01,FUSED,1,results_b200_3/poster_aesthetic5/qwen38/experiment/FUSED/task_01/round_01/render.png,"Create a visually striking public-awareness poster for a wildfire prevention campaign. The poster should communicate that a single careless action can threaten an entire mountain landscape. Develop a memorable central visual involving a forested mountain, smoke, fire, or another meaningful representation of wildfire risk. The image may be realistic, illustrative, symbolic, or abstract, but it should feel emotionally immediate and specific to the subject. Required text: ONE SPARK IS ENOUGH; Check conditions. Extinguish completely. Protect the wild.; National Forest Safety Initiative. The poster should feel urgent without becoming sensational, graphic, or visually chaotic. It must work as a compelling campaign image when seen from a distance, while keeping every required line readable. Do not design a dashboard, webpage, collection of cards, or informational interface. Create one unified poster composition.",75,"The single glowing source hovering over a widening flame pyramid directly supports the slogan, but the image remains more illustrative than metaphorically memorable.",74,"The compact flame row is well framed by converging ridges and ample sky, though its strict centering makes the hierarchy more tidy than urgent.",84,"A crisp, widely tracked headline and disciplined footer spacing make all required wording immediately legible and well matched to the restrained image.",81,"The warm fire band is cleanly separated from the smoky brown landscape, and the small ignition glow adds a polished focal accent.",77,"The strongest evidence is in typography (84): A crisp, widely tracked headline and disciplined footer spacing make all required wording immediately legible and well matched to the restrained image. The principal limitation is composition (74): The compact flame row is well framed by converging ridges and ample sky, though its strict centering makes the hierarchy more tidy than urgent. The remaining evidence is composition 74, concept 75, typography 84, and craft 81. Holistically, the typography strength helps, but the weaker composition dimension keeps the poster from fully resolving as one system."
PG01_I06,task_01,SELF,1,results_b200_3/poster_aesthetic5/qwen38/experiment/SELF/task_01/round_01/render.png,"Create a visually striking public-awareness poster for a wildfire prevention campaign. The poster should communicate that a single careless action can threaten an entire mountain landscape. Develop a memorable central visual involving a forested mountain, smoke, fire, or another meaningful representation of wildfire risk. The image may be realistic, illustrative, symbolic, or abstract, but it should feel emotionally immediate and specific to the subject. Required text: ONE SPARK IS ENOUGH; Check conditions. Extinguish completely. Protect the wild.; National Forest Safety Initiative. The poster should feel urgent without becoming sensational, graphic, or visually chaotic. It must work as a compelling campaign image when seen from a distance, while keeping every required line readable. Do not design a dashboard, webpage, collection of cards, or informational interface. Create one unified poster composition.",70,"The isolated spark above a neat row of flames communicates ignition clearly, but the diagrammatic repetition feels generic and emotionally distant.",68,"Layered ridges give depth, but the evenly spaced central flames and centered moon produce a static, emblem-like composition with limited viewer movement.",82,"The headline and orange rule establish a refined warning voice, while the two-tier footer keeps all required text legible without competing.",72,"The restrained brown gradient and repeated flame columns are coherent but overly soft and synthetic, limiting texture and danger.",71,"The strongest evidence is in typography (82): The headline and orange rule establish a refined warning voice, while the two-tier footer keeps all required text legible without competing. The principal limitation is composition (68): Layered ridges give depth, but the evenly spaced central flames and centered moon produce a static, emblem-like composition with limited viewer movement. The remaining evidence is composition 68, concept 70, typography 82, and craft 72. Holistically, the typography strength helps, but the weaker composition dimension keeps the poster from fully resolving as one system."
PG01_I07,task_01,MAD,1,results_b200_3/poster_aesthetic5/qwen38/experiment/MAD/task_01/round_01/render.png,"Create a visually striking public-awareness poster for a wildfire prevention campaign. The poster should communicate that a single careless action can threaten an entire mountain landscape. Develop a memorable central visual involving a forested mountain, smoke, fire, or another meaningful representation of wildfire risk. The image may be realistic, illustrative, symbolic, or abstract, but it should feel emotionally immediate and specific to the subject. Required text: ONE SPARK IS ENOUGH; Check conditions. Extinguish completely. Protect the wild.; National Forest Safety Initiative. The poster should feel urgent without becoming sensational, graphic, or visually chaotic. It must work as a compelling campaign image when seen from a distance, while keeping every required line readable. Do not design a dashboard, webpage, collection of cards, or informational interface. Create one unified poster composition.",73,"The bright ignition point and compact blaze read instantly against the mountain layers, yet the small central incident lacks a distinctive visual turn.",67,"The narrow central ignition has clear dominance, yet excessive empty flanks and rigid vertical stacking leave the composition underactivated.",76,"The two-line headline has good scale and urgency, but the single-line action copy is cramped at the lower edge and the issuer line is effectively missing.",86,"The localized white-hot flame, amber smoke, and deep foreground blacks create excellent depth and a tense, cinematic finish.",73,"The strongest evidence is in craft (86): The localized white-hot flame, amber smoke, and deep foreground blacks create excellent depth and a tense, cinematic finish. The principal limitation is composition (67): The narrow central ignition has clear dominance, yet excessive empty flanks and rigid vertical stacking leave the composition underactivated. The remaining evidence is composition 67, concept 73, typography 76, and craft 86. Holistically, the craft strength helps, but the weaker composition dimension keeps the poster from fully resolving as one system."
PG01_I08,task_01,MAD,3,results_b200_3/poster_aesthetic5/qwen38/experiment/MAD/task_01/round_03/render.png,"Create a visually striking public-awareness poster for a wildfire prevention campaign. The poster should communicate that a single careless action can threaten an entire mountain landscape. Develop a memorable central visual involving a forested mountain, smoke, fire, or another meaningful representation of wildfire risk. The image may be realistic, illustrative, symbolic, or abstract, but it should feel emotionally immediate and specific to the subject. Required text: ONE SPARK IS ENOUGH; Check conditions. Extinguish completely. Protect the wild.; National Forest Safety Initiative. The poster should feel urgent without becoming sensational, graphic, or visually chaotic. It must work as a compelling campaign image when seen from a distance, while keeping every required line readable. Do not design a dashboard, webpage, collection of cards, or informational interface. Create one unified poster composition.",78,A concentrated vertical spark striking the mountain and radiating fire gives the warning a strong focal mechanism and credible landscape consequence.,72,"The centered flare and spotlight establish a strong focal column, but the lower copy compresses against the edge and the symmetry limits spatial surprise.",55,"The headline is readable and strong, but the action text is pushed into a clipped bottom stack and the issuer is cut off, breaking required-message integration.",85,"The glowing vertical fire and orange horizon bloom are atmospheric and well controlled, with good separation across the mountain layers.",69,"The strongest evidence is in craft (85): The glowing vertical fire and orange horizon bloom are atmospheric and well controlled, with good separation across the mountain layers. The principal limitation is typography (55): The headline is readable and strong, but the action text is pushed into a clipped bottom stack and the issuer is cut off, breaking required-message integration. The remaining evidence is composition 72, concept 78, typography 55, and craft 85. The typography failure is critical enough to cap the otherwise stronger poster."
PG01_I09,task_01,MAD,4,results_b200_3/poster_aesthetic5/qwen38/experiment/MAD/task_01/round_04/render.png,"Create a visually striking public-awareness poster for a wildfire prevention campaign. The poster should communicate that a single careless action can threaten an entire mountain landscape. Develop a memorable central visual involving a forested mountain, smoke, fire, or another meaningful representation of wildfire risk. The image may be realistic, illustrative, symbolic, or abstract, but it should feel emotionally immediate and specific to the subject. Required text: ONE SPARK IS ENOUGH; Check conditions. Extinguish completely. Protect the wild.; National Forest Safety Initiative. The poster should feel urgent without becoming sensational, graphic, or visually chaotic. It must work as a compelling campaign image when seen from a distance, while keeping every required line readable. Do not design a dashboard, webpage, collection of cards, or informational interface. Create one unified poster composition.",80,"The needle-like spark descending into a glowing mountain wound is a focused, memorable representation of one action endangering an entire range.",76,"The bright central eruption is strongly framed by dark foreground silhouettes, creating depth and a direct descent from headline to flame to footer.",74,"The centered two-line headline is direct and the action stack is readable, but the issuer is tiny at the trim and the treatment remains fairly generic.",87,"The white-hot core, red-orange terrain glow, and black forest edge create the strongest dramatic depth, with cleanly resolved light falloff.",78,"The strongest evidence is in craft (87): The white-hot core, red-orange terrain glow, and black forest edge create the strongest dramatic depth, with cleanly resolved light falloff. The principal limitation is typography (74): The centered two-line headline is direct and the action stack is readable, but the issuer is tiny at the trim and the treatment remains fairly generic. The remaining evidence is composition 76, concept 80, typography 74, and craft 87. Holistically, the craft strength helps, but the weaker typography dimension keeps the poster from fully resolving as one system."
PG01_I10,task_01,AXES,2,results_b200_3/poster_aesthetic5/qwen38/experiment/AXES/task_01/round_02/render.png,"Create a visually striking public-awareness poster for a wildfire prevention campaign. The poster should communicate that a single careless action can threaten an entire mountain landscape. Develop a memorable central visual involving a forested mountain, smoke, fire, or another meaningful representation of wildfire risk. The image may be realistic, illustrative, symbolic, or abstract, but it should feel emotionally immediate and specific to the subject. Required text: ONE SPARK IS ENOUGH; Check conditions. Extinguish completely. Protect the wild.; National Forest Safety Initiative. The poster should feel urgent without becoming sensational, graphic, or visually chaotic. It must work as a compelling campaign image when seen from a distance, while keeping every required line readable. Do not design a dashboard, webpage, collection of cards, or informational interface. Create one unified poster composition.",82,A tiny bright spark blooming into a triangular fire front gives the campaign a clear and immediate cause-to-catastrophe image.,87,"A sharply asymmetric fire mass sweeps across the ridges, with sparks extending the motion upward and giving the poster a decisive diagonal viewing path.",80,"Generous tracking, centered alignment, and clear footer tiers give the full required message a calm but authoritative campaign cadence.",84,"The indigo-to-brown sky and bright orange fire create vivid night contrast, with sparks and atmospheric bloom handled cleanly.",84,"The strongest evidence is in composition (87): A sharply asymmetric fire mass sweeps across the ridges, with sparks extending the motion upward and giving the poster a decisive diagonal viewing path. The principal limitation is typography (80): Generous tracking, centered alignment, and clear footer tiers give the full required message a calm but authoritative campaign cadence. The remaining evidence is composition 87, concept 82, typography 80, and craft 84. Holistically, the composition strength helps, but the weaker typography dimension keeps the poster from fully resolving as one system."
PG01_I11,task_01,CEN_MAD,4,results_b200_3/poster_aesthetic5/qwen38/experiment/CEN_MAD/task_01/round_04/render.png,"Create a visually striking public-awareness poster for a wildfire prevention campaign. The poster should communicate that a single careless action can threaten an entire mountain landscape. Develop a memorable central visual involving a forested mountain, smoke, fire, or another meaningful representation of wildfire risk. The image may be realistic, illustrative, symbolic, or abstract, but it should feel emotionally immediate and specific to the subject. Required text: ONE SPARK IS ENOUGH; Check conditions. Extinguish completely. Protect the wild.; National Forest Safety Initiative. The poster should feel urgent without becoming sensational, graphic, or visually chaotic. It must work as a compelling campaign image when seen from a distance, while keeping every required line readable. Do not design a dashboard, webpage, collection of cards, or informational interface. Create one unified poster composition.",88,The lone ember tracing a path toward a dark mountain turns the slogan into a restrained but potent visual metaphor of imminent ignition.,90,"The steep dark slope and tiny descending spark use scale and negative space exceptionally well, creating suspense before the eye lands on the compact lower information block.",86,Strong left alignment turns the headline and three imperative lines into a purposeful reading sequence; all copy is complete and unusually legible.,83,The nearly monochrome ravine treatment is dramatically restrained; the tiny ember and fine smoke trail feel precise and ominous.,88,"The strongest evidence is in composition (90): The steep dark slope and tiny descending spark use scale and negative space exceptionally well, creating suspense before the eye lands on the compact lower information block. The principal limitation is craft (83): The nearly monochrome ravine treatment is dramatically restrained; the tiny ember and fine smoke trail feel precise and ominous. The remaining evidence is composition 90, concept 88, typography 86, and craft 83. Holistically, the composition strength helps, but the weaker craft dimension keeps the poster from fully resolving as one system."
PG01_I12,task_01,SELF,2,results_b200_3/poster_aesthetic5/qwen38/experiment/SELF/task_01/round_02/render.png,"Create a visually striking public-awareness poster for a wildfire prevention campaign. The poster should communicate that a single careless action can threaten an entire mountain landscape. Develop a memorable central visual involving a forested mountain, smoke, fire, or another meaningful representation of wildfire risk. The image may be realistic, illustrative, symbolic, or abstract, but it should feel emotionally immediate and specific to the subject. Required text: ONE SPARK IS ENOUGH; Check conditions. Extinguish completely. Protect the wild.; National Forest Safety Initiative. The poster should feel urgent without becoming sensational, graphic, or visually chaotic. It must work as a compelling campaign image when seen from a distance, while keeping every required line readable. Do not design a dashboard, webpage, collection of cards, or informational interface. Create one unified poster composition.",71,"The row of flames beneath a single light is clear but overly schematic, offering little sense of the forest or the cascading threat.",70,"The centered flame row is balanced and spacious, but repeated equal forms and horizontal bands make the layout feel predictable rather than deliberately tense.",82,"The spaced headline and rule are elegant, and the action line plus issuer are complete, but the arrangement is conventional rather than image-responsive.",75,"The muted brown-on-brown palette is cohesive, but the repeated flames and hazy central orb feel generic and under-resolved.",73,"The strongest evidence is in typography (82): The spaced headline and rule are elegant, and the action line plus issuer are complete, but the arrangement is conventional rather than image-responsive. The principal limitation is composition (70): The centered flame row is balanced and spacious, but repeated equal forms and horizontal bands make the layout feel predictable rather than deliberately tense. The remaining evidence is composition 70, concept 71, typography 82, and craft 75. Holistically, the typography strength helps, but the weaker composition dimension keeps the poster from fully resolving as one system."
PG01_I13,task_01,CEN_MAD,1,results_b200_3/poster_aesthetic5/qwen38/experiment/CEN_MAD/task_01/round_01/render.png,"Create a visually striking public-awareness poster for a wildfire prevention campaign. The poster should communicate that a single careless action can threaten an entire mountain landscape. Develop a memorable central visual involving a forested mountain, smoke, fire, or another meaningful representation of wildfire risk. The image may be realistic, illustrative, symbolic, or abstract, but it should feel emotionally immediate and specific to the subject. Required text: ONE SPARK IS ENOUGH; Check conditions. Extinguish completely. Protect the wild.; National Forest Safety Initiative. The poster should feel urgent without becoming sensational, graphic, or visually chaotic. It must work as a compelling campaign image when seen from a distance, while keeping every required line readable. Do not design a dashboard, webpage, collection of cards, or informational interface. Create one unified poster composition.",81,"The oversized vertical flare piercing the mountain makes ignition feel monumental and dangerous, although its abstract form is slightly ambiguous.",78,"The oversized vertical flame interrupts the calm horizontal landscape with convincing scale contrast, though its dead-center placement keeps the path overly axial.",80,"The headline is integrated across the flare with useful tension, while the action line and issuer remain clear; slight glow interference reduces headline precision.",88,"The towering flame has convincing luminous layering and heat variation, producing a forceful atmosphere with unusually polished glow work.",80,"The strongest evidence is in craft (88): The towering flame has convincing luminous layering and heat variation, producing a forceful atmosphere with unusually polished glow work. The principal limitation is composition (78): The oversized vertical flame interrupts the calm horizontal landscape with convincing scale contrast, though its dead-center placement keeps the path overly axial. The remaining evidence is composition 78, concept 81, typography 80, and craft 88. Holistically, the craft strength helps, but the weaker composition dimension keeps the poster from fully resolving as one system."
PG01_I14,task_01,SELF,4,results_b200_3/poster_aesthetic5/qwen38/experiment/SELF/task_01/round_04/render.png,"Create a visually striking public-awareness poster for a wildfire prevention campaign. The poster should communicate that a single careless action can threaten an entire mountain landscape. Develop a memorable central visual involving a forested mountain, smoke, fire, or another meaningful representation of wildfire risk. The image may be realistic, illustrative, symbolic, or abstract, but it should feel emotionally immediate and specific to the subject. Required text: ONE SPARK IS ENOUGH; Check conditions. Extinguish completely. Protect the wild.; National Forest Safety Initiative. The poster should feel urgent without becoming sensational, graphic, or visually chaotic. It must work as a compelling campaign image when seen from a distance, while keeping every required line readable. Do not design a dashboard, webpage, collection of cards, or informational interface. Create one unified poster composition.",71,"The row of flames beneath a single light is clear but overly schematic, offering little sense of the forest or the cascading threat.",70,"Clear bands and generous margins support legibility, but the small, evenly spaced central flames lack enough scale contrast to command the whole field.",84,"Excellent scale, spacing, and line separation make the required warning read instantly, with the orange rule connecting headline and footer systems.",76,"The sepia landscape is consistent and readable, though modest tonal separation and formulaic flame icons make the surface feel flat.",74,"The strongest evidence is in typography (84): Excellent scale, spacing, and line separation make the required warning read instantly, with the orange rule connecting headline and footer systems. The principal limitation is composition (70): Clear bands and generous margins support legibility, but the small, evenly spaced central flames lack enough scale contrast to command the whole field. The remaining evidence is composition 70, concept 71, typography 84, and craft 76. Holistically, the typography strength helps, but the weaker composition dimension keeps the poster from fully resolving as one system."
PG01_I15,task_01,MAD,5,results_b200_3/poster_aesthetic5/qwen38/experiment/MAD/task_01/round_05/render.png,"Create a visually striking public-awareness poster for a wildfire prevention campaign. The poster should communicate that a single careless action can threaten an entire mountain landscape. Develop a memorable central visual involving a forested mountain, smoke, fire, or another meaningful representation of wildfire risk. The image may be realistic, illustrative, symbolic, or abstract, but it should feel emotionally immediate and specific to the subject. Required text: ONE SPARK IS ENOUGH; Check conditions. Extinguish completely. Protect the wild.; National Forest Safety Initiative. The poster should feel urgent without becoming sensational, graphic, or visually chaotic. It must work as a compelling campaign image when seen from a distance, while keeping every required line readable. Do not design a dashboard, webpage, collection of cards, or informational interface. Create one unified poster composition.",83,The pinprick spark dropping into a vivid central blaze creates a strong cause-and-effect icon with convincing landscape scale.,75,"The flare, headline, and footer form a coherent vertical route, while the dark foreground adds weight; symmetry nonetheless makes the result somewhat conventional.",73,"The two-line headline is forceful and the three action lines read well, but the issuer is nearly lost against the bottom edge.",86,"The focused flame, orange mountain spill, and deep foreground silhouettes create rich spatial atmosphere with smooth, credible lighting.",78,"The strongest evidence is in craft (86): The focused flame, orange mountain spill, and deep foreground silhouettes create rich spatial atmosphere with smooth, credible lighting. The principal limitation is typography (73): The two-line headline is forceful and the three action lines read well, but the issuer is nearly lost against the bottom edge. The remaining evidence is composition 75, concept 83, typography 73, and craft 86. Holistically, the craft strength helps, but the weaker typography dimension keeps the poster from fully resolving as one system."
PG01_I16,task_01,CEN_MAD,2,results_b200_3/poster_aesthetic5/qwen38/experiment/CEN_MAD/task_01/round_02/render.png,"Create a visually striking public-awareness poster for a wildfire prevention campaign. The poster should communicate that a single careless action can threaten an entire mountain landscape. Develop a memorable central visual involving a forested mountain, smoke, fire, or another meaningful representation of wildfire risk. The image may be realistic, illustrative, symbolic, or abstract, but it should feel emotionally immediate and specific to the subject. Required text: ONE SPARK IS ENOUGH; Check conditions. Extinguish completely. Protect the wild.; National Forest Safety Initiative. The poster should feel urgent without becoming sensational, graphic, or visually chaotic. It must work as a compelling campaign image when seen from a distance, while keeping every required line readable. Do not design a dashboard, webpage, collection of cards, or informational interface. Create one unified poster composition.",84,"The falling flame-shaped ember poised over a densely patterned forest is specific, suspenseful, and closely tied to preventable risk.",85,The isolated flame against the rising diagonal forest creates excellent figure-ground tension and a strong sequence from title through ignition to footer.,77,The tracked headline sits cleanly above the central flare and all secondary copy is present; typography is controlled but only lightly expressive.,78,"The central flame has good luminous color modulation, but the serrated ridge treatment and heavy darkness make the finish feel less refined.",80,"The strongest evidence is in composition (85): The isolated flame against the rising diagonal forest creates excellent figure-ground tension and a strong sequence from title through ignition to footer. The principal limitation is typography (77): The tracked headline sits cleanly above the central flare and all secondary copy is present; typography is controlled but only lightly expressive. The remaining evidence is composition 85, concept 84, typography 77, and craft 78. Holistically, the composition strength helps, but the weaker typography dimension keeps the poster from fully resolving as one system."
PG01_I17,task_01,SELF,5,results_b200_3/poster_aesthetic5/qwen38/experiment/SELF/task_01/round_05/render.png,"Create a visually striking public-awareness poster for a wildfire prevention campaign. The poster should communicate that a single careless action can threaten an entire mountain landscape. Develop a memorable central visual involving a forested mountain, smoke, fire, or another meaningful representation of wildfire risk. The image may be realistic, illustrative, symbolic, or abstract, but it should feel emotionally immediate and specific to the subject. Required text: ONE SPARK IS ENOUGH; Check conditions. Extinguish completely. Protect the wild.; National Forest Safety Initiative. The poster should feel urgent without becoming sensational, graphic, or visually chaotic. It must work as a compelling campaign image when seen from a distance, while keeping every required line readable. Do not design a dashboard, webpage, collection of cards, or informational interface. Create one unified poster composition.",71,The repeated flame row conveys wildfire but treats the subject as a tidy symbol set rather than a memorable campaign image.,71,"The broad landscape and centered beacon are cleanly layered, but the equal flame rhythm and centered alignment remain visually cautious.",83,"A precise headline and strong bottom rule create a coherent campaign system, with complete, readable supporting copy and issuer.",77,"The repeated orange flames read clearly against layered browns, though the narrow tonal range and minimal texture feel somewhat sterile.",74,"The strongest evidence is in typography (83): A precise headline and strong bottom rule create a coherent campaign system, with complete, readable supporting copy and issuer. The principal limitation is concept (71): The repeated flame row conveys wildfire but treats the subject as a tidy symbol set rather than a memorable campaign image. The remaining evidence is composition 71, concept 71, typography 83, and craft 77. Holistically, the typography strength helps, but the weaker concept dimension keeps the poster from fully resolving as one system."
PG01_I18,task_01,AXES,5,results_b200_3/poster_aesthetic5/qwen38/experiment/AXES/task_01/round_05/render.png,"Create a visually striking public-awareness poster for a wildfire prevention campaign. The poster should communicate that a single careless action can threaten an entire mountain landscape. Develop a memorable central visual involving a forested mountain, smoke, fire, or another meaningful representation of wildfire risk. The image may be realistic, illustrative, symbolic, or abstract, but it should feel emotionally immediate and specific to the subject. Required text: ONE SPARK IS ENOUGH; Check conditions. Extinguish completely. Protect the wild.; National Forest Safety Initiative. The poster should feel urgent without becoming sensational, graphic, or visually chaotic. It must work as a compelling campaign image when seen from a distance, while keeping every required line readable. Do not design a dashboard, webpage, collection of cards, or informational interface. Create one unified poster composition.",79,"The diagonal sweep of fire consuming a forested slope conveys rapid spread and scale effectively, though the initiating action is less explicit.",82,"The enormous diagonal wall of fire creates emphatic scale escalation and momentum, though it overwhelms the lower information zone and leaves little secondary discovery.",76,"The large headline is clear and the boxed footer protects readability over the fire, but the box feels like a generic overlay rather than part of the image.",73,"The enormous yellow-orange fire mass is energetic, but clipped highlights and repetitive tree shapes create a coarse, overblown surface.",77,"The strongest evidence is in composition (82): The enormous diagonal wall of fire creates emphatic scale escalation and momentum, though it overwhelms the lower information zone and leaves little secondary discovery. The principal limitation is craft (73): The enormous yellow-orange fire mass is energetic, but clipped highlights and repetitive tree shapes create a coarse, overblown surface. The remaining evidence is composition 82, concept 79, typography 76, and craft 73. Holistically, the composition strength helps, but the weaker craft dimension keeps the poster from fully resolving as one system."
PG01_I19,task_01,SELF,3,results_b200_3/poster_aesthetic5/qwen38/experiment/SELF/task_01/round_03/render.png,"Create a visually striking public-awareness poster for a wildfire prevention campaign. The poster should communicate that a single careless action can threaten an entire mountain landscape. Develop a memorable central visual involving a forested mountain, smoke, fire, or another meaningful representation of wildfire risk. The image may be realistic, illustrative, symbolic, or abstract, but it should feel emotionally immediate and specific to the subject. Required text: ONE SPARK IS ENOUGH; Check conditions. Extinguish completely. Protect the wild.; National Forest Safety Initiative. The poster should feel urgent without becoming sensational, graphic, or visually chaotic. It must work as a compelling campaign image when seen from a distance, while keeping every required line readable. Do not design a dashboard, webpage, collection of cards, or informational interface. Create one unified poster composition.",71,The repeated flame row conveys wildfire but treats the subject as a tidy symbol set rather than a memorable campaign image.,69,"The composition is orderly and balanced, yet the moon, flame row, title, and footer repeat a safe central stack without a distinctive spatial gesture.",83,"Excellent headline tracking, separator rule, and footer scale establish immediate hierarchy while retaining every required line.",76,"The brown landscape and repeated flames are coherent, yet the central glow is bland and the overall finish lacks material nuance.",73,"The strongest evidence is in typography (83): Excellent headline tracking, separator rule, and footer scale establish immediate hierarchy while retaining every required line. The principal limitation is composition (69): The composition is orderly and balanced, yet the moon, flame row, title, and footer repeat a safe central stack without a distinctive spatial gesture. The remaining evidence is composition 69, concept 71, typography 83, and craft 76. Holistically, the typography strength helps, but the weaker composition dimension keeps the poster from fully resolving as one system."
PG01_I20,task_01,AXES,4,results_b200_3/poster_aesthetic5/qwen38/experiment/AXES/task_01/round_04/render.png,"Create a visually striking public-awareness poster for a wildfire prevention campaign. The poster should communicate that a single careless action can threaten an entire mountain landscape. Develop a memorable central visual involving a forested mountain, smoke, fire, or another meaningful representation of wildfire risk. The image may be realistic, illustrative, symbolic, or abstract, but it should feel emotionally immediate and specific to the subject. Required text: ONE SPARK IS ENOUGH; Check conditions. Extinguish completely. Protect the wild.; National Forest Safety Initiative. The poster should feel urgent without becoming sensational, graphic, or visually chaotic. It must work as a compelling campaign image when seen from a distance, while keeping every required line readable. Do not design a dashboard, webpage, collection of cards, or informational interface. Create one unified poster composition.",85,The dramatic diagonal boundary between intact and burning forest makes one advancing spark feel capable of erasing a whole landscape.,83,"The sweeping triangular blaze generates strong directional force and distance impact, balanced by dark foreground trees, despite crowding the right edge.",71,"The headline is clear, but the tiny low-contrast action and issuer lines recede too far against the large blaze and feel appended.",68,"The huge pale fire field overwhelms the palette, flattening depth and exposing repeated shapes despite strong hot-cool contrast.",75,"The strongest evidence is in concept (85): The dramatic diagonal boundary between intact and burning forest makes one advancing spark feel capable of erasing a whole landscape. The principal limitation is craft (68): The huge pale fire field overwhelms the palette, flattening depth and exposing repeated shapes despite strong hot-cool contrast. The remaining evidence is composition 83, concept 85, typography 71, and craft 68. Holistically, the concept strength helps, but the weaker craft dimension keeps the poster from fully resolving as one system."
PG01_I21,task_01,CEN_MAD,3,results_b200_3/poster_aesthetic5/qwen38/experiment/CEN_MAD/task_01/round_03/render.png,"Create a visually striking public-awareness poster for a wildfire prevention campaign. The poster should communicate that a single careless action can threaten an entire mountain landscape. Develop a memorable central visual involving a forested mountain, smoke, fire, or another meaningful representation of wildfire risk. The image may be realistic, illustrative, symbolic, or abstract, but it should feel emotionally immediate and specific to the subject. Required text: ONE SPARK IS ENOUGH; Check conditions. Extinguish completely. Protect the wild.; National Forest Safety Initiative. The poster should feel urgent without becoming sensational, graphic, or visually chaotic. It must work as a compelling campaign image when seen from a distance, while keeping every required line readable. Do not design a dashboard, webpage, collection of cards, or informational interface. Create one unified poster composition.",86,"A solitary glowing ember approaching layered treetops creates a simple, tense before-the-disaster image that strongly serves the prevention message.",88,"A tiny spark against a vast diagonal mountainside makes excellent use of scale and negative space, while the lower-left copy counterbalances the descending trajectory.",88,Strong left alignment and stacked imperatives produce the best message-led rhythm in the set; the issuer remains complete and readable.,82,"The ember point and diagonal smoke trail are elegantly restrained, with nuanced dark browns and careful atmospheric depth.",88,"The strongest evidence is in composition (88): A tiny spark against a vast diagonal mountainside makes excellent use of scale and negative space, while the lower-left copy counterbalances the descending trajectory. The principal limitation is craft (82): The ember point and diagonal smoke trail are elegantly restrained, with nuanced dark browns and careful atmospheric depth. The remaining evidence is composition 88, concept 86, typography 88, and craft 82. Holistically, the composition strength helps, but the weaker craft dimension keeps the poster from fully resolving as one system."
PG01_I22,task_01,AXES,1,results_b200_3/poster_aesthetic5/qwen38/experiment/AXES/task_01/round_01/render.png,"Create a visually striking public-awareness poster for a wildfire prevention campaign. The poster should communicate that a single careless action can threaten an entire mountain landscape. Develop a memorable central visual involving a forested mountain, smoke, fire, or another meaningful representation of wildfire risk. The image may be realistic, illustrative, symbolic, or abstract, but it should feel emotionally immediate and specific to the subject. Required text: ONE SPARK IS ENOUGH; Check conditions. Extinguish completely. Protect the wild.; National Forest Safety Initiative. The poster should feel urgent without becoming sensational, graphic, or visually chaotic. It must work as a compelling campaign image when seen from a distance, while keeping every required line readable. Do not design a dashboard, webpage, collection of cards, or informational interface. Create one unified poster composition.",77,"The mountain-shaped cluster of flames and rising sparks is visually coherent and subject-specific, but reads as a familiar wildfire emblem.",80,"The irregular chain of flames forms a lively central rhythm and the sparks connect it to the headline, though the mass remains broadly centered.",80,"The restrained tracked headline and centered footer are highly legible, complete, and balanced, though their relationship to imagery is conventional.",80,"The varied cream-to-orange flame cluster and floating sparks have lively tonal modulation, though the forms remain slightly schematic.",79,"The strongest evidence is in composition (80): The irregular chain of flames forms a lively central rhythm and the sparks connect it to the headline, though the mass remains broadly centered. The principal limitation is concept (77): The mountain-shaped cluster of flames and rising sparks is visually coherent and subject-specific, but reads as a familiar wildfire emblem. The remaining evidence is composition 80, concept 77, typography 80, and craft 80. Holistically, the composition strength helps, but the weaker concept dimension keeps the poster from fully resolving as one system."
PG01_I23,task_01,FUSED,5,results_b200_3/poster_aesthetic5/qwen38/experiment/FUSED/task_01/round_05/render.png,"Create a visually striking public-awareness poster for a wildfire prevention campaign. The poster should communicate that a single careless action can threaten an entire mountain landscape. Develop a memorable central visual involving a forested mountain, smoke, fire, or another meaningful representation of wildfire risk. The image may be realistic, illustrative, symbolic, or abstract, but it should feel emotionally immediate and specific to the subject. Required text: ONE SPARK IS ENOUGH; Check conditions. Extinguish completely. Protect the wild.; National Forest Safety Initiative. The poster should feel urgent without becoming sensational, graphic, or visually chaotic. It must work as a compelling campaign image when seen from a distance, while keeping every required line readable. Do not design a dashboard, webpage, collection of cards, or informational interface. Create one unified poster composition.",77,"The burning forest band offers immediate danger and distance impact, although the mechanical silhouette weakens the otherwise direct imagery-message link.",83,"The horizontal blaze has strong distance presence and a clear layered hierarchy, with the dark object supplying a useful interruption to the repeated flames.",72,"Orange emphasis makes SPARK visually active, but the spark glyph collides with the letters; supporting copy is otherwise complete and clear.",79,"The orange fire line, black forest silhouettes, and red dome make a strong campaign palette, with consistent glow and sharply staged depth.",77,"The strongest evidence is in composition (83): The horizontal blaze has strong distance presence and a clear layered hierarchy, with the dark object supplying a useful interruption to the repeated flames. The principal limitation is typography (72): Orange emphasis makes SPARK visually active, but the spark glyph collides with the letters; supporting copy is otherwise complete and clear. The remaining evidence is composition 83, concept 77, typography 72, and craft 79. Holistically, the composition strength helps, but the weaker typography dimension keeps the poster from fully resolving as one system."
PG01_I24,task_01,FUSED,3,results_b200_3/poster_aesthetic5/qwen38/experiment/FUSED/task_01/round_03/render.png,"Create a visually striking public-awareness poster for a wildfire prevention campaign. The poster should communicate that a single careless action can threaten an entire mountain landscape. Develop a memorable central visual involving a forested mountain, smoke, fire, or another meaningful representation of wildfire risk. The image may be realistic, illustrative, symbolic, or abstract, but it should feel emotionally immediate and specific to the subject. Required text: ONE SPARK IS ENOUGH; Check conditions. Extinguish completely. Protect the wild.; National Forest Safety Initiative. The poster should feel urgent without becoming sensational, graphic, or visually chaotic. It must work as a compelling campaign image when seen from a distance, while keeping every required line readable. Do not design a dashboard, webpage, collection of cards, or informational interface. Create one unified poster composition.",76,"The contiguous line of burning trees makes the scale of one ignition legible, though the helicopter-like object muddies the causal idea.",84,"The long fire band dominates immediately, while the locomotive-like silhouette and arcing embers drive a clear left-to-right path between headline and footer.",73,"The headline emphasis and underline add urgency, yet the distorted SPARK reduces word clarity; all secondary copy remains readable.",78,"The ember orange, soot black, and dim red halo create controlled urgency, with crisp layered silhouettes and a convincing lantern glow.",76,"The strongest evidence is in composition (84): The long fire band dominates immediately, while the locomotive-like silhouette and arcing embers drive a clear left-to-right path between headline and footer. The principal limitation is typography (73): The headline emphasis and underline add urgency, yet the distorted SPARK reduces word clarity; all secondary copy remains readable. The remaining evidence is composition 84, concept 76, typography 73, and craft 78. Holistically, the composition strength helps, but the weaker typography dimension keeps the poster from fully resolving as one system."
PG01_I25,task_01,CEN_MAD,5,results_b200_3/poster_aesthetic5/qwen38/experiment/CEN_MAD/task_01/round_05/render.png,"Create a visually striking public-awareness poster for a wildfire prevention campaign. The poster should communicate that a single careless action can threaten an entire mountain landscape. Develop a memorable central visual involving a forested mountain, smoke, fire, or another meaningful representation of wildfire risk. The image may be realistic, illustrative, symbolic, or abstract, but it should feel emotionally immediate and specific to the subject. Required text: ONE SPARK IS ENOUGH; Check conditions. Extinguish completely. Protect the wild.; National Forest Safety Initiative. The poster should feel urgent without becoming sensational, graphic, or visually chaotic. It must work as a compelling campaign image when seen from a distance, while keeping every required line readable. Do not design a dashboard, webpage, collection of cards, or informational interface. Create one unified poster composition.",88,The lone ember tracing a path toward a dark mountain turns the slogan into a restrained but potent visual metaphor of imminent ignition.,89,"The rising diagonal slope, pinpoint ignition, and opposing lower-right copy create a taut triangular balance with unusually effective negative space.",87,"Right-aligned imperative copy creates a decisive counterweight to the headline and all required text is present, clear, and well spaced.",84,"The tiny red ember and thin smoke beam are exceptionally focused against near-black ridges, giving the scene polished cinematic restraint.",89,"The strongest evidence is in composition (89): The rising diagonal slope, pinpoint ignition, and opposing lower-right copy create a taut triangular balance with unusually effective negative space. The principal limitation is craft (84): The tiny red ember and thin smoke beam are exceptionally focused against near-black ridges, giving the scene polished cinematic restraint. The remaining evidence is composition 89, concept 88, typography 87, and craft 84. Holistically, the composition strength helps, but the weaker craft dimension keeps the poster from fully resolving as one system."
PG01_I26,task_01,MAD,2,results_b200_3/poster_aesthetic5/qwen38/experiment/MAD/task_01/round_02/render.png,"Create a visually striking public-awareness poster for a wildfire prevention campaign. The poster should communicate that a single careless action can threaten an entire mountain landscape. Develop a memorable central visual involving a forested mountain, smoke, fire, or another meaningful representation of wildfire risk. The image may be realistic, illustrative, symbolic, or abstract, but it should feel emotionally immediate and specific to the subject. Required text: ONE SPARK IS ENOUGH; Check conditions. Extinguish completely. Protect the wild.; National Forest Safety Initiative. The poster should feel urgent without becoming sensational, graphic, or visually chaotic. It must work as a compelling campaign image when seen from a distance, while keeping every required line readable. Do not design a dashboard, webpage, collection of cards, or informational interface. Create one unified poster composition.",79,"The single falling spark and compact mountain blaze communicate disproportionate consequence cleanly, though the central icon is somewhat conventional.",74,"The central flare is immediately legible and framed by layered ridges, but the strict symmetry and small scale produce a restrained rather than compelling hierarchy.",84,"The two-line headline has strong distance readability and the complete centered footer forms a confident, coherent hierarchy.",81,"The red-orange valley glow and softly layered hills create convincing distance, though the central flame remains a little smooth and generic.",79,"The strongest evidence is in typography (84): The two-line headline has strong distance readability and the complete centered footer forms a confident, coherent hierarchy. The principal limitation is composition (74): The central flare is immediately legible and framed by layered ridges, but the strict symmetry and small scale produce a restrained rather than compelling hierarchy. The remaining evidence is composition 74, concept 79, typography 84, and craft 81. Holistically, the typography strength helps, but the weaker composition dimension keeps the poster from fully resolving as one system."
PG02_I01,task_02,CEN_MAD,1,results_b200_3/poster_aesthetic5/qwen38/experiment/CEN_MAD/task_02/round_01/render.png,"Create an expressive promotional poster for a contemporary dance performance about the tension between physical control and emotional release. Develop a distinctive central visual suggesting a human body in motion, balance, collapse, repetition, or restrained energy. The figure does not need to be anatomically realistic; silhouette, fragmentation, gesture, line, shadow, or abstraction may be used if they create a convincing sense of movement. Required text: THE WEIGHT OF AIR; A contemporary movement performance; October 18–20 · 8 PM; Meridian Arts Theatre. The poster should feel sophisticated, physical, and emotionally charged. Avoid generic luxury branding, conventional event-card layouts, and decorative motion effects that have no relationship to the performance. Do not design a schedule, webpage, collection of cards, or informational interface. Create one unified poster composition.",77,"The segmented, suspended body suggests control breaking into release, but its puppet-like construction feels more illustrative than visceral.",72,"The small suspended figure bridges the large upper-left title and lower-left details, but too much unused right-side space weakens the overall balance.",76,"The serif title has an elegant performance voice and all required details are present, though the subtitle crosses the figure and becomes slightly fragile.",62,"The ivory segmented figure stands out against plum black, but weak modeling and faint decorative traces leave the surface tentative.",71,"The strongest evidence is in concept (77): The segmented, suspended body suggests control breaking into release, but its puppet-like construction feels more illustrative than visceral. The principal limitation is craft (62): The ivory segmented figure stands out against plum black, but weak modeling and faint decorative traces leave the surface tentative. The remaining evidence is composition 72, concept 77, typography 76, and craft 62. Holistically, the concept strength helps, but the weaker craft dimension keeps the poster from fully resolving as one system."
PG02_I02,task_02,AXES,2,results_b200_3/poster_aesthetic5/qwen38/experiment/AXES/task_02/round_02/render.png,"Create an expressive promotional poster for a contemporary dance performance about the tension between physical control and emotional release. Develop a distinctive central visual suggesting a human body in motion, balance, collapse, repetition, or restrained energy. The figure does not need to be anatomically realistic; silhouette, fragmentation, gesture, line, shadow, or abstraction may be used if they create a convincing sense of movement. Required text: THE WEIGHT OF AIR; A contemporary movement performance; October 18–20 · 8 PM; Meridian Arts Theatre. The poster should feel sophisticated, physical, and emotionally charged. Avoid generic luxury branding, conventional event-card layouts, and decorative motion effects that have no relationship to the performance. Do not design a schedule, webpage, collection of cards, or informational interface. Create one unified poster composition.",75,"The curled torso with outstretched arms combines bodily lift and compression clearly, though it resembles a decorative emblem more than a charged performance image.",75,"The curled figure occupies the center-right as an effective counterweight to the left-aligned text, creating a simple but readable diagonal path.",75,"Wide title spacing and restrained italic subtitle feel airy and sophisticated; the full event information remains legible, if conventional.",64,"The soft cream spiral and purple-black field are cohesive, yet heavy blur and a generic drop shadow reduce production sharpness.",72,"The strongest evidence is in concept (75): The curled torso with outstretched arms combines bodily lift and compression clearly, though it resembles a decorative emblem more than a charged performance image. The principal limitation is craft (64): The soft cream spiral and purple-black field are cohesive, yet heavy blur and a generic drop shadow reduce production sharpness. The remaining evidence is composition 75, concept 75, typography 75, and craft 64. Holistically, the concept strength helps, but the weaker craft dimension keeps the poster from fully resolving as one system."
PG02_I03,task_02,FUSED,4,results_b200_3/poster_aesthetic5/qwen38/experiment/FUSED/task_02/round_04/render.png,"Create an expressive promotional poster for a contemporary dance performance about the tension between physical control and emotional release. Develop a distinctive central visual suggesting a human body in motion, balance, collapse, repetition, or restrained energy. The figure does not need to be anatomically realistic; silhouette, fragmentation, gesture, line, shadow, or abstraction may be used if they create a convincing sense of movement. Required text: THE WEIGHT OF AIR; A contemporary movement performance; October 18–20 · 8 PM; Meridian Arts Theatre. The poster should feel sophisticated, physical, and emotionally charged. Avoid generic luxury branding, conventional event-card layouts, and decorative motion effects that have no relationship to the performance. Do not design a schedule, webpage, collection of cards, or informational interface. Create one unified poster composition.",87,"The radically stretched segmented dancer turns anatomy into a tense arc, strongly embodying balance, strain, and imminent release.",84,"The enlarged fractured body cuts vertically through the frame and overlaps the title, generating strong tension, scale contrast, and an active cropped edge.",50,"The figure collides heavily with the title and the low footer copy is cramped at the trim, substantially weakening required-text comprehension.",70,"The bone-white branching figure with restrained burgundy joints feels tactile and dramatic, though several limb edges remain rough.",69,"The strongest evidence is in concept (87): The radically stretched segmented dancer turns anatomy into a tense arc, strongly embodying balance, strain, and imminent release. The principal limitation is typography (50): The figure collides heavily with the title and the low footer copy is cramped at the trim, substantially weakening required-text comprehension. The remaining evidence is composition 84, concept 87, typography 50, and craft 70. The typography failure is critical enough to cap the otherwise stronger poster."
PG02_I04,task_02,R0,0,results_b200_3/poster_aesthetic5/qwen38/experiment/SELF/task_02/r0.png,"Create an expressive promotional poster for a contemporary dance performance about the tension between physical control and emotional release. Develop a distinctive central visual suggesting a human body in motion, balance, collapse, repetition, or restrained energy. The figure does not need to be anatomically realistic; silhouette, fragmentation, gesture, line, shadow, or abstraction may be used if they create a convincing sense of movement. Required text: THE WEIGHT OF AIR; A contemporary movement performance; October 18–20 · 8 PM; Meridian Arts Theatre. The poster should feel sophisticated, physical, and emotionally charged. Avoid generic luxury branding, conventional event-card layouts, and decorative motion effects that have no relationship to the performance. Do not design a schedule, webpage, collection of cards, or informational interface. Create one unified poster composition.",76,"The hovering spiral-bodied figure neatly opposes lift and grounded shadow, but the symbol is polished rather than emotionally forceful.",76,"The figure and its shadow form a clear floating focal point against the left text block, though the layout remains safely divided into text and image zones.",83,"A clear two-line title, fine accent rule, and separated event block establish polished hierarchy with all required wording readable.",67,"The cream spiral, lavender arms, and soft floor shadow form a coherent nocturnal palette, but the lighting looks softly airbrushed.",74,"The strongest evidence is in typography (83): A clear two-line title, fine accent rule, and separated event block establish polished hierarchy with all required wording readable. The principal limitation is craft (67): The cream spiral, lavender arms, and soft floor shadow form a coherent nocturnal palette, but the lighting looks softly airbrushed. The remaining evidence is composition 76, concept 76, typography 83, and craft 67. Holistically, the typography strength helps, but the weaker craft dimension keeps the poster from fully resolving as one system."
PG02_I05,task_02,MAD,1,results_b200_3/poster_aesthetic5/qwen38/experiment/MAD/task_02/round_01/render.png,"Create an expressive promotional poster for a contemporary dance performance about the tension between physical control and emotional release. Develop a distinctive central visual suggesting a human body in motion, balance, collapse, repetition, or restrained energy. The figure does not need to be anatomically realistic; silhouette, fragmentation, gesture, line, shadow, or abstraction may be used if they create a convincing sense of movement. Required text: THE WEIGHT OF AIR; A contemporary movement performance; October 18–20 · 8 PM; Meridian Arts Theatre. The poster should feel sophisticated, physical, and emotionally charged. Avoid generic luxury branding, conventional event-card layouts, and decorative motion effects that have no relationship to the performance. Do not design a schedule, webpage, collection of cards, or informational interface. Create one unified poster composition.",74,"The large curling figure reads as buoyant movement, yet its ornamental glyph quality weakens the physical tension promised by the brief.",79,Placing the dancer low and far right gives the empty field expressive weight and makes the left-to-right descent feel intentional.,84,"The stacked title and warm rule balance the gestural figure well; subtitle, date, and venue are complete and carefully spaced.",68,"The warmer ivory figure is clean against the dark violet field, though the empty backdrop and basic shading feel somewhat default.",75,"The strongest evidence is in typography (84): The stacked title and warm rule balance the gestural figure well; subtitle, date, and venue are complete and carefully spaced. The principal limitation is craft (68): The warmer ivory figure is clean against the dark violet field, though the empty backdrop and basic shading feel somewhat default. The remaining evidence is composition 79, concept 74, typography 84, and craft 68. Holistically, the typography strength helps, but the weaker craft dimension keeps the poster from fully resolving as one system."
PG02_I06,task_02,FUSED,5,results_b200_3/poster_aesthetic5/qwen38/experiment/FUSED/task_02/round_05/render.png,"Create an expressive promotional poster for a contemporary dance performance about the tension between physical control and emotional release. Develop a distinctive central visual suggesting a human body in motion, balance, collapse, repetition, or restrained energy. The figure does not need to be anatomically realistic; silhouette, fragmentation, gesture, line, shadow, or abstraction may be used if they create a convincing sense of movement. Required text: THE WEIGHT OF AIR; A contemporary movement performance; October 18–20 · 8 PM; Meridian Arts Theatre. The poster should feel sophisticated, physical, and emotionally charged. Avoid generic luxury branding, conventional event-card layouts, and decorative motion effects that have no relationship to the performance. Do not design a schedule, webpage, collection of cards, or informational interface. Create one unified poster composition.",87,"The radically stretched segmented dancer turns anatomy into a tense arc, strongly embodying balance, strain, and imminent release.",86,"The oversized branching body strains beyond the frame, using cropping and vertical thrust to create a forceful composition that resists tidy centering.",48,"The oversized figure obscures the title and pushes the subtitle and event information into a dim, crowded lower strip.",70,"The bone-white branching figure with restrained burgundy joints feels tactile and dramatic, though several limb edges remain rough.",62,"The strongest evidence is in concept (87): The radically stretched segmented dancer turns anatomy into a tense arc, strongly embodying balance, strain, and imminent release. The principal limitation is typography (48): The oversized figure obscures the title and pushes the subtitle and event information into a dim, crowded lower strip. The remaining evidence is composition 86, concept 87, typography 48, and craft 70. The typography failure is critical enough to cap the otherwise stronger poster."
PG02_I07,task_02,AXES,1,results_b200_3/poster_aesthetic5/qwen38/experiment/AXES/task_02/round_01/render.png,"Create an expressive promotional poster for a contemporary dance performance about the tension between physical control and emotional release. Develop a distinctive central visual suggesting a human body in motion, balance, collapse, repetition, or restrained energy. The figure does not need to be anatomically realistic; silhouette, fragmentation, gesture, line, shadow, or abstraction may be used if they create a convincing sense of movement. Required text: THE WEIGHT OF AIR; A contemporary movement performance; October 18–20 · 8 PM; Meridian Arts Theatre. The poster should feel sophisticated, physical, and emotionally charged. Avoid generic luxury branding, conventional event-card layouts, and decorative motion effects that have no relationship to the performance. Do not design a schedule, webpage, collection of cards, or informational interface. Create one unified poster composition.",75,"The curled torso with outstretched arms combines bodily lift and compression clearly, though it resembles a decorative emblem more than a charged performance image.",74,"The diagonal gesture and long shadow provide movement, but the modest figure scale and conventional left text stack limit focal dominance.",82,"The title scale and italic subtitle convey sophistication, with complete event details and a clean spatial relationship to the central gesture.",65,"The cream spiral has pleasant glow and tonal separation, but blur and the arbitrary black shadow weaken material conviction.",72,"The strongest evidence is in typography (82): The title scale and italic subtitle convey sophistication, with complete event details and a clean spatial relationship to the central gesture. The principal limitation is craft (65): The cream spiral has pleasant glow and tonal separation, but blur and the arbitrary black shadow weaken material conviction. The remaining evidence is composition 74, concept 75, typography 82, and craft 65. Holistically, the typography strength helps, but the weaker craft dimension keeps the poster from fully resolving as one system."
PG02_I08,task_02,SELF,3,results_b200_3/poster_aesthetic5/qwen38/experiment/SELF/task_02/round_03/render.png,"Create an expressive promotional poster for a contemporary dance performance about the tension between physical control and emotional release. Develop a distinctive central visual suggesting a human body in motion, balance, collapse, repetition, or restrained energy. The figure does not need to be anatomically realistic; silhouette, fragmentation, gesture, line, shadow, or abstraction may be used if they create a convincing sense of movement. Required text: THE WEIGHT OF AIR; A contemporary movement performance; October 18–20 · 8 PM; Meridian Arts Theatre. The poster should feel sophisticated, physical, and emotionally charged. Avoid generic luxury branding, conventional event-card layouts, and decorative motion effects that have no relationship to the performance. Do not design a schedule, webpage, collection of cards, or informational interface. Create one unified poster composition.",76,"The suspended spiral figure is immediately legible as controlled motion, but repetition of a logo-like pose limits narrative and emotional depth.",75,"A clean left text/right figure counterbalance guides the eye well, though the centered shadow and repeated curve feel compositionally familiar.",83,"Consistent serif hierarchy, accent rule, and generous negative space keep every required line readable and compositionally integrated.",67,"The cream spiral, lavender arms, and soft floor shadow form a coherent nocturnal palette, but the lighting looks softly airbrushed.",74,"The strongest evidence is in typography (83): Consistent serif hierarchy, accent rule, and generous negative space keep every required line readable and compositionally integrated. The principal limitation is craft (67): The cream spiral, lavender arms, and soft floor shadow form a coherent nocturnal palette, but the lighting looks softly airbrushed. The remaining evidence is composition 75, concept 76, typography 83, and craft 67. Holistically, the typography strength helps, but the weaker craft dimension keeps the poster from fully resolving as one system."
PG02_I09,task_02,MAD,4,results_b200_3/poster_aesthetic5/qwen38/experiment/MAD/task_02/round_04/render.png,"Create an expressive promotional poster for a contemporary dance performance about the tension between physical control and emotional release. Develop a distinctive central visual suggesting a human body in motion, balance, collapse, repetition, or restrained energy. The figure does not need to be anatomically realistic; silhouette, fragmentation, gesture, line, shadow, or abstraction may be used if they create a convincing sense of movement. Required text: THE WEIGHT OF AIR; A contemporary movement performance; October 18–20 · 8 PM; Meridian Arts Theatre. The poster should feel sophisticated, physical, and emotionally charged. Avoid generic luxury branding, conventional event-card layouts, and decorative motion effects that have no relationship to the performance. Do not design a schedule, webpage, collection of cards, or informational interface. Create one unified poster composition.",81,The elongated body threaded through loose loops creates a convincing push-pull between restraint and fluid release.,81,The tall gestural stroke and looping secondary line create vertical lift and rhythmic tension while balancing the compact left information column.,80,"The unusually spaced title echoes bodily tension and all supporting text is readable, though the title rhythm is slightly mannered.",74,The calligraphic cream stroke and translucent violet loop create elegant depth and restrained tension with a polished gallery-like finish.,79,"The strongest evidence is in concept (81): The elongated body threaded through loose loops creates a convincing push-pull between restraint and fluid release. The principal limitation is craft (74): The calligraphic cream stroke and translucent violet loop create elegant depth and restrained tension with a polished gallery-like finish. The remaining evidence is composition 81, concept 81, typography 80, and craft 74. Holistically, the concept strength helps, but the weaker craft dimension keeps the poster from fully resolving as one system."
PG02_I10,task_02,SELF,4,results_b200_3/poster_aesthetic5/qwen38/experiment/SELF/task_02/round_04/render.png,"Create an expressive promotional poster for a contemporary dance performance about the tension between physical control and emotional release. Develop a distinctive central visual suggesting a human body in motion, balance, collapse, repetition, or restrained energy. The figure does not need to be anatomically realistic; silhouette, fragmentation, gesture, line, shadow, or abstraction may be used if they create a convincing sense of movement. Required text: THE WEIGHT OF AIR; A contemporary movement performance; October 18–20 · 8 PM; Meridian Arts Theatre. The poster should feel sophisticated, physical, and emotionally charged. Avoid generic luxury branding, conventional event-card layouts, and decorative motion effects that have no relationship to the performance. Do not design a schedule, webpage, collection of cards, or informational interface. Create one unified poster composition.",76,"The suspended spiral figure is immediately legible as controlled motion, but repetition of a logo-like pose limits narrative and emotional depth.",75,"A clean left text/right figure counterbalance guides the eye well, though the centered shadow and repeated curve feel compositionally familiar.",83,The classic title block and fine rule create a clear sophisticated voice; all required copy is complete and legible.,65,"The cream spiral has pleasant glow and tonal separation, but blur and the arbitrary black shadow weaken material conviction.",73,"The strongest evidence is in typography (83): The classic title block and fine rule create a clear sophisticated voice; all required copy is complete and legible. The principal limitation is craft (65): The cream spiral has pleasant glow and tonal separation, but blur and the arbitrary black shadow weaken material conviction. The remaining evidence is composition 75, concept 76, typography 83, and craft 65. Holistically, the typography strength helps, but the weaker craft dimension keeps the poster from fully resolving as one system."
PG02_I11,task_02,AXES,5,results_b200_3/poster_aesthetic5/qwen38/experiment/AXES/task_02/round_05/render.png,"Create an expressive promotional poster for a contemporary dance performance about the tension between physical control and emotional release. Develop a distinctive central visual suggesting a human body in motion, balance, collapse, repetition, or restrained energy. The figure does not need to be anatomically realistic; silhouette, fragmentation, gesture, line, shadow, or abstraction may be used if they create a convincing sense of movement. Required text: THE WEIGHT OF AIR; A contemporary movement performance; October 18–20 · 8 PM; Meridian Arts Theatre. The poster should feel sophisticated, physical, and emotionally charged. Avoid generic luxury branding, conventional event-card layouts, and decorative motion effects that have no relationship to the performance. Do not design a schedule, webpage, collection of cards, or informational interface. Create one unified poster composition.",82,"The enlarged spiral body and raised arms create a strong icon of weightlessness under tension, with a slightly uncanny bodily presence.",83,"The large central figure commands the field and the low split text blocks create a broad triangular route, although the bottom becomes slightly crowded.",82,"The large lower-left title actively anchors the gestural figure, while the subtitle and event details form a clear opposing block.",78,"The bright sculptural figure, subtle red accents, and deep aubergine background create strong physical drama with clean luminous modeling.",81,"The strongest evidence is in composition (83): The large central figure commands the field and the low split text blocks create a broad triangular route, although the bottom becomes slightly crowded. The principal limitation is craft (78): The bright sculptural figure, subtle red accents, and deep aubergine background create strong physical drama with clean luminous modeling. The remaining evidence is composition 83, concept 82, typography 82, and craft 78. Holistically, the composition strength helps, but the weaker craft dimension keeps the poster from fully resolving as one system."
PG02_I12,task_02,FUSED,1,results_b200_3/poster_aesthetic5/qwen38/experiment/FUSED/task_02/round_01/render.png,"Create an expressive promotional poster for a contemporary dance performance about the tension between physical control and emotional release. Develop a distinctive central visual suggesting a human body in motion, balance, collapse, repetition, or restrained energy. The figure does not need to be anatomically realistic; silhouette, fragmentation, gesture, line, shadow, or abstraction may be used if they create a convincing sense of movement. Required text: THE WEIGHT OF AIR; A contemporary movement performance; October 18–20 · 8 PM; Meridian Arts Theatre. The poster should feel sophisticated, physical, and emotionally charged. Avoid generic luxury branding, conventional event-card layouts, and decorative motion effects that have no relationship to the performance. Do not design a schedule, webpage, collection of cards, or informational interface. Create one unified poster composition.",85,"The sweeping limbs and ribbon-like trajectories make the body feel simultaneously anchored, stretched, and released in space.",88,"The giant sweeping limb crosses the frame and title with excellent scale tension, while smaller arcs extend the motion into otherwise useful negative space.",91,Expressive changes in title scale and line breaks embody control and release; all required copy stays crisp and intelligently placed.,82,"The ivory and lavender gestural strokes are beautifully integrated, with fine crossing lines and a violet glow giving real depth and energy.",88,"The strongest evidence is in typography (91): Expressive changes in title scale and line breaks embody control and release; all required copy stays crisp and intelligently placed. The principal limitation is craft (82): The ivory and lavender gestural strokes are beautifully integrated, with fine crossing lines and a violet glow giving real depth and energy. The remaining evidence is composition 88, concept 85, typography 91, and craft 82. Holistically, the typography strength helps, but the weaker craft dimension keeps the poster from fully resolving as one system."
PG02_I13,task_02,FUSED,3,results_b200_3/poster_aesthetic5/qwen38/experiment/FUSED/task_02/round_03/render.png,"Create an expressive promotional poster for a contemporary dance performance about the tension between physical control and emotional release. Develop a distinctive central visual suggesting a human body in motion, balance, collapse, repetition, or restrained energy. The figure does not need to be anatomically realistic; silhouette, fragmentation, gesture, line, shadow, or abstraction may be used if they create a convincing sense of movement. Required text: THE WEIGHT OF AIR; A contemporary movement performance; October 18–20 · 8 PM; Meridian Arts Theatre. The poster should feel sophisticated, physical, and emotionally charged. Avoid generic luxury branding, conventional event-card layouts, and decorative motion effects that have no relationship to the performance. Do not design a schedule, webpage, collection of cards, or informational interface. Create one unified poster composition.",87,"The radically stretched segmented dancer turns anatomy into a tense arc, strongly embodying balance, strain, and imminent release.",85,The cropped body forms a dynamic diagonal scaffold and the vertical title along the edge intensifies the sense of imbalance and physical strain.,35,"The rotated, fragmented title becomes difficult to parse and reads as decoration; supporting copy is dim and crowded despite being present.",71,"The bone figure gains drama from burgundy joints and deep shadow, but the cropped, noisy finish is less controlled than the best variants.",55,"The strongest evidence is in concept (87): The radically stretched segmented dancer turns anatomy into a tense arc, strongly embodying balance, strain, and imminent release. The principal limitation is typography (35): The rotated, fragmented title becomes difficult to parse and reads as decoration; supporting copy is dim and crowded despite being present. The remaining evidence is composition 85, concept 87, typography 35, and craft 71. The typography failure is critical enough to cap the otherwise stronger poster."
PG02_I14,task_02,CEN_MAD,3,results_b200_3/poster_aesthetic5/qwen38/experiment/CEN_MAD/task_02/round_03/render.png,"Create an expressive promotional poster for a contemporary dance performance about the tension between physical control and emotional release. Develop a distinctive central visual suggesting a human body in motion, balance, collapse, repetition, or restrained energy. The figure does not need to be anatomically realistic; silhouette, fragmentation, gesture, line, shadow, or abstraction may be used if they create a convincing sense of movement. Required text: THE WEIGHT OF AIR; A contemporary movement performance; October 18–20 · 8 PM; Meridian Arts Theatre. The poster should feel sophisticated, physical, and emotionally charged. Avoid generic luxury branding, conventional event-card layouts, and decorative motion effects that have no relationship to the performance. Do not design a schedule, webpage, collection of cards, or informational interface. Create one unified poster composition.",79,"The fragmented figure emerging from faint repeated outlines conveys collapse and reconstruction, though the cropped placement softens its immediate impact.",77,"The fragmented dancer rises from the lower edge and offsets the upper-left title effectively, but the central field lacks a stronger connective rhythm.",84,"A compact serif title, italic subtitle, and strong lower event block produce clear theatrical hierarchy with complete information.",66,"The segmented ivory body has clear tonal contrast, yet faint line ghosts and a blunt purple glow make the treatment feel unfinished.",75,"The strongest evidence is in typography (84): A compact serif title, italic subtitle, and strong lower event block produce clear theatrical hierarchy with complete information. The principal limitation is craft (66): The segmented ivory body has clear tonal contrast, yet faint line ghosts and a blunt purple glow make the treatment feel unfinished. The remaining evidence is composition 77, concept 79, typography 84, and craft 66. Holistically, the typography strength helps, but the weaker craft dimension keeps the poster from fully resolving as one system."
PG02_I15,task_02,SELF,5,results_b200_3/poster_aesthetic5/qwen38/experiment/SELF/task_02/round_05/render.png,"Create an expressive promotional poster for a contemporary dance performance about the tension between physical control and emotional release. Develop a distinctive central visual suggesting a human body in motion, balance, collapse, repetition, or restrained energy. The figure does not need to be anatomically realistic; silhouette, fragmentation, gesture, line, shadow, or abstraction may be used if they create a convincing sense of movement. Required text: THE WEIGHT OF AIR; A contemporary movement performance; October 18–20 · 8 PM; Meridian Arts Theatre. The poster should feel sophisticated, physical, and emotionally charged. Avoid generic luxury branding, conventional event-card layouts, and decorative motion effects that have no relationship to the performance. Do not design a schedule, webpage, collection of cards, or informational interface. Create one unified poster composition.",76,"The suspended spiral figure is immediately legible as controlled motion, but repetition of a logo-like pose limits narrative and emotional depth.",74,"The centered figure is immediately readable and the text tiers are clear, yet the bilateral balance feels static and leaves little compositional tension.",83,"The polished two-line title and accent rule are exceptionally clean, and all required details remain readable at useful scales.",67,"The cream spiral, lavender arms, and soft floor shadow form a coherent nocturnal palette, but the lighting looks softly airbrushed.",73,"The strongest evidence is in typography (83): The polished two-line title and accent rule are exceptionally clean, and all required details remain readable at useful scales. The principal limitation is craft (67): The cream spiral, lavender arms, and soft floor shadow form a coherent nocturnal palette, but the lighting looks softly airbrushed. The remaining evidence is composition 74, concept 76, typography 83, and craft 67. Holistically, the typography strength helps, but the weaker craft dimension keeps the poster from fully resolving as one system."
PG02_I16,task_02,MAD,2,results_b200_3/poster_aesthetic5/qwen38/experiment/MAD/task_02/round_02/render.png,"Create an expressive promotional poster for a contemporary dance performance about the tension between physical control and emotional release. Develop a distinctive central visual suggesting a human body in motion, balance, collapse, repetition, or restrained energy. The figure does not need to be anatomically realistic; silhouette, fragmentation, gesture, line, shadow, or abstraction may be used if they create a convincing sense of movement. Required text: THE WEIGHT OF AIR; A contemporary movement performance; October 18–20 · 8 PM; Meridian Arts Theatre. The poster should feel sophisticated, physical, and emotionally charged. Avoid generic luxury branding, conventional event-card layouts, and decorative motion effects that have no relationship to the performance. Do not design a schedule, webpage, collection of cards, or informational interface. Create one unified poster composition.",79,"The elegant looped body creates a compact symbol of controlled rotation, but lacks the emotional fracture or release that would make it distinctive.",80,"The large looped gesture creates a memorable central knot and controlled negative space, though its dead-center placement produces an emblem rather than a journey.",82,"The title, subtitle, date, and venue are complete and well separated, but the conventional upper-left/lower-left system is only modestly expressive.",75,"The minimal cream loop and violet crossing stroke are unusually refined, balancing soft glow, clean edges, and convincing spatial suspension.",78,"The strongest evidence is in typography (82): The title, subtitle, date, and venue are complete and well separated, but the conventional upper-left/lower-left system is only modestly expressive. The principal limitation is craft (75): The minimal cream loop and violet crossing stroke are unusually refined, balancing soft glow, clean edges, and convincing spatial suspension. The remaining evidence is composition 80, concept 79, typography 82, and craft 75. Holistically, the typography strength helps, but the weaker craft dimension keeps the poster from fully resolving as one system."
PG02_I17,task_02,AXES,3,results_b200_3/poster_aesthetic5/qwen38/experiment/AXES/task_02/round_03/render.png,"Create an expressive promotional poster for a contemporary dance performance about the tension between physical control and emotional release. Develop a distinctive central visual suggesting a human body in motion, balance, collapse, repetition, or restrained energy. The figure does not need to be anatomically realistic; silhouette, fragmentation, gesture, line, shadow, or abstraction may be used if they create a convincing sense of movement. Required text: THE WEIGHT OF AIR; A contemporary movement performance; October 18–20 · 8 PM; Meridian Arts Theatre. The poster should feel sophisticated, physical, and emotionally charged. Avoid generic luxury branding, conventional event-card layouts, and decorative motion effects that have no relationship to the performance. Do not design a schedule, webpage, collection of cards, or informational interface. Create one unified poster composition.",71,The blurred spiral figure suggests motion but loses bodily specificity and reads like a generic dance-brand mark.,73,"The figure is well offset from the left text and shadow, but the small scale and wide empty middle make the hierarchy feel underpowered.",75,"The title is graceful and readable, yet the subtitle is too faint and small relative to the otherwise clear event details.",64,"The blurred spiral and low-contrast purple background are coherent but too soft, losing tactile specificity and crisp finish.",70,"The strongest evidence is in typography (75): The title is graceful and readable, yet the subtitle is too faint and small relative to the otherwise clear event details. The principal limitation is craft (64): The blurred spiral and low-contrast purple background are coherent but too soft, losing tactile specificity and crisp finish. The remaining evidence is composition 73, concept 71, typography 75, and craft 64. Holistically, the typography strength helps, but the weaker craft dimension keeps the poster from fully resolving as one system."
PG02_I18,task_02,FUSED,2,results_b200_3/poster_aesthetic5/qwen38/experiment/FUSED/task_02/round_02/render.png,"Create an expressive promotional poster for a contemporary dance performance about the tension between physical control and emotional release. Develop a distinctive central visual suggesting a human body in motion, balance, collapse, repetition, or restrained energy. The figure does not need to be anatomically realistic; silhouette, fragmentation, gesture, line, shadow, or abstraction may be used if they create a convincing sense of movement. Required text: THE WEIGHT OF AIR; A contemporary movement performance; October 18–20 · 8 PM; Meridian Arts Theatre. The poster should feel sophisticated, physical, and emotionally charged. Avoid generic luxury branding, conventional event-card layouts, and decorative motion effects that have no relationship to the performance. Do not design a schedule, webpage, collection of cards, or informational interface. Create one unified poster composition.",88,"The huge broken arc-body and cropped extremities generate exceptional strain, instability, and scale, making movement itself the central image.",87,"A cropped, angular body sweeps diagonally across the title and page, using scale, overlap, and edge tension to make the whole frame feel activated.",68,"The roughened title treatment introduces physical tension, but uneven spacing and texture reduce refinement and subtitle readability.",83,"The stark bone figure, red joint marks, and black-violet field deliver excellent charged atmosphere, with purposeful abrasions and sharp contrast.",80,"The strongest evidence is in concept (88): The huge broken arc-body and cropped extremities generate exceptional strain, instability, and scale, making movement itself the central image. The principal limitation is typography (68): The roughened title treatment introduces physical tension, but uneven spacing and texture reduce refinement and subtitle readability. The remaining evidence is composition 87, concept 88, typography 68, and craft 83. Holistically, the concept strength helps, but the weaker typography dimension keeps the poster from fully resolving as one system."
PG02_I19,task_02,CEN_MAD,5,results_b200_3/poster_aesthetic5/qwen38/experiment/CEN_MAD/task_02/round_05/render.png,"Create an expressive promotional poster for a contemporary dance performance about the tension between physical control and emotional release. Develop a distinctive central visual suggesting a human body in motion, balance, collapse, repetition, or restrained energy. The figure does not need to be anatomically realistic; silhouette, fragmentation, gesture, line, shadow, or abstraction may be used if they create a convincing sense of movement. Required text: THE WEIGHT OF AIR; A contemporary movement performance; October 18–20 · 8 PM; Meridian Arts Theatre. The poster should feel sophisticated, physical, and emotionally charged. Avoid generic luxury branding, conventional event-card layouts, and decorative motion effects that have no relationship to the performance. Do not design a schedule, webpage, collection of cards, or informational interface. Create one unified poster composition.",73,"The faceted floating mannequin communicates suspension, but its neutral pose and generic digital figure provide little emotional release.",76,"The low dancer and descending title blocks create an expressive diagonal, but the figure is too faint and isolated to fully anchor the large dark field.",88,The staggered scale of THE / WEIGHT / OF / AIR gives the title bodily cadence while preserving all required copy and a strong reading order.,76,"The faceted gray-violet dancer has credible volumetric shading and a grounded spotlight, though the palette is emotionally cooler and safer.",76,"The strongest evidence is in typography (88): The staggered scale of THE / WEIGHT / OF / AIR gives the title bodily cadence while preserving all required copy and a strong reading order. The principal limitation is concept (73): The faceted floating mannequin communicates suspension, but its neutral pose and generic digital figure provide little emotional release. The remaining evidence is composition 76, concept 73, typography 88, and craft 76. Holistically, the typography strength helps, but the weaker concept dimension keeps the poster from fully resolving as one system."
PG02_I20,task_02,SELF,2,results_b200_3/poster_aesthetic5/qwen38/experiment/SELF/task_02/round_02/render.png,"Create an expressive promotional poster for a contemporary dance performance about the tension between physical control and emotional release. Develop a distinctive central visual suggesting a human body in motion, balance, collapse, repetition, or restrained energy. The figure does not need to be anatomically realistic; silhouette, fragmentation, gesture, line, shadow, or abstraction may be used if they create a convincing sense of movement. Required text: THE WEIGHT OF AIR; A contemporary movement performance; October 18–20 · 8 PM; Meridian Arts Theatre. The poster should feel sophisticated, physical, and emotionally charged. Avoid generic luxury branding, conventional event-card layouts, and decorative motion effects that have no relationship to the performance. Do not design a schedule, webpage, collection of cards, or informational interface. Create one unified poster composition.",76,"The suspended spiral figure is immediately legible as controlled motion, but repetition of a logo-like pose limits narrative and emotional depth.",75,"A clean left text/right figure counterbalance guides the eye well, though the centered shadow and repeated curve feel compositionally familiar.",40,"The title and event information are visibly cropped at the left edge, making multiple required lines incomplete despite the underlying hierarchy.",65,"The cream spiral, lavender arms, and soft floor shadow form a coherent nocturnal palette, but the lighting looks softly airbrushed.",62,"The strongest evidence is in concept (76): The suspended spiral figure is immediately legible as controlled motion, but repetition of a logo-like pose limits narrative and emotional depth. The principal limitation is typography (40): The title and event information are visibly cropped at the left edge, making multiple required lines incomplete despite the underlying hierarchy. The remaining evidence is composition 75, concept 76, typography 40, and craft 65. The typography failure is critical enough to cap the otherwise stronger poster."
PG02_I21,task_02,CEN_MAD,4,results_b200_3/poster_aesthetic5/qwen38/experiment/CEN_MAD/task_02/round_04/render.png,"Create an expressive promotional poster for a contemporary dance performance about the tension between physical control and emotional release. Develop a distinctive central visual suggesting a human body in motion, balance, collapse, repetition, or restrained energy. The figure does not need to be anatomically realistic; silhouette, fragmentation, gesture, line, shadow, or abstraction may be used if they create a convincing sense of movement. Required text: THE WEIGHT OF AIR; A contemporary movement performance; October 18–20 · 8 PM; Meridian Arts Theatre. The poster should feel sophisticated, physical, and emotionally charged. Avoid generic luxury branding, conventional event-card layouts, and decorative motion effects that have no relationship to the performance. Do not design a schedule, webpage, collection of cards, or informational interface. Create one unified poster composition.",79,"The fragmented figure emerging from faint repeated outlines conveys collapse and reconstruction, though the cropped placement softens its immediate impact.",78,"The title's stepped scale and low-right fragmented dancer establish a purposeful diagonal across generous negative space, though the middle remains thin.",88,"A bold staggered title gives expressive movement while the subtitle, date, and venue remain complete, readable, and well separated.",68,"The segmented figure is readable and the muted violet accents cohere, but the ambient glow and faint linework appear underdeveloped.",76,"The strongest evidence is in typography (88): A bold staggered title gives expressive movement while the subtitle, date, and venue remain complete, readable, and well separated. The principal limitation is craft (68): The segmented figure is readable and the muted violet accents cohere, but the ambient glow and faint linework appear underdeveloped. The remaining evidence is composition 78, concept 79, typography 88, and craft 68. Holistically, the typography strength helps, but the weaker craft dimension keeps the poster from fully resolving as one system."
PG02_I22,task_02,SELF,1,results_b200_3/poster_aesthetic5/qwen38/experiment/SELF/task_02/round_01/render.png,"Create an expressive promotional poster for a contemporary dance performance about the tension between physical control and emotional release. Develop a distinctive central visual suggesting a human body in motion, balance, collapse, repetition, or restrained energy. The figure does not need to be anatomically realistic; silhouette, fragmentation, gesture, line, shadow, or abstraction may be used if they create a convincing sense of movement. Required text: THE WEIGHT OF AIR; A contemporary movement performance; October 18–20 · 8 PM; Meridian Arts Theatre. The poster should feel sophisticated, physical, and emotionally charged. Avoid generic luxury branding, conventional event-card layouts, and decorative motion effects that have no relationship to the performance. Do not design a schedule, webpage, collection of cards, or informational interface. Create one unified poster composition.",76,"The hovering spiral-bodied figure neatly opposes lift and grounded shadow, but the symbol is polished rather than emotionally forceful.",75,"A clean left text/right figure counterbalance guides the eye well, though the centered shadow and repeated curve feel compositionally familiar.",83,"The title block, italic subtitle, and footer hierarchy are polished and fully legible, though close to a standard cultural-poster system.",67,"The cream spiral, lavender arms, and soft floor shadow form a coherent nocturnal palette, but the lighting looks softly airbrushed.",74,"The strongest evidence is in typography (83): The title block, italic subtitle, and footer hierarchy are polished and fully legible, though close to a standard cultural-poster system. The principal limitation is craft (67): The cream spiral, lavender arms, and soft floor shadow form a coherent nocturnal palette, but the lighting looks softly airbrushed. The remaining evidence is composition 75, concept 76, typography 83, and craft 67. Holistically, the typography strength helps, but the weaker craft dimension keeps the poster from fully resolving as one system."
PG02_I23,task_02,MAD,3,results_b200_3/poster_aesthetic5/qwen38/experiment/MAD/task_02/round_03/render.png,"Create an expressive promotional poster for a contemporary dance performance about the tension between physical control and emotional release. Develop a distinctive central visual suggesting a human body in motion, balance, collapse, repetition, or restrained energy. The figure does not need to be anatomically realistic; silhouette, fragmentation, gesture, line, shadow, or abstraction may be used if they create a convincing sense of movement. Required text: THE WEIGHT OF AIR; A contemporary movement performance; October 18–20 · 8 PM; Meridian Arts Theatre. The poster should feel sophisticated, physical, and emotionally charged. Avoid generic luxury branding, conventional event-card layouts, and decorative motion effects that have no relationship to the performance. Do not design a schedule, webpage, collection of cards, or informational interface. Create one unified poster composition.",81,The elongated body threaded through loose loops creates a convincing push-pull between restraint and fluid release.,82,"The tall central stroke gives the frame decisive vertical dominance and its orbiting line creates rhythm, balanced by compact information at upper left.",79,"The wide title spacing complements the elongated figure and all required details are clear, but the headline is less forceful at distance.",76,"The single ivory sweep and translucent lavender loop create supple motion with clean tonal control and restrained, polished illumination.",79,"The strongest evidence is in composition (82): The tall central stroke gives the frame decisive vertical dominance and its orbiting line creates rhythm, balanced by compact information at upper left. The principal limitation is craft (76): The single ivory sweep and translucent lavender loop create supple motion with clean tonal control and restrained, polished illumination. The remaining evidence is composition 82, concept 81, typography 79, and craft 76. Holistically, the composition strength helps, but the weaker craft dimension keeps the poster from fully resolving as one system."
PG02_I24,task_02,CEN_MAD,2,results_b200_3/poster_aesthetic5/qwen38/experiment/CEN_MAD/task_02/round_02/render.png,"Create an expressive promotional poster for a contemporary dance performance about the tension between physical control and emotional release. Develop a distinctive central visual suggesting a human body in motion, balance, collapse, repetition, or restrained energy. The figure does not need to be anatomically realistic; silhouette, fragmentation, gesture, line, shadow, or abstraction may be used if they create a convincing sense of movement. Required text: THE WEIGHT OF AIR; A contemporary movement performance; October 18–20 · 8 PM; Meridian Arts Theatre. The poster should feel sophisticated, physical, and emotionally charged. Avoid generic luxury branding, conventional event-card layouts, and decorative motion effects that have no relationship to the performance. Do not design a schedule, webpage, collection of cards, or informational interface. Create one unified poster composition.",79,"The fragmented figure emerging from faint repeated outlines conveys collapse and reconstruction, though the cropped placement softens its immediate impact.",77,"The fragmented dancer rises from the lower edge and offsets the upper-left title effectively, but the central field lacks a stronger connective rhythm.",84,"The title is strong and complete, and the lower information is well ordered; integration is controlled rather than especially inventive.",66,"The pale segmented figure contrasts adequately with plum black, but smoky violet pools and barely visible outlines muddy the finish.",75,"The strongest evidence is in typography (84): The title is strong and complete, and the lower information is well ordered; integration is controlled rather than especially inventive. The principal limitation is craft (66): The pale segmented figure contrasts adequately with plum black, but smoky violet pools and barely visible outlines muddy the finish. The remaining evidence is composition 77, concept 79, typography 84, and craft 66. Holistically, the typography strength helps, but the weaker craft dimension keeps the poster from fully resolving as one system."
PG02_I25,task_02,AXES,4,results_b200_3/poster_aesthetic5/qwen38/experiment/AXES/task_02/round_04/render.png,"Create an expressive promotional poster for a contemporary dance performance about the tension between physical control and emotional release. Develop a distinctive central visual suggesting a human body in motion, balance, collapse, repetition, or restrained energy. The figure does not need to be anatomically realistic; silhouette, fragmentation, gesture, line, shadow, or abstraction may be used if they create a convincing sense of movement. Required text: THE WEIGHT OF AIR; A contemporary movement performance; October 18–20 · 8 PM; Meridian Arts Theatre. The poster should feel sophisticated, physical, and emotionally charged. Avoid generic luxury branding, conventional event-card layouts, and decorative motion effects that have no relationship to the performance. Do not design a schedule, webpage, collection of cards, or informational interface. Create one unified poster composition.",72,The curled flying figure is recognizable but soft focus and emblem-like anatomy make the movement feel generic and emotionally remote.,80,"The enlarged centered dancer and offset lower-right details form a stable triangle, with the shadow adding depth, but the route remains somewhat symmetrical.",70,"The title contains visible letter collision/distortion around WEIGHT, reducing headline polish, while the remaining required text is clear.",63,"The small spiral figure has usable ivory-violet contrast, yet blur, stray dark marks, and uneven highlight control lower craft quality.",70,"The strongest evidence is in composition (80): The enlarged centered dancer and offset lower-right details form a stable triangle, with the shadow adding depth, but the route remains somewhat symmetrical. The principal limitation is craft (63): The small spiral figure has usable ivory-violet contrast, yet blur, stray dark marks, and uneven highlight control lower craft quality. The remaining evidence is composition 80, concept 72, typography 70, and craft 63. Holistically, the composition strength helps, but the weaker craft dimension keeps the poster from fully resolving as one system."
PG02_I26,task_02,MAD,5,results_b200_3/poster_aesthetic5/qwen38/experiment/MAD/task_02/round_05/render.png,"Create an expressive promotional poster for a contemporary dance performance about the tension between physical control and emotional release. Develop a distinctive central visual suggesting a human body in motion, balance, collapse, repetition, or restrained energy. The figure does not need to be anatomically realistic; silhouette, fragmentation, gesture, line, shadow, or abstraction may be used if they create a convincing sense of movement. Required text: THE WEIGHT OF AIR; A contemporary movement performance; October 18–20 · 8 PM; Meridian Arts Theatre. The poster should feel sophisticated, physical, and emotionally charged. Avoid generic luxury branding, conventional event-card layouts, and decorative motion effects that have no relationship to the performance. Do not design a schedule, webpage, collection of cards, or informational interface. Create one unified poster composition.",81,The elongated body threaded through loose loops creates a convincing push-pull between restraint and fluid release.,84,"The sweeping central gesture and circular secondary line command the field with strong scale contrast, while the left text block acts as a firm counterweight.",82,"The title’s wide spacing and vertical contrast suit the dancing form, with complete, readable subtitle and event information.",72,"The calligraphic cream form and fine purple loop feel controlled and atmospheric, though the bottom shadow is slightly heavy and synthetic.",79,"The strongest evidence is in composition (84): The sweeping central gesture and circular secondary line command the field with strong scale contrast, while the left text block acts as a firm counterweight. The principal limitation is craft (72): The calligraphic cream form and fine purple loop feel controlled and atmospheric, though the bottom shadow is slightly heavy and synthetic. The remaining evidence is composition 84, concept 81, typography 82, and craft 72. Holistically, the composition strength helps, but the weaker craft dimension keeps the poster from fully resolving as one system."
PG03_I01,task_03,FUSED,5,results_b200_3/poster_aesthetic5/qwen38/experiment/FUSED/task_03/round_05/render.png,"Create an atmospheric exhibition poster for a museum show about life in the deepest parts of the ocean. Build a memorable visual world involving deep-sea darkness, pressure, bioluminescent organisms, unfamiliar marine forms, or the sensation of descending into an unexplored environment. The imagery should evoke scientific curiosity and genuine mystery rather than looking like a generic aquarium advertisement. Required text: BELOW THE LAST LIGHT; Life at the edge of the known world; Special Exhibition · November 2–March 9; Calder Museum of Natural History. The poster should balance wonder, strangeness, and institutional credibility. It should remain visually compelling at a distance and reveal finer details when viewed closely. Do not design a museum webpage, scientific dashboard, collection of cards, or informational interface. Create one unified poster composition.",80,"Oversized shadowy organisms encroach around the title, creating an immersive encounter with unfamiliar life rather than a generic aquarium scene.",81,"Large organisms press in from both edges around the title, creating depth and a convincing descent through the glowing central trail to the footer.",79,"The luminous serif title feels atmospheric and institutional, with clear subtitle, museum name, and exhibition dates, though glow slightly softens letters.",82,"The teal-black water, soft cyan bioluminescence, and scattered colored points create layered mystery, with finely controlled bloom.",80,"The strongest evidence is in craft (82): The teal-black water, soft cyan bioluminescence, and scattered colored points create layered mystery, with finely controlled bloom. The principal limitation is typography (79): The luminous serif title feels atmospheric and institutional, with clear subtitle, museum name, and exhibition dates, though glow slightly softens letters. The remaining evidence is composition 81, concept 80, typography 79, and craft 82. Holistically, the craft strength helps, but the weaker typography dimension keeps the poster from fully resolving as one system."
PG03_I02,task_03,MAD,4,results_b200_3/poster_aesthetic5/qwen38/experiment/MAD/task_03/round_04/render.png,"Create an atmospheric exhibition poster for a museum show about life in the deepest parts of the ocean. Build a memorable visual world involving deep-sea darkness, pressure, bioluminescent organisms, unfamiliar marine forms, or the sensation of descending into an unexplored environment. The imagery should evoke scientific curiosity and genuine mystery rather than looking like a generic aquarium advertisement. Required text: BELOW THE LAST LIGHT; Life at the edge of the known world; Special Exhibition · November 2–March 9; Calder Museum of Natural History. The poster should balance wonder, strangeness, and institutional credibility. It should remain visually compelling at a distance and reveal finer details when viewed closely. Do not design a museum webpage, scientific dashboard, collection of cards, or informational interface. Create one unified poster composition.",77,"A varied constellation of invented deep-sea creatures supports scientific curiosity, though the cute rounded forms temper the promised strangeness.",84,"The asymmetric creature cluster surrounds rather than merely illustrates the title, and varied scales pull the eye from upper text into the deep lower field.",84,A large high-contrast title and disciplined institutional microtype create excellent hierarchy; every required line is present and readable.,86,"The blue-green depths and jewel-like creature lights feel vivid yet cohesive, with convincing haze and dimensional illumination.",82,"The strongest evidence is in craft (86): The blue-green depths and jewel-like creature lights feel vivid yet cohesive, with convincing haze and dimensional illumination. The principal limitation is concept (77): A varied constellation of invented deep-sea creatures supports scientific curiosity, though the cute rounded forms temper the promised strangeness. The remaining evidence is composition 84, concept 77, typography 84, and craft 86. Holistically, the craft strength helps, but the weaker concept dimension keeps the poster from fully resolving as one system."
PG03_I03,task_03,CEN_MAD,5,results_b200_3/poster_aesthetic5/qwen38/experiment/CEN_MAD/task_03/round_05/render.png,"Create an atmospheric exhibition poster for a museum show about life in the deepest parts of the ocean. Build a memorable visual world involving deep-sea darkness, pressure, bioluminescent organisms, unfamiliar marine forms, or the sensation of descending into an unexplored environment. The imagery should evoke scientific curiosity and genuine mystery rather than looking like a generic aquarium advertisement. Required text: BELOW THE LAST LIGHT; Life at the edge of the known world; Special Exhibition · November 2–March 9; Calder Museum of Natural History. The poster should balance wonder, strangeness, and institutional credibility. It should remain visually compelling at a distance and reveal finer details when viewed closely. Do not design a museum webpage, scientific dashboard, collection of cards, or informational interface. Create one unified poster composition.",86,"The descending chain of bioluminescent points traces a graceful plunge below a hard dark horizon, making depth itself the visual concept.",86,"A bright diagonal bioluminescent path cuts across broad darkness, giving the centered title a strong counter-direction and a clear descending viewer route.",69,"The title is atmospheric but low contrast and intersected by glowing organisms, while the museum line is nearly lost; required details remain present.",88,The luminous cyan filament traverses deep blue layers beautifully; subtle violet nodes and distant silhouettes produce an exceptionally atmospheric finish.,81,"The strongest evidence is in craft (88): The luminous cyan filament traverses deep blue layers beautifully; subtle violet nodes and distant silhouettes produce an exceptionally atmospheric finish. The principal limitation is typography (69): The title is atmospheric but low contrast and intersected by glowing organisms, while the museum line is nearly lost; required details remain present. The remaining evidence is composition 86, concept 86, typography 69, and craft 88. Holistically, the craft strength helps, but the weaker typography dimension keeps the poster from fully resolving as one system."
PG03_I04,task_03,SELF,3,results_b200_3/poster_aesthetic5/qwen38/experiment/SELF/task_03/round_03/render.png,"Create an atmospheric exhibition poster for a museum show about life in the deepest parts of the ocean. Build a memorable visual world involving deep-sea darkness, pressure, bioluminescent organisms, unfamiliar marine forms, or the sensation of descending into an unexplored environment. The imagery should evoke scientific curiosity and genuine mystery rather than looking like a generic aquarium advertisement. Required text: BELOW THE LAST LIGHT; Life at the edge of the known world; Special Exhibition · November 2–March 9; Calder Museum of Natural History. The poster should balance wonder, strangeness, and institutional credibility. It should remain visually compelling at a distance and reveal finer details when viewed closely. Do not design a museum webpage, scientific dashboard, collection of cards, or informational interface. Create one unified poster composition.",75,"Sparse floating organisms and colored lights evoke a credible dark habitat, but the arrangement feels like a conventional illustrated specimen field.",73,"The spacious central title is readable and small creatures punctuate the field, but their even distribution creates decoration rather than strong hierarchy.",88,"The bright two-line title, italic subtitle, top museum credit, and bottom exhibition block form a crisp, complete museum-poster hierarchy.",80,"The cool blue field and sparse colored lights are clean and legible, though the creatures feel lightly rendered and somewhat diagrammatic.",77,"The strongest evidence is in typography (88): The bright two-line title, italic subtitle, top museum credit, and bottom exhibition block form a crisp, complete museum-poster hierarchy. The principal limitation is composition (73): The spacious central title is readable and small creatures punctuate the field, but their even distribution creates decoration rather than strong hierarchy. The remaining evidence is composition 73, concept 75, typography 88, and craft 80. Holistically, the typography strength helps, but the weaker composition dimension keeps the poster from fully resolving as one system."
PG03_I05,task_03,CEN_MAD,4,results_b200_3/poster_aesthetic5/qwen38/experiment/CEN_MAD/task_03/round_04/render.png,"Create an atmospheric exhibition poster for a museum show about life in the deepest parts of the ocean. Build a memorable visual world involving deep-sea darkness, pressure, bioluminescent organisms, unfamiliar marine forms, or the sensation of descending into an unexplored environment. The imagery should evoke scientific curiosity and genuine mystery rather than looking like a generic aquarium advertisement. Required text: BELOW THE LAST LIGHT; Life at the edge of the known world; Special Exhibition · November 2–March 9; Calder Museum of Natural History. The poster should balance wonder, strangeness, and institutional credibility. It should remain visually compelling at a distance and reveal finer details when viewed closely. Do not design a museum webpage, scientific dashboard, collection of cards, or informational interface. Create one unified poster composition.",87,"The luminous diagonal organism crossing into the abyss creates a memorable descent motif that joins biology, light, and unexplored depth.",88,"The massive dark bowl and bead-like diagonal descent create exceptional scale and depth, guiding the eye from title into an ominous lower focal void.",79,"The cyan title integrates with the descending lights and remains readable, though the subtitle and top museum line are comparatively delicate.",85,"The cyan bead trail, dark basin, and overhead blue strata create strong depth, with disciplined glow and an eerie submerged atmosphere.",84,"The strongest evidence is in composition (88): The massive dark bowl and bead-like diagonal descent create exceptional scale and depth, guiding the eye from title into an ominous lower focal void. The principal limitation is typography (79): The cyan title integrates with the descending lights and remains readable, though the subtitle and top museum line are comparatively delicate. The remaining evidence is composition 88, concept 87, typography 79, and craft 85. Holistically, the composition strength helps, but the weaker typography dimension keeps the poster from fully resolving as one system."
PG03_I06,task_03,FUSED,4,results_b200_3/poster_aesthetic5/qwen38/experiment/FUSED/task_03/round_04/render.png,"Create an atmospheric exhibition poster for a museum show about life in the deepest parts of the ocean. Build a memorable visual world involving deep-sea darkness, pressure, bioluminescent organisms, unfamiliar marine forms, or the sensation of descending into an unexplored environment. The imagery should evoke scientific curiosity and genuine mystery rather than looking like a generic aquarium advertisement. Required text: BELOW THE LAST LIGHT; Life at the edge of the known world; Special Exhibition · November 2–March 9; Calder Museum of Natural History. The poster should balance wonder, strangeness, and institutional credibility. It should remain visually compelling at a distance and reveal finer details when viewed closely. Do not design a museum webpage, scientific dashboard, collection of cards, or informational interface. Create one unified poster composition.",80,"Oversized shadowy organisms encroach around the title, creating an immersive encounter with unfamiliar life rather than a generic aquarium scene.",81,"Large organisms press in from both edges around the title, creating depth and a convincing descent through the glowing central trail to the footer.",79,"The glowing title is attractive and complete, but its soft edge and subdued lower information reduce precision at distance.",82,"The teal-black water, soft cyan bioluminescence, and scattered colored points create layered mystery, with finely controlled bloom.",80,"The strongest evidence is in craft (82): The teal-black water, soft cyan bioluminescence, and scattered colored points create layered mystery, with finely controlled bloom. The principal limitation is typography (79): The glowing title is attractive and complete, but its soft edge and subdued lower information reduce precision at distance. The remaining evidence is composition 81, concept 80, typography 79, and craft 82. Holistically, the craft strength helps, but the weaker typography dimension keeps the poster from fully resolving as one system."
PG03_I07,task_03,SELF,4,results_b200_3/poster_aesthetic5/qwen38/experiment/SELF/task_03/round_04/render.png,"Create an atmospheric exhibition poster for a museum show about life in the deepest parts of the ocean. Build a memorable visual world involving deep-sea darkness, pressure, bioluminescent organisms, unfamiliar marine forms, or the sensation of descending into an unexplored environment. The imagery should evoke scientific curiosity and genuine mystery rather than looking like a generic aquarium advertisement. Required text: BELOW THE LAST LIGHT; Life at the edge of the known world; Special Exhibition · November 2–March 9; Calder Museum of Natural History. The poster should balance wonder, strangeness, and institutional credibility. It should remain visually compelling at a distance and reveal finer details when viewed closely. Do not design a museum webpage, scientific dashboard, collection of cards, or informational interface. Create one unified poster composition.",69,The tiny lights imply bioluminescence but the nearly empty field offers too little organismal specificity or sense of exploration.,72,"Strong negative space and clear typographic tiers provide order, but the tiny central lights lack enough directional rhythm to animate the symmetrical layout.",92,"Bold title scale, careful tracking, fine rule, and distinct institutional tiers deliver the strongest complete and highly legible text system.",76,"The near-black gradient gives crisp text contrast, but sparse lights and minimal texture make the scene feel sterile and thin.",74,"The strongest evidence is in typography (92): Bold title scale, careful tracking, fine rule, and distinct institutional tiers deliver the strongest complete and highly legible text system. The principal limitation is concept (69): The tiny lights imply bioluminescence but the nearly empty field offers too little organismal specificity or sense of exploration. The remaining evidence is composition 72, concept 69, typography 92, and craft 76. Holistically, the typography strength helps, but the weaker concept dimension keeps the poster from fully resolving as one system."
PG03_I08,task_03,MAD,1,results_b200_3/poster_aesthetic5/qwen38/experiment/MAD/task_03/round_01/render.png,"Create an atmospheric exhibition poster for a museum show about life in the deepest parts of the ocean. Build a memorable visual world involving deep-sea darkness, pressure, bioluminescent organisms, unfamiliar marine forms, or the sensation of descending into an unexplored environment. The imagery should evoke scientific curiosity and genuine mystery rather than looking like a generic aquarium advertisement. Required text: BELOW THE LAST LIGHT; Life at the edge of the known world; Special Exhibition · November 2–March 9; Calder Museum of Natural History. The poster should balance wonder, strangeness, and institutional credibility. It should remain visually compelling at a distance and reveal finer details when viewed closely. Do not design a museum webpage, scientific dashboard, collection of cards, or informational interface. Create one unified poster composition.",72,"Soft submerged shapes create atmosphere and depth, yet the blurred generic jellyfish imagery lacks a decisive content-specific idea.",76,"The oversized blurred organism entering at lower right creates depth and asymmetry, yet the scattered lights do not form a fully controlled viewer path.",76,"All required text is present, but blurred imagery behind the title and very small museum/date lines make the hierarchy less authoritative.",71,"The large blurred jellyfish and colored bokeh suggest depth, but excessive softness and indistinct surfaces look unfinished.",73,"The strongest evidence is in composition (76): The oversized blurred organism entering at lower right creates depth and asymmetry, yet the scattered lights do not form a fully controlled viewer path. The principal limitation is craft (71): The large blurred jellyfish and colored bokeh suggest depth, but excessive softness and indistinct surfaces look unfinished. The remaining evidence is composition 76, concept 72, typography 76, and craft 71. Holistically, the composition strength helps, but the weaker craft dimension keeps the poster from fully resolving as one system."
PG03_I09,task_03,MAD,2,results_b200_3/poster_aesthetic5/qwen38/experiment/MAD/task_03/round_02/render.png,"Create an atmospheric exhibition poster for a museum show about life in the deepest parts of the ocean. Build a memorable visual world involving deep-sea darkness, pressure, bioluminescent organisms, unfamiliar marine forms, or the sensation of descending into an unexplored environment. The imagery should evoke scientific curiosity and genuine mystery rather than looking like a generic aquarium advertisement. Required text: BELOW THE LAST LIGHT; Life at the edge of the known world; Special Exhibition · November 2–March 9; Calder Museum of Natural History. The poster should balance wonder, strangeness, and institutional credibility. It should remain visually compelling at a distance and reveal finer details when viewed closely. Do not design a museum webpage, scientific dashboard, collection of cards, or informational interface. Create one unified poster composition.",78,"Distinct glowing creatures at different scales create a convincing ecological world, although the image remains a straightforward deep-sea tableau.",85,"Three creatures at distinct scales create a persuasive spatial triangle, and the sparse lights connect the dominant title to the lower information zone.",83,"The title is strong and clean, with supporting copy clearly tiered; a small organism crossing the letters adds interest without serious obstruction.",86,"The deep cyan haze, luminous animal accents, and cool-to-black falloff create rich aquarium depth with polished, restrained glow.",82,"The strongest evidence is in craft (86): The deep cyan haze, luminous animal accents, and cool-to-black falloff create rich aquarium depth with polished, restrained glow. The principal limitation is concept (78): Distinct glowing creatures at different scales create a convincing ecological world, although the image remains a straightforward deep-sea tableau. The remaining evidence is composition 85, concept 78, typography 83, and craft 86. Holistically, the craft strength helps, but the weaker concept dimension keeps the poster from fully resolving as one system."
PG03_I10,task_03,SELF,2,results_b200_3/poster_aesthetic5/qwen38/experiment/SELF/task_03/round_02/render.png,"Create an atmospheric exhibition poster for a museum show about life in the deepest parts of the ocean. Build a memorable visual world involving deep-sea darkness, pressure, bioluminescent organisms, unfamiliar marine forms, or the sensation of descending into an unexplored environment. The imagery should evoke scientific curiosity and genuine mystery rather than looking like a generic aquarium advertisement. Required text: BELOW THE LAST LIGHT; Life at the edge of the known world; Special Exhibition · November 2–March 9; Calder Museum of Natural History. The poster should balance wonder, strangeness, and institutional credibility. It should remain visually compelling at a distance and reveal finer details when viewed closely. Do not design a museum webpage, scientific dashboard, collection of cards, or informational interface. Create one unified poster composition.",75,"Sparse floating organisms and colored lights evoke a credible dark habitat, but the arrangement feels like a conventional illustrated specimen field.",73,"The spacious central title is readable and small creatures punctuate the field, but their even distribution creates decoration rather than strong hierarchy.",88,Excellent title contrast and restrained serif hierarchy keep the full museum and exhibition message instantly readable.,80,"The blue field and small colored points are coherent, but low-detail creature silhouettes and limited tonal structure feel generic.",77,"The strongest evidence is in typography (88): Excellent title contrast and restrained serif hierarchy keep the full museum and exhibition message instantly readable. The principal limitation is composition (73): The spacious central title is readable and small creatures punctuate the field, but their even distribution creates decoration rather than strong hierarchy. The remaining evidence is composition 73, concept 75, typography 88, and craft 80. Holistically, the typography strength helps, but the weaker composition dimension keeps the poster from fully resolving as one system."
PG03_I11,task_03,CEN_MAD,1,results_b200_3/poster_aesthetic5/qwen38/experiment/CEN_MAD/task_03/round_01/render.png,"Create an atmospheric exhibition poster for a museum show about life in the deepest parts of the ocean. Build a memorable visual world involving deep-sea darkness, pressure, bioluminescent organisms, unfamiliar marine forms, or the sensation of descending into an unexplored environment. The imagery should evoke scientific curiosity and genuine mystery rather than looking like a generic aquarium advertisement. Required text: BELOW THE LAST LIGHT; Life at the edge of the known world; Special Exhibition · November 2–March 9; Calder Museum of Natural History. The poster should balance wonder, strangeness, and institutional credibility. It should remain visually compelling at a distance and reveal finer details when viewed closely. Do not design a museum webpage, scientific dashboard, collection of cards, or informational interface. Create one unified poster composition.",79,"The diagonal trail of lights creates a useful sense of descent among alien silhouettes, but its narrative is less forceful than the strongest variants.",80,"A diagonal stream of lights establishes depth and movement beneath the title, with side creatures acting as measured anchors rather than clutter.",73,"The title is partially veiled by imagery and the museum line is faint, reducing institutional clarity despite complete supporting copy.",78,"The cool blue field and sparse colored lights are clean and legible, though the creatures feel lightly rendered and somewhat diagrammatic.",77,"The strongest evidence is in composition (80): A diagonal stream of lights establishes depth and movement beneath the title, with side creatures acting as measured anchors rather than clutter. The principal limitation is typography (73): The title is partially veiled by imagery and the museum line is faint, reducing institutional clarity despite complete supporting copy. The remaining evidence is composition 80, concept 79, typography 73, and craft 78. Holistically, the composition strength helps, but the weaker typography dimension keeps the poster from fully resolving as one system."
PG03_I12,task_03,R0,0,results_b200_3/poster_aesthetic5/qwen38/experiment/SELF/task_03/r0.png,"Create an atmospheric exhibition poster for a museum show about life in the deepest parts of the ocean. Build a memorable visual world involving deep-sea darkness, pressure, bioluminescent organisms, unfamiliar marine forms, or the sensation of descending into an unexplored environment. The imagery should evoke scientific curiosity and genuine mystery rather than looking like a generic aquarium advertisement. Required text: BELOW THE LAST LIGHT; Life at the edge of the known world; Special Exhibition · November 2–March 9; Calder Museum of Natural History. The poster should balance wonder, strangeness, and institutional credibility. It should remain visually compelling at a distance and reveal finer details when viewed closely. Do not design a museum webpage, scientific dashboard, collection of cards, or informational interface. Create one unified poster composition.",75,"Sparse floating organisms and colored lights evoke a credible dark habitat, but the arrangement feels like a conventional illustrated specimen field.",76,"The centered title has clear dominance and the creature quartet frames it competently, though bilateral spacing produces a safe, institutional symmetry.",88,"A confident two-line title and neat secondary tiers provide complete, balanced, highly legible exhibition messaging.",80,"The blue field and small colored points are coherent, but low-detail creature silhouettes and limited tonal structure feel generic.",78,"The strongest evidence is in typography (88): A confident two-line title and neat secondary tiers provide complete, balanced, highly legible exhibition messaging. The principal limitation is concept (75): Sparse floating organisms and colored lights evoke a credible dark habitat, but the arrangement feels like a conventional illustrated specimen field. The remaining evidence is composition 76, concept 75, typography 88, and craft 80. Holistically, the typography strength helps, but the weaker concept dimension keeps the poster from fully resolving as one system."
PG03_I13,task_03,AXES,2,results_b200_3/poster_aesthetic5/qwen38/experiment/AXES/task_03/round_02/render.png,"Create an atmospheric exhibition poster for a museum show about life in the deepest parts of the ocean. Build a memorable visual world involving deep-sea darkness, pressure, bioluminescent organisms, unfamiliar marine forms, or the sensation of descending into an unexplored environment. The imagery should evoke scientific curiosity and genuine mystery rather than looking like a generic aquarium advertisement. Required text: BELOW THE LAST LIGHT; Life at the edge of the known world; Special Exhibition · November 2–March 9; Calder Museum of Natural History. The poster should balance wonder, strangeness, and institutional credibility. It should remain visually compelling at a distance and reveal finer details when viewed closely. Do not design a museum webpage, scientific dashboard, collection of cards, or informational interface. Create one unified poster composition.",81,"Large cropped organisms emerging from darkness give the viewer a close, unsettling encounter and strong deep-pressure atmosphere.",83,"Large cropped creatures on opposing edges create strong enclosure and depth, while the central glow provides a useful pause before the footer.",85,"Cyan title coloring, centered rule, and spaced institutional text create a distinctive yet credible hierarchy with all copy complete.",84,"The dark turquoise palette and scattered green-blue lights feel genuinely abyssal, with subtle texture and careful low-key modeling.",85,"The strongest evidence is in typography (85): Cyan title coloring, centered rule, and spaced institutional text create a distinctive yet credible hierarchy with all copy complete. The principal limitation is concept (81): Large cropped organisms emerging from darkness give the viewer a close, unsettling encounter and strong deep-pressure atmosphere. The remaining evidence is composition 83, concept 81, typography 85, and craft 84. Holistically, the typography strength helps, but the weaker concept dimension keeps the poster from fully resolving as one system."
PG03_I14,task_03,FUSED,2,results_b200_3/poster_aesthetic5/qwen38/experiment/FUSED/task_03/round_02/render.png,"Create an atmospheric exhibition poster for a museum show about life in the deepest parts of the ocean. Build a memorable visual world involving deep-sea darkness, pressure, bioluminescent organisms, unfamiliar marine forms, or the sensation of descending into an unexplored environment. The imagery should evoke scientific curiosity and genuine mystery rather than looking like a generic aquarium advertisement. Required text: BELOW THE LAST LIGHT; Life at the edge of the known world; Special Exhibition · November 2–March 9; Calder Museum of Natural History. The poster should balance wonder, strangeness, and institutional credibility. It should remain visually compelling at a distance and reveal finer details when viewed closely. Do not design a museum webpage, scientific dashboard, collection of cards, or informational interface. Create one unified poster composition.",73,"The dim creatures and scattered lights establish abyssal mystery, but the central imagery is too recessive to become memorable.",77,"The dim peripheral organisms and central light cluster create atmospheric depth, but similar sizes and loose placement weaken the focal sequence.",71,"The title glow is muddy and the small supporting lines sink into darkness, making the complete text system less readable than its layout suggests.",79,"The near-black blue treatment has good restraint and tiny luminous accents, though most surfaces remain too dim and flat.",74,"The strongest evidence is in craft (79): The near-black blue treatment has good restraint and tiny luminous accents, though most surfaces remain too dim and flat. The principal limitation is typography (71): The title glow is muddy and the small supporting lines sink into darkness, making the complete text system less readable than its layout suggests. The remaining evidence is composition 77, concept 73, typography 71, and craft 79. Holistically, the craft strength helps, but the weaker typography dimension keeps the poster from fully resolving as one system."
PG03_I15,task_03,FUSED,1,results_b200_3/poster_aesthetic5/qwen38/experiment/FUSED/task_03/round_01/render.png,"Create an atmospheric exhibition poster for a museum show about life in the deepest parts of the ocean. Build a memorable visual world involving deep-sea darkness, pressure, bioluminescent organisms, unfamiliar marine forms, or the sensation of descending into an unexplored environment. The imagery should evoke scientific curiosity and genuine mystery rather than looking like a generic aquarium advertisement. Required text: BELOW THE LAST LIGHT; Life at the edge of the known world; Special Exhibition · November 2–March 9; Calder Museum of Natural History. The poster should balance wonder, strangeness, and institutional credibility. It should remain visually compelling at a distance and reveal finer details when viewed closely. Do not design a museum webpage, scientific dashboard, collection of cards, or informational interface. Create one unified poster composition.",75,"Sparse floating organisms and colored lights evoke a credible dark habitat, but the arrangement feels like a conventional illustrated specimen field.",74,"The central title and footer are orderly with ample breathing room, yet the small evenly dispersed forms do not create a compelling spatial hierarchy.",88,"The title, subtitle, museum name, and dates are all crisply separated and integrated into the visual field with strong distance readability.",80,"The blue field and small colored points are coherent, but low-detail creature silhouettes and limited tonal structure feel generic.",78,"The strongest evidence is in typography (88): The title, subtitle, museum name, and dates are all crisply separated and integrated into the visual field with strong distance readability. The principal limitation is composition (74): The central title and footer are orderly with ample breathing room, yet the small evenly dispersed forms do not create a compelling spatial hierarchy. The remaining evidence is composition 74, concept 75, typography 88, and craft 80. Holistically, the typography strength helps, but the weaker composition dimension keeps the poster from fully resolving as one system."
PG03_I16,task_03,MAD,5,results_b200_3/poster_aesthetic5/qwen38/experiment/MAD/task_03/round_05/render.png,"Create an atmospheric exhibition poster for a museum show about life in the deepest parts of the ocean. Build a memorable visual world involving deep-sea darkness, pressure, bioluminescent organisms, unfamiliar marine forms, or the sensation of descending into an unexplored environment. The imagery should evoke scientific curiosity and genuine mystery rather than looking like a generic aquarium advertisement. Required text: BELOW THE LAST LIGHT; Life at the edge of the known world; Special Exhibition · November 2–March 9; Calder Museum of Natural History. The poster should balance wonder, strangeness, and institutional credibility. It should remain visually compelling at a distance and reveal finer details when viewed closely. Do not design a museum webpage, scientific dashboard, collection of cards, or informational interface. Create one unified poster composition.",84,Vertical light shafts and sharply separated creatures create a compelling museum-diorama sense of discovery within crushing darkness.,87,"Strong shafts of light and a large lower-right creature generate a dramatic diagonal descent, balancing the title with a clear deep-space destination.",84,"Clear title scale and complete institutional information work well, though several luminous forms overlap the subtitle and title area.",88,"Vertical shafts of cyan light, modeled creatures, and jewel-tone bioluminescence create exceptional depth and a highly finished museum atmosphere.",87,"The strongest evidence is in craft (88): Vertical shafts of cyan light, modeled creatures, and jewel-tone bioluminescence create exceptional depth and a highly finished museum atmosphere. The principal limitation is concept (84): Vertical light shafts and sharply separated creatures create a compelling museum-diorama sense of discovery within crushing darkness. The remaining evidence is composition 87, concept 84, typography 84, and craft 88. Holistically, the craft strength helps, but the weaker concept dimension keeps the poster from fully resolving as one system."
PG03_I17,task_03,SELF,1,results_b200_3/poster_aesthetic5/qwen38/experiment/SELF/task_03/round_01/render.png,"Create an atmospheric exhibition poster for a museum show about life in the deepest parts of the ocean. Build a memorable visual world involving deep-sea darkness, pressure, bioluminescent organisms, unfamiliar marine forms, or the sensation of descending into an unexplored environment. The imagery should evoke scientific curiosity and genuine mystery rather than looking like a generic aquarium advertisement. Required text: BELOW THE LAST LIGHT; Life at the edge of the known world; Special Exhibition · November 2–March 9; Calder Museum of Natural History. The poster should balance wonder, strangeness, and institutional credibility. It should remain visually compelling at a distance and reveal finer details when viewed closely. Do not design a museum webpage, scientific dashboard, collection of cards, or informational interface. Create one unified poster composition.",75,"Sparse floating organisms and colored lights evoke a credible dark habitat, but the arrangement feels like a conventional illustrated specimen field.",78,"The lower arc of colored lights gives the otherwise centered layout rhythmic movement, but the framing creatures remain too evenly weighted.",87,"A bright, precisely spaced title and disciplined top/bottom metadata make all required wording credible and easy to scan.",80,"The blue field and small colored points are coherent, but low-detail creature silhouettes and limited tonal structure feel generic.",79,"The strongest evidence is in typography (87): A bright, precisely spaced title and disciplined top/bottom metadata make all required wording credible and easy to scan. The principal limitation is concept (75): Sparse floating organisms and colored lights evoke a credible dark habitat, but the arrangement feels like a conventional illustrated specimen field. The remaining evidence is composition 78, concept 75, typography 87, and craft 80. Holistically, the typography strength helps, but the weaker concept dimension keeps the poster from fully resolving as one system."
PG03_I18,task_03,AXES,5,results_b200_3/poster_aesthetic5/qwen38/experiment/AXES/task_03/round_05/render.png,"Create an atmospheric exhibition poster for a museum show about life in the deepest parts of the ocean. Build a memorable visual world involving deep-sea darkness, pressure, bioluminescent organisms, unfamiliar marine forms, or the sensation of descending into an unexplored environment. The imagery should evoke scientific curiosity and genuine mystery rather than looking like a generic aquarium advertisement. Required text: BELOW THE LAST LIGHT; Life at the edge of the known world; Special Exhibition · November 2–March 9; Calder Museum of Natural History. The poster should balance wonder, strangeness, and institutional credibility. It should remain visually compelling at a distance and reveal finer details when viewed closely. Do not design a museum webpage, scientific dashboard, collection of cards, or informational interface. Create one unified poster composition.",82,"The near-black field and cropped looming organisms make the colored bioluminescent cluster feel rare, remote, and genuinely uncanny.",82,"A looming dark creature at left and smaller organism at right create effective scale tension, with the central glow bridging the asymmetrical field.",89,"The cyan title is bold and distinctive, and the complete museum/date information is well tiered; slight texture adds character without harming clarity.",83,"The black-teal field and varied creature glows feel tactile and mysterious, with strong local contrast and controlled haze.",85,"The strongest evidence is in typography (89): The cyan title is bold and distinctive, and the complete museum/date information is well tiered; slight texture adds character without harming clarity. The principal limitation is concept (82): The near-black field and cropped looming organisms make the colored bioluminescent cluster feel rare, remote, and genuinely uncanny. The remaining evidence is composition 82, concept 82, typography 89, and craft 83. Holistically, the typography strength helps, but the weaker concept dimension keeps the poster from fully resolving as one system."
PG03_I19,task_03,CEN_MAD,2,results_b200_3/poster_aesthetic5/qwen38/experiment/CEN_MAD/task_03/round_02/render.png,"Create an atmospheric exhibition poster for a museum show about life in the deepest parts of the ocean. Build a memorable visual world involving deep-sea darkness, pressure, bioluminescent organisms, unfamiliar marine forms, or the sensation of descending into an unexplored environment. The imagery should evoke scientific curiosity and genuine mystery rather than looking like a generic aquarium advertisement. Required text: BELOW THE LAST LIGHT; Life at the edge of the known world; Special Exhibition · November 2–March 9; Calder Museum of Natural History. The poster should balance wonder, strangeness, and institutional credibility. It should remain visually compelling at a distance and reveal finer details when viewed closely. Do not design a museum webpage, scientific dashboard, collection of cards, or informational interface. Create one unified poster composition.",82,"The sloping seabed and chain of lights imply an exploratory route into darkness, giving the creature tableau a stronger spatial story.",84,"The bright diagonal chain descends into the lower-right abyss, giving the title-led hierarchy a strong sense of direction and spatial depth.",75,"The title’s glow and image overlap lower its precision, while tiny institutional lines require close viewing even though all are present.",84,"Overhead blue layers, cyan creature glows, and a descending light trail establish convincing depth with a clean unified finish.",81,"The strongest evidence is in composition (84): The bright diagonal chain descends into the lower-right abyss, giving the title-led hierarchy a strong sense of direction and spatial depth. The principal limitation is typography (75): The title’s glow and image overlap lower its precision, while tiny institutional lines require close viewing even though all are present. The remaining evidence is composition 84, concept 82, typography 75, and craft 84. Holistically, the composition strength helps, but the weaker typography dimension keeps the poster from fully resolving as one system."
PG03_I20,task_03,CEN_MAD,3,results_b200_3/poster_aesthetic5/qwen38/experiment/CEN_MAD/task_03/round_03/render.png,"Create an atmospheric exhibition poster for a museum show about life in the deepest parts of the ocean. Build a memorable visual world involving deep-sea darkness, pressure, bioluminescent organisms, unfamiliar marine forms, or the sensation of descending into an unexplored environment. The imagery should evoke scientific curiosity and genuine mystery rather than looking like a generic aquarium advertisement. Required text: BELOW THE LAST LIGHT; Life at the edge of the known world; Special Exhibition · November 2–March 9; Calder Museum of Natural History. The poster should balance wonder, strangeness, and institutional credibility. It should remain visually compelling at a distance and reveal finer details when viewed closely. Do not design a museum webpage, scientific dashboard, collection of cards, or informational interface. Create one unified poster composition.",83,A bright diagonal descent across an abyssal ridge turns scattered organisms into a clear journey toward the unknown.,86,"The sweeping lower slope and bead-like light trail form a coherent diagonal path, with edge creatures supplying depth without stealing the title's dominance.",80,"The headline and supporting lines are complete and orderly, but their low contrast against the luminous scene weakens distance reading.",87,"The bright cyan bead stream and cool layered seafloor create compelling visual depth, with crisp glow placement and polished tonal control.",85,"The strongest evidence is in craft (87): The bright cyan bead stream and cool layered seafloor create compelling visual depth, with crisp glow placement and polished tonal control. The principal limitation is typography (80): The headline and supporting lines are complete and orderly, but their low contrast against the luminous scene weakens distance reading. The remaining evidence is composition 86, concept 83, typography 80, and craft 87. Holistically, the craft strength helps, but the weaker typography dimension keeps the poster from fully resolving as one system."
PG03_I21,task_03,AXES,3,results_b200_3/poster_aesthetic5/qwen38/experiment/AXES/task_03/round_03/render.png,"Create an atmospheric exhibition poster for a museum show about life in the deepest parts of the ocean. Build a memorable visual world involving deep-sea darkness, pressure, bioluminescent organisms, unfamiliar marine forms, or the sensation of descending into an unexplored environment. The imagery should evoke scientific curiosity and genuine mystery rather than looking like a generic aquarium advertisement. Required text: BELOW THE LAST LIGHT; Life at the edge of the known world; Special Exhibition · November 2–March 9; Calder Museum of Natural History. The poster should balance wonder, strangeness, and institutional credibility. It should remain visually compelling at a distance and reveal finer details when viewed closely. Do not design a museum webpage, scientific dashboard, collection of cards, or informational interface. Create one unified poster composition.",82,"The near-black field and cropped looming organisms make the colored bioluminescent cluster feel rare, remote, and genuinely uncanny.",83,"Cropped organisms at both edges create an enveloping foreground and the central light cluster recedes convincingly, producing layered spatial scale.",89,"A highly polished cyan title, fine divider, and separated institutional copy create expressive atmosphere with complete legibility.",84,"The dark teal vignette and softly luminous fauna feel cohesive and atmospheric, with enough texture to avoid a sterile digital field.",86,"The strongest evidence is in typography (89): A highly polished cyan title, fine divider, and separated institutional copy create expressive atmosphere with complete legibility. The principal limitation is concept (82): The near-black field and cropped looming organisms make the colored bioluminescent cluster feel rare, remote, and genuinely uncanny. The remaining evidence is composition 83, concept 82, typography 89, and craft 84. Holistically, the typography strength helps, but the weaker concept dimension keeps the poster from fully resolving as one system."
PG03_I22,task_03,MAD,3,results_b200_3/poster_aesthetic5/qwen38/experiment/MAD/task_03/round_03/render.png,"Create an atmospheric exhibition poster for a museum show about life in the deepest parts of the ocean. Build a memorable visual world involving deep-sea darkness, pressure, bioluminescent organisms, unfamiliar marine forms, or the sensation of descending into an unexplored environment. The imagery should evoke scientific curiosity and genuine mystery rather than looking like a generic aquarium advertisement. Required text: BELOW THE LAST LIGHT; Life at the edge of the known world; Special Exhibition · November 2–March 9; Calder Museum of Natural History. The poster should balance wonder, strangeness, and institutional credibility. It should remain visually compelling at a distance and reveal finer details when viewed closely. Do not design a museum webpage, scientific dashboard, collection of cards, or informational interface. Create one unified poster composition.",78,"Distinct glowing creatures at different scales create a convincing ecological world, although the image remains a straightforward deep-sea tableau.",85,"The bright upper-left water field descends toward a large lower-right jellyfish, creating a strong atmospheric diagonal and well-staged scale progression.",84,"The title is clear and centered, and all required lines are present; the small institutional tiers are readable but somewhat generic.",86,"The deep cyan haze, luminous animal accents, and cool-to-black falloff create rich aquarium depth with polished, restrained glow.",83,"The strongest evidence is in craft (86): The deep cyan haze, luminous animal accents, and cool-to-black falloff create rich aquarium depth with polished, restrained glow. The principal limitation is concept (78): Distinct glowing creatures at different scales create a convincing ecological world, although the image remains a straightforward deep-sea tableau. The remaining evidence is composition 85, concept 78, typography 84, and craft 86. Holistically, the craft strength helps, but the weaker concept dimension keeps the poster from fully resolving as one system."
PG03_I23,task_03,SELF,5,results_b200_3/poster_aesthetic5/qwen38/experiment/SELF/task_03/round_05/render.png,"Create an atmospheric exhibition poster for a museum show about life in the deepest parts of the ocean. Build a memorable visual world involving deep-sea darkness, pressure, bioluminescent organisms, unfamiliar marine forms, or the sensation of descending into an unexplored environment. The imagery should evoke scientific curiosity and genuine mystery rather than looking like a generic aquarium advertisement. Required text: BELOW THE LAST LIGHT; Life at the edge of the known world; Special Exhibition · November 2–March 9; Calder Museum of Natural History. The poster should balance wonder, strangeness, and institutional credibility. It should remain visually compelling at a distance and reveal finer details when viewed closely. Do not design a museum webpage, scientific dashboard, collection of cards, or informational interface. Create one unified poster composition.",74,"The sparse lights and small creatures provide restrained scientific mystery, but the image lacks a strong central discovery or descent motif.",72,"Strong negative space and clear typographic tiers provide order, but the tiny central lights lack enough directional rhythm to animate the symmetrical layout.",92,Excellent oversized title treatment and crisp secondary hierarchy create commanding distance impact while retaining every required line.,74,"The crisp white type and near-empty dark gradient are clean, but the sparse dots and barely seen creature feel underworked.",75,"The strongest evidence is in typography (92): Excellent oversized title treatment and crisp secondary hierarchy create commanding distance impact while retaining every required line. The principal limitation is composition (72): Strong negative space and clear typographic tiers provide order, but the tiny central lights lack enough directional rhythm to animate the symmetrical layout. The remaining evidence is composition 72, concept 74, typography 92, and craft 74. Holistically, the typography strength helps, but the weaker composition dimension keeps the poster from fully resolving as one system."
PG03_I24,task_03,AXES,1,results_b200_3/poster_aesthetic5/qwen38/experiment/AXES/task_03/round_01/render.png,"Create an atmospheric exhibition poster for a museum show about life in the deepest parts of the ocean. Build a memorable visual world involving deep-sea darkness, pressure, bioluminescent organisms, unfamiliar marine forms, or the sensation of descending into an unexplored environment. The imagery should evoke scientific curiosity and genuine mystery rather than looking like a generic aquarium advertisement. Required text: BELOW THE LAST LIGHT; Life at the edge of the known world; Special Exhibition · November 2–March 9; Calder Museum of Natural History. The poster should balance wonder, strangeness, and institutional credibility. It should remain visually compelling at a distance and reveal finer details when viewed closely. Do not design a museum webpage, scientific dashboard, collection of cards, or informational interface. Create one unified poster composition.",83,"Extreme cropping of luminous organisms surrounds the viewer with unfamiliar anatomy and gives the exhibition a bold, specific identity.",82,"Large creatures at opposing corners frame a luminous central corridor, yielding clear depth and a balanced path from headline to exhibition details.",87,"The large title and complete museum/date blocks are clear and well placed, with imagery participating around rather than over the words.",85,"The luminous jellyfish and fish forms sit convincingly in blue-black depth, supported by varied cyan, green, and magenta points.",86,"The strongest evidence is in typography (87): The large title and complete museum/date blocks are clear and well placed, with imagery participating around rather than over the words. The principal limitation is composition (82): Large creatures at opposing corners frame a luminous central corridor, yielding clear depth and a balanced path from headline to exhibition details. The remaining evidence is composition 82, concept 83, typography 87, and craft 85. Holistically, the typography strength helps, but the weaker composition dimension keeps the poster from fully resolving as one system."
PG03_I25,task_03,AXES,4,results_b200_3/poster_aesthetic5/qwen38/experiment/AXES/task_03/round_04/render.png,"Create an atmospheric exhibition poster for a museum show about life in the deepest parts of the ocean. Build a memorable visual world involving deep-sea darkness, pressure, bioluminescent organisms, unfamiliar marine forms, or the sensation of descending into an unexplored environment. The imagery should evoke scientific curiosity and genuine mystery rather than looking like a generic aquarium advertisement. Required text: BELOW THE LAST LIGHT; Life at the edge of the known world; Special Exhibition · November 2–March 9; Calder Museum of Natural History. The poster should balance wonder, strangeness, and institutional credibility. It should remain visually compelling at a distance and reveal finer details when viewed closely. Do not design a museum webpage, scientific dashboard, collection of cards, or informational interface. Create one unified poster composition.",82,"The near-black field and cropped looming organisms make the colored bioluminescent cluster feel rare, remote, and genuinely uncanny.",80,"The bright title anchors a dark asymmetric creature field, and the lower glow cluster gives a secondary destination, though the left edge is slightly crowded.",90,Strong cyan title color and disciplined institutional tiers preserve every required message with excellent readability.,84,"The dark teal vignette and softly luminous fauna feel cohesive and atmospheric, with enough texture to avoid a sterile digital field.",85,"The strongest evidence is in typography (90): Strong cyan title color and disciplined institutional tiers preserve every required message with excellent readability. The principal limitation is composition (80): The bright title anchors a dark asymmetric creature field, and the lower glow cluster gives a secondary destination, though the left edge is slightly crowded. The remaining evidence is composition 80, concept 82, typography 90, and craft 84. Holistically, the typography strength helps, but the weaker composition dimension keeps the poster from fully resolving as one system."
PG03_I26,task_03,FUSED,3,results_b200_3/poster_aesthetic5/qwen38/experiment/FUSED/task_03/round_03/render.png,"Create an atmospheric exhibition poster for a museum show about life in the deepest parts of the ocean. Build a memorable visual world involving deep-sea darkness, pressure, bioluminescent organisms, unfamiliar marine forms, or the sensation of descending into an unexplored environment. The imagery should evoke scientific curiosity and genuine mystery rather than looking like a generic aquarium advertisement. Required text: BELOW THE LAST LIGHT; Life at the edge of the known world; Special Exhibition · November 2–March 9; Calder Museum of Natural History. The poster should balance wonder, strangeness, and institutional credibility. It should remain visually compelling at a distance and reveal finer details when viewed closely. Do not design a museum webpage, scientific dashboard, collection of cards, or informational interface. Create one unified poster composition.",84,"Huge ghostlike organisms emerging from near-black water create a strange, immersive threshold into life beyond ordinary visibility.",84,"Oversized edge organisms and a smaller central swimmer establish convincing scale layers, with glowing dots carrying the eye down toward the footer.",58,"The title and museum line are heavily obscured by oversized creatures and haze; subtitle and dates also fade, seriously weakening required-text integration.",81,"The blue-black haze and softly glowing fauna create a convincing abyssal mood, though some forms are blurrier and less crisply resolved.",69,"The strongest evidence is in concept (84): Huge ghostlike organisms emerging from near-black water create a strange, immersive threshold into life beyond ordinary visibility. The principal limitation is typography (58): The title and museum line are heavily obscured by oversized creatures and haze; subtitle and dates also fade, seriously weakening required-text integration. The remaining evidence is composition 84, concept 84, typography 58, and craft 81. The typography failure is critical enough to cap the otherwise stronger poster."
PG04_I01,task_04,SELF,3,results_b200_3/poster_aesthetic5/qwen38/experiment/SELF/task_04/round_03/render.png,"Create a bold cultural poster for a late-night experimental jazz festival. Develop a visual concept that conveys improvisation, tension, syncopation, and live musical energy. You may draw from instruments, performers, sound, rhythm, repetition, interruption, or abstract forms, but avoid simply placing decorative musical notes around the page. Required text: BLUE HOUR / RED NOISE; A night of improvised sound; Friday, September 27 · Doors 7 PM; The Foundry · East River District; featuring Nia Cole Quartet · Static Bloom · Armand Vale. The poster should feel distinctive enough to function as the festival’s identity. All performer names must remain readable, but they should support rather than overpower the main visual idea. Do not design a timetable, ticketing page, collection of cards, or informational interface. Create one unified poster composition.",74,"The red-blue waveform translates noise and syncopation directly, but it is a familiar audio-visualization solution with limited live-performance character.",82,The massive two-line title dominates decisively while the waveform cuts across it and leads toward the red lower-right glow and compact left details.,90,"The huge blue/red title behaves like a visual waveform, while all festival details and performer names retain a crisp, readable hierarchy.",78,"Electric blue and hot red work forcefully against near-black, while the red orb adds depth; minor glow softness keeps it short of pristine.",79,"The strongest evidence is in typography (90): The huge blue/red title behaves like a visual waveform, while all festival details and performer names retain a crisp, readable hierarchy. The principal limitation is concept (74): The red-blue waveform translates noise and syncopation directly, but it is a familiar audio-visualization solution with limited live-performance character. The remaining evidence is composition 82, concept 74, typography 90, and craft 78. Holistically, the typography strength helps, but the weaker concept dimension keeps the poster from fully resolving as one system."
PG04_I02,task_04,FUSED,1,results_b200_3/poster_aesthetic5/qwen38/experiment/FUSED/task_04/round_01/render.png,"Create a bold cultural poster for a late-night experimental jazz festival. Develop a visual concept that conveys improvisation, tension, syncopation, and live musical energy. You may draw from instruments, performers, sound, rhythm, repetition, interruption, or abstract forms, but avoid simply placing decorative musical notes around the page. Required text: BLUE HOUR / RED NOISE; A night of improvised sound; Friday, September 27 · Doors 7 PM; The Foundry · East River District; featuring Nia Cole Quartet · Static Bloom · Armand Vale. The poster should feel distinctive enough to function as the festival’s identity. All performer names must remain readable, but they should support rather than overpower the main visual idea. Do not design a timetable, ticketing page, collection of cards, or informational interface. Create one unified poster composition.",76,"Intersecting waveforms and a glowing pulse suggest improvisational exchange, though the imagery remains conventional electronic-audio shorthand.",84,"A sinuous line escapes the title into the glowing lower-right field, creating a strong diagonal route and balancing the dense left information column.",84,Title color and overlapping waveforms create energetic syncopation; complete event and lineup copy remains legible despite mild visual interference.,83,"The paired neon waveforms, diagonal red accents, and restrained blue-red palette feel integrated and professionally controlled.",81,"The strongest evidence is in composition (84): A sinuous line escapes the title into the glowing lower-right field, creating a strong diagonal route and balancing the dense left information column. The principal limitation is concept (76): Intersecting waveforms and a glowing pulse suggest improvisational exchange, though the imagery remains conventional electronic-audio shorthand. The remaining evidence is composition 84, concept 76, typography 84, and craft 83. Holistically, the composition strength helps, but the weaker concept dimension keeps the poster from fully resolving as one system."
PG04_I03,task_04,MAD,3,results_b200_3/poster_aesthetic5/qwen38/experiment/MAD/task_04/round_03/render.png,"Create a bold cultural poster for a late-night experimental jazz festival. Develop a visual concept that conveys improvisation, tension, syncopation, and live musical energy. You may draw from instruments, performers, sound, rhythm, repetition, interruption, or abstract forms, but avoid simply placing decorative musical notes around the page. Required text: BLUE HOUR / RED NOISE; A night of improvised sound; Friday, September 27 · Doors 7 PM; The Foundry · East River District; featuring Nia Cole Quartet · Static Bloom · Armand Vale. The poster should feel distinctive enough to function as the festival’s identity. All performer names must remain readable, but they should support rather than overpower the main visual idea. Do not design a timetable, ticketing page, collection of cards, or informational interface. Create one unified poster composition.",83,A rigid diagonal beam colliding with broken rhythmic blocks creates a sharp visual metaphor for structure interrupted by improvisation.,88,"The descending beam and tumbling blocks turn the headline into an active launch point, producing sharp diagonal tension and a memorable full-frame path.",86,"The bold title and diagonal graphic produce rhythmic forward motion, with every required line present and a clear performer hierarchy.",80,"The saturated red-blue blocks and razor diagonal line are crisp and bold, though the floating shapes read slightly generic.",86,"The strongest evidence is in composition (88): The descending beam and tumbling blocks turn the headline into an active launch point, producing sharp diagonal tension and a memorable full-frame path. The principal limitation is craft (80): The saturated red-blue blocks and razor diagonal line are crisp and bold, though the floating shapes read slightly generic. The remaining evidence is composition 88, concept 83, typography 86, and craft 80. Holistically, the composition strength helps, but the weaker craft dimension keeps the poster from fully resolving as one system."
PG04_I04,task_04,CEN_MAD,4,results_b200_3/poster_aesthetic5/qwen38/experiment/CEN_MAD/task_04/round_04/render.png,"Create a bold cultural poster for a late-night experimental jazz festival. Develop a visual concept that conveys improvisation, tension, syncopation, and live musical energy. You may draw from instruments, performers, sound, rhythm, repetition, interruption, or abstract forms, but avoid simply placing decorative musical notes around the page. Required text: BLUE HOUR / RED NOISE; A night of improvised sound; Friday, September 27 · Doors 7 PM; The Foundry · East River District; featuring Nia Cole Quartet · Static Bloom · Armand Vale. The poster should feel distinctive enough to function as the festival’s identity. All performer names must remain readable, but they should support rather than overpower the main visual idea. Do not design a timetable, ticketing page, collection of cards, or informational interface. Create one unified poster composition.",79,"The rough red signal tearing across the clean title embodies abrasive interruption well, but stays close to generic waveform imagery.",78,"The large title is clear and the repeated waveform supplies horizontal rhythm, but most activity remains confined to a predictable central band.",79,The distressed RED NOISE treatment is expressive but roughens comprehension; supporting event and performer copy remains complete and readable.,86,"The distressed red lettering and fine interference bands create a tactile, noisy club atmosphere with disciplined color consistency.",79,"The strongest evidence is in craft (86): The distressed red lettering and fine interference bands create a tactile, noisy club atmosphere with disciplined color consistency. The principal limitation is composition (78): The large title is clear and the repeated waveform supplies horizontal rhythm, but most activity remains confined to a predictable central band. The remaining evidence is composition 78, concept 79, typography 79, and craft 86. Holistically, the craft strength helps, but the weaker composition dimension keeps the poster from fully resolving as one system."
PG04_I05,task_04,AXES,3,results_b200_3/poster_aesthetic5/qwen38/experiment/AXES/task_04/round_03/render.png,"Create a bold cultural poster for a late-night experimental jazz festival. Develop a visual concept that conveys improvisation, tension, syncopation, and live musical energy. You may draw from instruments, performers, sound, rhythm, repetition, interruption, or abstract forms, but avoid simply placing decorative musical notes around the page. Required text: BLUE HOUR / RED NOISE; A night of improvised sound; Friday, September 27 · Doors 7 PM; The Foundry · East River District; featuring Nia Cole Quartet · Static Bloom · Armand Vale. The poster should feel distinctive enough to function as the festival’s identity. All performer names must remain readable, but they should support rather than overpower the main visual idea. Do not design a timetable, ticketing page, collection of cards, or informational interface. Create one unified poster composition.",84,"Dense red and blue traces erupt through the title like competing improvised lines, giving the festival a forceful rhythmic identity.",87,"Dense vertical waveform bars rupture the title and extend nearly edge to edge, creating syncopated scale changes and a forceful layered hierarchy.",73,"The waveform powerfully activates the title, but dense vertical interference compromises RED NOISE and crowds the smaller information.",91,Dense interlaced blue-red waveforms generate exceptional improvisational energy; crisp layering and restrained black space produce a high-end finish.,82,"The strongest evidence is in craft (91): Dense interlaced blue-red waveforms generate exceptional improvisational energy; crisp layering and restrained black space produce a high-end finish. The principal limitation is typography (73): The waveform powerfully activates the title, but dense vertical interference compromises RED NOISE and crowds the smaller information. The remaining evidence is composition 87, concept 84, typography 73, and craft 91. Holistically, the craft strength helps, but the weaker typography dimension keeps the poster from fully resolving as one system."
PG04_I06,task_04,FUSED,2,results_b200_3/poster_aesthetic5/qwen38/experiment/FUSED/task_04/round_02/render.png,"Create a bold cultural poster for a late-night experimental jazz festival. Develop a visual concept that conveys improvisation, tension, syncopation, and live musical energy. You may draw from instruments, performers, sound, rhythm, repetition, interruption, or abstract forms, but avoid simply placing decorative musical notes around the page. Required text: BLUE HOUR / RED NOISE; A night of improvised sound; Friday, September 27 · Doors 7 PM; The Foundry · East River District; featuring Nia Cole Quartet · Static Bloom · Armand Vale. The poster should feel distinctive enough to function as the festival’s identity. All performer names must remain readable, but they should support rather than overpower the main visual idea. Do not design a timetable, ticketing page, collection of cards, or informational interface. Create one unified poster composition.",77,"The sweeping wave and diagonal accents communicate live rhythmic motion clearly, but offer no distinctive musical metaphor beyond signal graphics.",84,"A sinuous line escapes the title into the glowing lower-right field, creating a strong diagonal route and balancing the dense left information column.",78,"A clear title and complete information hierarchy work reliably, though typography mostly serves as a standard overlay beside the waveform.",83,"The paired neon waveforms, diagonal red accents, and restrained blue-red palette feel integrated and professionally controlled.",80,"The strongest evidence is in composition (84): A sinuous line escapes the title into the glowing lower-right field, creating a strong diagonal route and balancing the dense left information column. The principal limitation is concept (77): The sweeping wave and diagonal accents communicate live rhythmic motion clearly, but offer no distinctive musical metaphor beyond signal graphics. The remaining evidence is composition 84, concept 77, typography 78, and craft 83. Holistically, the composition strength helps, but the weaker concept dimension keeps the poster from fully resolving as one system."
PG04_I07,task_04,SELF,1,results_b200_3/poster_aesthetic5/qwen38/experiment/SELF/task_04/round_01/render.png,"Create a bold cultural poster for a late-night experimental jazz festival. Develop a visual concept that conveys improvisation, tension, syncopation, and live musical energy. You may draw from instruments, performers, sound, rhythm, repetition, interruption, or abstract forms, but avoid simply placing decorative musical notes around the page. Required text: BLUE HOUR / RED NOISE; A night of improvised sound; Friday, September 27 · Doors 7 PM; The Foundry · East River District; featuring Nia Cole Quartet · Static Bloom · Armand Vale. The poster should feel distinctive enough to function as the festival’s identity. All performer names must remain readable, but they should support rather than overpower the main visual idea. Do not design a timetable, ticketing page, collection of cards, or informational interface. Create one unified poster composition.",74,"The heartbeat-like line and red glow are readable sound symbols, yet feel too generic to identify an experimental jazz festival.",82,"The waveform bridges the oversized title to the glowing lower-right focal zone, yielding a clean and energetic left-to-right sequence.",84,The title’s blue/red split and crossing waveform embody musical tension while preserving clear event and lineup details.,79,"The sharp cardiogram line and red glow give clear energy, but conventional neon effects and minor overlaps reduce distinction.",79,"The strongest evidence is in typography (84): The title’s blue/red split and crossing waveform embody musical tension while preserving clear event and lineup details. The principal limitation is concept (74): The heartbeat-like line and red glow are readable sound symbols, yet feel too generic to identify an experimental jazz festival. The remaining evidence is composition 82, concept 74, typography 84, and craft 79. Holistically, the typography strength helps, but the weaker concept dimension keeps the poster from fully resolving as one system."
PG04_I08,task_04,SELF,5,results_b200_3/poster_aesthetic5/qwen38/experiment/SELF/task_04/round_05/render.png,"Create a bold cultural poster for a late-night experimental jazz festival. Develop a visual concept that conveys improvisation, tension, syncopation, and live musical energy. You may draw from instruments, performers, sound, rhythm, repetition, interruption, or abstract forms, but avoid simply placing decorative musical notes around the page. Required text: BLUE HOUR / RED NOISE; A night of improvised sound; Friday, September 27 · Doors 7 PM; The Foundry · East River District; featuring Nia Cole Quartet · Static Bloom · Armand Vale. The poster should feel distinctive enough to function as the festival’s identity. All performer names must remain readable, but they should support rather than overpower the main visual idea. Do not design a timetable, ticketing page, collection of cards, or informational interface. Create one unified poster composition.",74,"The heartbeat-like line and red glow are readable sound symbols, yet feel too generic to identify an experimental jazz festival.",80,"The headline and waveform command the upper band effectively, but the large red glow below reads as a separate centered module rather than an integrated climax.",88,"Excellent headline scale and color contrast combine with a disciplined, complete information block and readable performer names.",78,"The blue-red type and waveform are coherent, yet the central glow and thin lines feel like familiar default music-poster effects.",78,"The strongest evidence is in typography (88): Excellent headline scale and color contrast combine with a disciplined, complete information block and readable performer names. The principal limitation is concept (74): The heartbeat-like line and red glow are readable sound symbols, yet feel too generic to identify an experimental jazz festival. The remaining evidence is composition 80, concept 74, typography 88, and craft 78. Holistically, the typography strength helps, but the weaker concept dimension keeps the poster from fully resolving as one system."
PG04_I09,task_04,SELF,2,results_b200_3/poster_aesthetic5/qwen38/experiment/SELF/task_04/round_02/render.png,"Create a bold cultural poster for a late-night experimental jazz festival. Develop a visual concept that conveys improvisation, tension, syncopation, and live musical energy. You may draw from instruments, performers, sound, rhythm, repetition, interruption, or abstract forms, but avoid simply placing decorative musical notes around the page. Required text: BLUE HOUR / RED NOISE; A night of improvised sound; Friday, September 27 · Doors 7 PM; The Foundry · East River District; featuring Nia Cole Quartet · Static Bloom · Armand Vale. The poster should feel distinctive enough to function as the festival’s identity. All performer names must remain readable, but they should support rather than overpower the main visual idea. Do not design a timetable, ticketing page, collection of cards, or informational interface. Create one unified poster composition.",74,"The heartbeat-like line and red glow are readable sound symbols, yet feel too generic to identify an experimental jazz festival.",82,"The waveform bridges the oversized title to the glowing lower-right focal zone, yielding a clean and energetic left-to-right sequence.",84,"The title integrates convincingly with sharp rhythmic strokes; all required copy is readable, though the subtitle is slightly small.",78,"Electric blue and hot red work forcefully against near-black, while the red orb adds depth; minor glow softness keeps it short of pristine.",79,"The strongest evidence is in typography (84): The title integrates convincingly with sharp rhythmic strokes; all required copy is readable, though the subtitle is slightly small. The principal limitation is concept (74): The heartbeat-like line and red glow are readable sound symbols, yet feel too generic to identify an experimental jazz festival. The remaining evidence is composition 82, concept 74, typography 84, and craft 78. Holistically, the typography strength helps, but the weaker concept dimension keeps the poster from fully resolving as one system."
PG04_I10,task_04,FUSED,3,results_b200_3/poster_aesthetic5/qwen38/experiment/FUSED/task_04/round_03/render.png,"Create a bold cultural poster for a late-night experimental jazz festival. Develop a visual concept that conveys improvisation, tension, syncopation, and live musical energy. You may draw from instruments, performers, sound, rhythm, repetition, interruption, or abstract forms, but avoid simply placing decorative musical notes around the page. Required text: BLUE HOUR / RED NOISE; A night of improvised sound; Friday, September 27 · Doors 7 PM; The Foundry · East River District; featuring Nia Cole Quartet · Static Bloom · Armand Vale. The poster should feel distinctive enough to function as the festival’s identity. All performer names must remain readable, but they should support rather than overpower the main visual idea. Do not design a timetable, ticketing page, collection of cards, or informational interface. Create one unified poster composition.",80,"The curling turbulent waveform around a resonant circular pulse conveys unstable live energy, though the abstraction leans electronic rather than jazz-specific.",85,"Diagonal red strokes, the upper waveform, and the offset circular pulse create layered directions that keep the eye moving without losing headline dominance.",70,"Distressed title texture and diagonal marks create energy, but performer copy is partially crossed and the small venue line loses clarity.",82,"The jagged red-blue lines and textured circular glow create solid sonic tension, with mostly clean layering despite some visual fuss.",78,"The strongest evidence is in composition (85): Diagonal red strokes, the upper waveform, and the offset circular pulse create layered directions that keep the eye moving without losing headline dominance. The principal limitation is typography (70): Distressed title texture and diagonal marks create energy, but performer copy is partially crossed and the small venue line loses clarity. The remaining evidence is composition 85, concept 80, typography 70, and craft 82. Holistically, the composition strength helps, but the weaker typography dimension keeps the poster from fully resolving as one system."
PG04_I11,task_04,CEN_MAD,2,results_b200_3/poster_aesthetic5/qwen38/experiment/CEN_MAD/task_04/round_02/render.png,"Create a bold cultural poster for a late-night experimental jazz festival. Develop a visual concept that conveys improvisation, tension, syncopation, and live musical energy. You may draw from instruments, performers, sound, rhythm, repetition, interruption, or abstract forms, but avoid simply placing decorative musical notes around the page. Required text: BLUE HOUR / RED NOISE; A night of improvised sound; Friday, September 27 · Doors 7 PM; The Foundry · East River District; featuring Nia Cole Quartet · Static Bloom · Armand Vale. The poster should feel distinctive enough to function as the festival’s identity. All performer names must remain readable, but they should support rather than overpower the main visual idea. Do not design a timetable, ticketing page, collection of cards, or informational interface. Create one unified poster composition.",82,"Multiple angular lines collide and diverge across the title, making syncopation and competing instrumental voices visually tangible.",89,"A broad looping curve sweeps around the title and drops to the lower-right performer block, creating excellent enclosure, tension, and a sustained viewer path.",88,"The waveform threads through the large title with genuine syncopation, while the required event and performer blocks remain complete.",84,"The sweeping blue arc, sharp wave trace, and sparse red marks create elegant spatial depth and a polished late-night palette.",87,"The strongest evidence is in composition (89): A broad looping curve sweeps around the title and drops to the lower-right performer block, creating excellent enclosure, tension, and a sustained viewer path. The principal limitation is concept (82): Multiple angular lines collide and diverge across the title, making syncopation and competing instrumental voices visually tangible. The remaining evidence is composition 89, concept 82, typography 88, and craft 84. Holistically, the composition strength helps, but the weaker concept dimension keeps the poster from fully resolving as one system."
PG04_I12,task_04,FUSED,4,results_b200_3/poster_aesthetic5/qwen38/experiment/FUSED/task_04/round_04/render.png,"Create a bold cultural poster for a late-night experimental jazz festival. Develop a visual concept that conveys improvisation, tension, syncopation, and live musical energy. You may draw from instruments, performers, sound, rhythm, repetition, interruption, or abstract forms, but avoid simply placing decorative musical notes around the page. Required text: BLUE HOUR / RED NOISE; A night of improvised sound; Friday, September 27 · Doors 7 PM; The Foundry · East River District; featuring Nia Cole Quartet · Static Bloom · Armand Vale. The poster should feel distinctive enough to function as the festival’s identity. All performer names must remain readable, but they should support rather than overpower the main visual idea. Do not design a timetable, ticketing page, collection of cards, or informational interface. Create one unified poster composition.",78,"The restrained interrupted signal and offset radial form suggest pauses and syncopation, but the concept is visually understated.",84,"The central title is framed by opposed horizontal wave lines and an offset pulse, producing a stable yet rhythmic hierarchy with good secondary placement.",73,"The re-centered event and lineup copy fights the title and waveform, weakening reading order and reducing venue clarity.",80,"The centered waveform and grainy red disc are atmospheric, but lower-detail glow treatment and minor muddiness limit refinement.",78,"The strongest evidence is in composition (84): The central title is framed by opposed horizontal wave lines and an offset pulse, producing a stable yet rhythmic hierarchy with good secondary placement. The principal limitation is typography (73): The re-centered event and lineup copy fights the title and waveform, weakening reading order and reducing venue clarity. The remaining evidence is composition 84, concept 78, typography 73, and craft 80. Holistically, the composition strength helps, but the weaker typography dimension keeps the poster from fully resolving as one system."
PG04_I13,task_04,CEN_MAD,5,results_b200_3/poster_aesthetic5/qwen38/experiment/CEN_MAD/task_04/round_05/render.png,"Create a bold cultural poster for a late-night experimental jazz festival. Develop a visual concept that conveys improvisation, tension, syncopation, and live musical energy. You may draw from instruments, performers, sound, rhythm, repetition, interruption, or abstract forms, but avoid simply placing decorative musical notes around the page. Required text: BLUE HOUR / RED NOISE; A night of improvised sound; Friday, September 27 · Doors 7 PM; The Foundry · East River District; featuring Nia Cole Quartet · Static Bloom · Armand Vale. The poster should feel distinctive enough to function as the festival’s identity. All performer names must remain readable, but they should support rather than overpower the main visual idea. Do not design a timetable, ticketing page, collection of cards, or informational interface. Create one unified poster composition.",87,"A dense field of vibrating vertical marks cut by a contrasting line vividly stages collective noise, interruption, and solo improvisation.",91,"The vertical noise field, horizontal interference band, and jagged central break create exceptional syncopated tension and make the entire frame operate as one composition.",62,"Heavy glitch texture slices through headline and supporting copy, making the expressive typography materially harder to comprehend.",89,"The dense red noise field, blue scan line, and glowing lower register create powerful tactile interference with exceptional layered craft.",80,"The strongest evidence is in composition (91): The vertical noise field, horizontal interference band, and jagged central break create exceptional syncopated tension and make the entire frame operate as one composition. The principal limitation is typography (62): Heavy glitch texture slices through headline and supporting copy, making the expressive typography materially harder to comprehend. The remaining evidence is composition 91, concept 87, typography 62, and craft 89. Holistically, the composition strength helps, but the weaker typography dimension keeps the poster from fully resolving as one system."
PG04_I14,task_04,R0,0,results_b200_3/poster_aesthetic5/qwen38/experiment/SELF/task_04/r0.png,"Create a bold cultural poster for a late-night experimental jazz festival. Develop a visual concept that conveys improvisation, tension, syncopation, and live musical energy. You may draw from instruments, performers, sound, rhythm, repetition, interruption, or abstract forms, but avoid simply placing decorative musical notes around the page. Required text: BLUE HOUR / RED NOISE; A night of improvised sound; Friday, September 27 · Doors 7 PM; The Foundry · East River District; featuring Nia Cole Quartet · Static Bloom · Armand Vale. The poster should feel distinctive enough to function as the festival’s identity. All performer names must remain readable, but they should support rather than overpower the main visual idea. Do not design a timetable, ticketing page, collection of cards, or informational interface. Create one unified poster composition.",74,"The heartbeat-like line and red glow are readable sound symbols, yet feel too generic to identify an experimental jazz festival.",82,"The waveform bridges the oversized title to the glowing lower-right focal zone, yielding a clean and energetic left-to-right sequence.",87,"Large clean title, italic subtitle, and ordered left information block deliver complete festival messaging with strong distance impact.",78,"Electric blue and hot red work forcefully against near-black, while the red orb adds depth; minor glow softness keeps it short of pristine.",79,"The strongest evidence is in typography (87): Large clean title, italic subtitle, and ordered left information block deliver complete festival messaging with strong distance impact. The principal limitation is concept (74): The heartbeat-like line and red glow are readable sound symbols, yet feel too generic to identify an experimental jazz festival. The remaining evidence is composition 82, concept 74, typography 87, and craft 78. Holistically, the typography strength helps, but the weaker concept dimension keeps the poster from fully resolving as one system."
PG04_I15,task_04,MAD,1,results_b200_3/poster_aesthetic5/qwen38/experiment/MAD/task_04/round_01/render.png,"Create a bold cultural poster for a late-night experimental jazz festival. Develop a visual concept that conveys improvisation, tension, syncopation, and live musical energy. You may draw from instruments, performers, sound, rhythm, repetition, interruption, or abstract forms, but avoid simply placing decorative musical notes around the page. Required text: BLUE HOUR / RED NOISE; A night of improvised sound; Friday, September 27 · Doors 7 PM; The Foundry · East River District; featuring Nia Cole Quartet · Static Bloom · Armand Vale. The poster should feel distinctive enough to function as the festival’s identity. All performer names must remain readable, but they should support rather than overpower the main visual idea. Do not design a timetable, ticketing page, collection of cards, or informational interface. Create one unified poster composition.",81,A compressed burst of irregular red-blue signals gives the title a convincing syncopated attack and live sonic intensity.,86,"Overlapping vertical spikes cut forcefully through the large title and descend toward the right, creating energetic depth and controlled visual interruption.",77,Dense waveform overlap enlivens the title but noticeably harms letter clarity; the supporting hierarchy remains complete and readable.,86,"The waveform density is lively and cleanly colored, with subtle dark red geometry adding depth without diluting the neon system.",82,"The strongest evidence is in composition (86): Overlapping vertical spikes cut forcefully through the large title and descend toward the right, creating energetic depth and controlled visual interruption. The principal limitation is typography (77): Dense waveform overlap enlivens the title but noticeably harms letter clarity; the supporting hierarchy remains complete and readable. The remaining evidence is composition 86, concept 81, typography 77, and craft 86. Holistically, the composition strength helps, but the weaker typography dimension keeps the poster from fully resolving as one system."
PG04_I16,task_04,MAD,5,results_b200_3/poster_aesthetic5/qwen38/experiment/MAD/task_04/round_05/render.png,"Create a bold cultural poster for a late-night experimental jazz festival. Develop a visual concept that conveys improvisation, tension, syncopation, and live musical energy. You may draw from instruments, performers, sound, rhythm, repetition, interruption, or abstract forms, but avoid simply placing decorative musical notes around the page. Required text: BLUE HOUR / RED NOISE; A night of improvised sound; Friday, September 27 · Doors 7 PM; The Foundry · East River District; featuring Nia Cole Quartet · Static Bloom · Armand Vale. The poster should feel distinctive enough to function as the festival’s identity. All performer names must remain readable, but they should support rather than overpower the main visual idea. Do not design a timetable, ticketing page, collection of cards, or informational interface. Create one unified poster composition.",79,"Scattered geometric beats and a long diagonal line create an appealing notation-like rhythm, though the sparse symbols feel somewhat decorative.",85,"Sparse colored blocks and a long diagonal line exploit negative space well, pulling from the dominant left title toward the compact lower-right lineup.",89,"The title and diagonal interruption form a bold identity, and the complete lineup is cleanly shifted to the opposite corner without losing hierarchy.",79,"The diagonal color blocks and thin red-blue trajectory are crisp, but the sparse field feels slightly template-like.",82,"The strongest evidence is in typography (89): The title and diagonal interruption form a bold identity, and the complete lineup is cleanly shifted to the opposite corner without losing hierarchy. The principal limitation is concept (79): Scattered geometric beats and a long diagonal line create an appealing notation-like rhythm, though the sparse symbols feel somewhat decorative. The remaining evidence is composition 85, concept 79, typography 89, and craft 79. Holistically, the typography strength helps, but the weaker concept dimension keeps the poster from fully resolving as one system."
PG04_I17,task_04,AXES,1,results_b200_3/poster_aesthetic5/qwen38/experiment/AXES/task_04/round_01/render.png,"Create a bold cultural poster for a late-night experimental jazz festival. Develop a visual concept that conveys improvisation, tension, syncopation, and live musical energy. You may draw from instruments, performers, sound, rhythm, repetition, interruption, or abstract forms, but avoid simply placing decorative musical notes around the page. Required text: BLUE HOUR / RED NOISE; A night of improvised sound; Friday, September 27 · Doors 7 PM; The Foundry · East River District; featuring Nia Cole Quartet · Static Bloom · Armand Vale. The poster should feel distinctive enough to function as the festival’s identity. All performer names must remain readable, but they should support rather than overpower the main visual idea. Do not design a timetable, ticketing page, collection of cards, or informational interface. Create one unified poster composition.",83,"The title is physically disrupted by a dense waveform, effectively turning musical noise into an active visual collision.",85,"Irregular spikes burst through the headline and establish a convincing central rhythm, while the low glow and left details supply quieter secondary beats.",72,"Typography is complete, but waveform clutter obscures the title and makes the subtitle and smaller event lines feel squeezed.",82,"The layered red-blue waveform has good rhythmic intensity and a coherent dark palette, though some crossings become muddy.",80,"The strongest evidence is in composition (85): Irregular spikes burst through the headline and establish a convincing central rhythm, while the low glow and left details supply quieter secondary beats. The principal limitation is typography (72): Typography is complete, but waveform clutter obscures the title and makes the subtitle and smaller event lines feel squeezed. The remaining evidence is composition 85, concept 83, typography 72, and craft 82. Holistically, the composition strength helps, but the weaker typography dimension keeps the poster from fully resolving as one system."
PG04_I18,task_04,CEN_MAD,3,results_b200_3/poster_aesthetic5/qwen38/experiment/CEN_MAD/task_04/round_03/render.png,"Create a bold cultural poster for a late-night experimental jazz festival. Develop a visual concept that conveys improvisation, tension, syncopation, and live musical energy. You may draw from instruments, performers, sound, rhythm, repetition, interruption, or abstract forms, but avoid simply placing decorative musical notes around the page. Required text: BLUE HOUR / RED NOISE; A night of improvised sound; Friday, September 27 · Doors 7 PM; The Foundry · East River District; featuring Nia Cole Quartet · Static Bloom · Armand Vale. The poster should feel distinctive enough to function as the festival’s identity. All performer names must remain readable, but they should support rather than overpower the main visual idea. Do not design a timetable, ticketing page, collection of cards, or informational interface. Create one unified poster composition.",79,"Layered irregular signal lines imply multiple improvising voices, but the familiar waveform device limits memorability.",79,"The stepped title and narrow waveform are crisp and readable, but the broad lower field remains underused and the composition feels mostly top-heavy.",82,The distressed RED NOISE lettering supplies a specific abrasive voice while all required details and performers remain readable.,87,"The rough red typography and granular waveform texture feel materially specific and cohesive, delivering strong underground-club atmosphere.",81,"The strongest evidence is in craft (87): The rough red typography and granular waveform texture feel materially specific and cohesive, delivering strong underground-club atmosphere. The principal limitation is concept (79): Layered irregular signal lines imply multiple improvising voices, but the familiar waveform device limits memorability. The remaining evidence is composition 79, concept 79, typography 82, and craft 87. Holistically, the craft strength helps, but the weaker concept dimension keeps the poster from fully resolving as one system."
PG04_I19,task_04,AXES,2,results_b200_3/poster_aesthetic5/qwen38/experiment/AXES/task_04/round_02/render.png,"Create a bold cultural poster for a late-night experimental jazz festival. Develop a visual concept that conveys improvisation, tension, syncopation, and live musical energy. You may draw from instruments, performers, sound, rhythm, repetition, interruption, or abstract forms, but avoid simply placing decorative musical notes around the page. Required text: BLUE HOUR / RED NOISE; A night of improvised sound; Friday, September 27 · Doors 7 PM; The Foundry · East River District; featuring Nia Cole Quartet · Static Bloom · Armand Vale. The poster should feel distinctive enough to function as the festival’s identity. All performer names must remain readable, but they should support rather than overpower the main visual idea. Do not design a timetable, ticketing page, collection of cards, or informational interface. Create one unified poster composition.",80,The signal line breaking into unstable geometry gives improvisation a clear tension-to-fragmentation narrative.,86,"The dense waveform extends across the title into fine trailing lines, with a lower-right geometric echo creating layered rhythm and purposeful asymmetry.",76,"The title is forceful and integrated with the waveform, but crowded oscillations and small supporting type reduce clarity.",84,"The expanding central waveform and outlined red squares are well integrated, with clean contrast and a convincing sonic depth field.",81,"The strongest evidence is in composition (86): The dense waveform extends across the title into fine trailing lines, with a lower-right geometric echo creating layered rhythm and purposeful asymmetry. The principal limitation is typography (76): The title is forceful and integrated with the waveform, but crowded oscillations and small supporting type reduce clarity. The remaining evidence is composition 86, concept 80, typography 76, and craft 84. Holistically, the composition strength helps, but the weaker typography dimension keeps the poster from fully resolving as one system."
PG04_I20,task_04,AXES,4,results_b200_3/poster_aesthetic5/qwen38/experiment/AXES/task_04/round_04/render.png,"Create a bold cultural poster for a late-night experimental jazz festival. Develop a visual concept that conveys improvisation, tension, syncopation, and live musical energy. You may draw from instruments, performers, sound, rhythm, repetition, interruption, or abstract forms, but avoid simply placing decorative musical notes around the page. Required text: BLUE HOUR / RED NOISE; A night of improvised sound; Friday, September 27 · Doors 7 PM; The Foundry · East River District; featuring Nia Cole Quartet · Static Bloom · Armand Vale. The poster should feel distinctive enough to function as the festival’s identity. All performer names must remain readable, but they should support rather than overpower the main visual idea. Do not design a timetable, ticketing page, collection of cards, or informational interface. Create one unified poster composition.",84,"Dense red and blue traces erupt through the title like competing improvised lines, giving the festival a forceful rhythmic identity.",88,"Tall oscillating bars overwhelm and interlock with the headline, creating powerful scale contrast and a highly active central field balanced by the left details.",64,"Extreme waveform density obscures large portions of the title and encroaches on metadata, damaging comprehension despite complete copy.",92,"The massive interwoven red-blue waveform is the most immersive treatment, combining controlled saturation, depth, and meticulous line layering.",80,"The strongest evidence is in craft (92): The massive interwoven red-blue waveform is the most immersive treatment, combining controlled saturation, depth, and meticulous line layering. The principal limitation is typography (64): Extreme waveform density obscures large portions of the title and encroaches on metadata, damaging comprehension despite complete copy. The remaining evidence is composition 88, concept 84, typography 64, and craft 92. Holistically, the craft strength helps, but the weaker typography dimension keeps the poster from fully resolving as one system."
PG04_I21,task_04,AXES,5,results_b200_3/poster_aesthetic5/qwen38/experiment/AXES/task_04/round_05/render.png,"Create a bold cultural poster for a late-night experimental jazz festival. Develop a visual concept that conveys improvisation, tension, syncopation, and live musical energy. You may draw from instruments, performers, sound, rhythm, repetition, interruption, or abstract forms, but avoid simply placing decorative musical notes around the page. Required text: BLUE HOUR / RED NOISE; A night of improvised sound; Friday, September 27 · Doors 7 PM; The Foundry · East River District; featuring Nia Cole Quartet · Static Bloom · Armand Vale. The poster should feel distinctive enough to function as the festival’s identity. All performer names must remain readable, but they should support rather than overpower the main visual idea. Do not design a timetable, ticketing page, collection of cards, or informational interface. Create one unified poster composition.",84,"Dense red and blue traces erupt through the title like competing improvised lines, giving the festival a forceful rhythmic identity.",87,"The towering noise pattern forms a strong right-side wall against the left-aligned title, generating tension and an energetic lateral push.",67,"The dramatic oscillation texture overwhelms RED NOISE and places Armand Vale awkwardly apart, weakening both headline and lineup hierarchy.",91,"The similarly dense waveform field has excellent chromatic vibration and depth, with only slight crowding around type.",80,"The strongest evidence is in craft (91): The similarly dense waveform field has excellent chromatic vibration and depth, with only slight crowding around type. The principal limitation is typography (67): The dramatic oscillation texture overwhelms RED NOISE and places Armand Vale awkwardly apart, weakening both headline and lineup hierarchy. The remaining evidence is composition 87, concept 84, typography 67, and craft 91. Holistically, the craft strength helps, but the weaker typography dimension keeps the poster from fully resolving as one system."
PG04_I22,task_04,MAD,2,results_b200_3/poster_aesthetic5/qwen38/experiment/MAD/task_04/round_02/render.png,"Create a bold cultural poster for a late-night experimental jazz festival. Develop a visual concept that conveys improvisation, tension, syncopation, and live musical energy. You may draw from instruments, performers, sound, rhythm, repetition, interruption, or abstract forms, but avoid simply placing decorative musical notes around the page. Required text: BLUE HOUR / RED NOISE; A night of improvised sound; Friday, September 27 · Doors 7 PM; The Foundry · East River District; featuring Nia Cole Quartet · Static Bloom · Armand Vale. The poster should feel distinctive enough to function as the festival’s identity. All performer names must remain readable, but they should support rather than overpower the main visual idea. Do not design a timetable, ticketing page, collection of cards, or informational interface. Create one unified poster composition.",72,A thin interrupted horizontal signal is conceptually relevant but too minimal and generic to carry the festival's improvisational energy.,80,"The title has strong dominance and the fine orthogonal lines create measured structure, but the centered crosshair arrangement feels controlled rather than improvisational.",86,"A clean two-color title and sparse waveform create strong distance readability, with complete event and performer information.",75,"The restrained horizontal pulse line is clean and readable, but the sparse surface lacks the texture and atmospheric depth of stronger variants.",77,"The strongest evidence is in typography (86): A clean two-color title and sparse waveform create strong distance readability, with complete event and performer information. The principal limitation is concept (72): A thin interrupted horizontal signal is conceptually relevant but too minimal and generic to carry the festival's improvisational energy. The remaining evidence is composition 80, concept 72, typography 86, and craft 75. Holistically, the typography strength helps, but the weaker concept dimension keeps the poster from fully resolving as one system."
PG04_I23,task_04,CEN_MAD,1,results_b200_3/poster_aesthetic5/qwen38/experiment/CEN_MAD/task_04/round_01/render.png,"Create a bold cultural poster for a late-night experimental jazz festival. Develop a visual concept that conveys improvisation, tension, syncopation, and live musical energy. You may draw from instruments, performers, sound, rhythm, repetition, interruption, or abstract forms, but avoid simply placing decorative musical notes around the page. Required text: BLUE HOUR / RED NOISE; A night of improvised sound; Friday, September 27 · Doors 7 PM; The Foundry · East River District; featuring Nia Cole Quartet · Static Bloom · Armand Vale. The poster should feel distinctive enough to function as the festival’s identity. All performer names must remain readable, but they should support rather than overpower the main visual idea. Do not design a timetable, ticketing page, collection of cards, or informational interface. Create one unified poster composition.",81,"The waveform gives way to a huge sweeping curve, producing a persuasive visual shift from measured rhythm to free improvisation.",90,"A huge looping curve sweeps from the title around the glowing pulse and back to the lineup, creating an unusually complete and dynamic circulation.",88,The headline participates dynamically in the crossing lines while all required copy remains clear and well ordered.,85,"The blue arc, central waveform, and red glow create a spacious yet energetic field with well-managed luminous depth.",87,"The strongest evidence is in composition (90): A huge looping curve sweeps from the title around the glowing pulse and back to the lineup, creating an unusually complete and dynamic circulation. The principal limitation is concept (81): The waveform gives way to a huge sweeping curve, producing a persuasive visual shift from measured rhythm to free improvisation. The remaining evidence is composition 90, concept 81, typography 88, and craft 85. Holistically, the composition strength helps, but the weaker concept dimension keeps the poster from fully resolving as one system."
PG04_I24,task_04,FUSED,5,results_b200_3/poster_aesthetic5/qwen38/experiment/FUSED/task_04/round_05/render.png,"Create a bold cultural poster for a late-night experimental jazz festival. Develop a visual concept that conveys improvisation, tension, syncopation, and live musical energy. You may draw from instruments, performers, sound, rhythm, repetition, interruption, or abstract forms, but avoid simply placing decorative musical notes around the page. Required text: BLUE HOUR / RED NOISE; A night of improvised sound; Friday, September 27 · Doors 7 PM; The Foundry · East River District; featuring Nia Cole Quartet · Static Bloom · Armand Vale. The poster should feel distinctive enough to function as the festival’s identity. All performer names must remain readable, but they should support rather than overpower the main visual idea. Do not design a timetable, ticketing page, collection of cards, or informational interface. Create one unified poster composition.",85,"Hand-painted blue and red strokes make the two-part title feel like opposing instrumental gestures, specific and tactile rather than digitally decorative.",89,"The rough oversized title, scattered marks, and undulating lower line create distinct spatial beats and a bold path across the full width.",94,Hand-painted title letters give the festival a distinctive improvised voice; the complete lineup and event details remain surprisingly clear and balanced.,88,"The torn blue-red lettering and irregular noise fragments produce a distinctive tactile finish, with purposeful roughness rather than gratuitous distortion.",91,"The strongest evidence is in typography (94): Hand-painted title letters give the festival a distinctive improvised voice; the complete lineup and event details remain surprisingly clear and balanced. The principal limitation is concept (85): Hand-painted blue and red strokes make the two-part title feel like opposing instrumental gestures, specific and tactile rather than digitally decorative. The remaining evidence is composition 89, concept 85, typography 94, and craft 88. Holistically, the typography strength helps, but the weaker concept dimension keeps the poster from fully resolving as one system."
PG04_I25,task_04,MAD,4,results_b200_3/poster_aesthetic5/qwen38/experiment/MAD/task_04/round_04/render.png,"Create a bold cultural poster for a late-night experimental jazz festival. Develop a visual concept that conveys improvisation, tension, syncopation, and live musical energy. You may draw from instruments, performers, sound, rhythm, repetition, interruption, or abstract forms, but avoid simply placing decorative musical notes around the page. Required text: BLUE HOUR / RED NOISE; A night of improvised sound; Friday, September 27 · Doors 7 PM; The Foundry · East River District; featuring Nia Cole Quartet · Static Bloom · Armand Vale. The poster should feel distinctive enough to function as the festival’s identity. All performer names must remain readable, but they should support rather than overpower the main visual idea. Do not design a timetable, ticketing page, collection of cards, or informational interface. Create one unified poster composition.",83,A rigid diagonal beam colliding with broken rhythmic blocks creates a sharp visual metaphor for structure interrupted by improvisation.,88,"A chain of colored blocks and long diagonal slash drive sharply away from the title, using empty space and edge direction to create memorable tension.",80,"The diagonal blocks energize the headline, but the all-caps subtitle is partly crossed and performer alignment becomes decorative rather than maximally clear.",81,"The red-blue blocks and laser diagonal are crisp and coherent, though the smooth shapes feel less materially rich than the waveform-led designs.",84,"The strongest evidence is in composition (88): A chain of colored blocks and long diagonal slash drive sharply away from the title, using empty space and edge direction to create memorable tension. The principal limitation is typography (80): The diagonal blocks energize the headline, but the all-caps subtitle is partly crossed and performer alignment becomes decorative rather than maximally clear. The remaining evidence is composition 88, concept 83, typography 80, and craft 81. Holistically, the composition strength helps, but the weaker typography dimension keeps the poster from fully resolving as one system."
PG04_I26,task_04,SELF,4,results_b200_3/poster_aesthetic5/qwen38/experiment/SELF/task_04/round_04/render.png,"Create a bold cultural poster for a late-night experimental jazz festival. Develop a visual concept that conveys improvisation, tension, syncopation, and live musical energy. You may draw from instruments, performers, sound, rhythm, repetition, interruption, or abstract forms, but avoid simply placing decorative musical notes around the page. Required text: BLUE HOUR / RED NOISE; A night of improvised sound; Friday, September 27 · Doors 7 PM; The Foundry · East River District; featuring Nia Cole Quartet · Static Bloom · Armand Vale. The poster should feel distinctive enough to function as the festival’s identity. All performer names must remain readable, but they should support rather than overpower the main visual idea. Do not design a timetable, ticketing page, collection of cards, or informational interface. Create one unified poster composition.",74,"The red-blue waveform translates noise and syncopation directly, but it is a familiar audio-visualization solution with limited live-performance character.",82,The massive two-line title dominates decisively while the waveform cuts across it and leads toward the red lower-right glow and compact left details.,88,"The large title, restrained waveform, and well-spaced full information block establish a confident, readable festival identity.",78,"Electric blue and hot red work forcefully against near-black, while the red orb adds depth; minor glow softness keeps it short of pristine.",79,"The strongest evidence is in typography (88): The large title, restrained waveform, and well-spaced full information block establish a confident, readable festival identity. The principal limitation is concept (74): The red-blue waveform translates noise and syncopation directly, but it is a familiar audio-visualization solution with limited live-performance character. The remaining evidence is composition 82, concept 74, typography 88, and craft 78. Holistically, the typography strength helps, but the weaker concept dimension keeps the poster from fully resolving as one system."
PG05_I01,task_05,SELF,4,results_b200_3/poster_aesthetic5/qwen38/experiment/SELF/task_05/round_04/render.png,"Create an evocative theatrical poster for an independent film about memory, distance, and a slowly disappearing hometown. Develop a central visual suggesting a coastal town, an empty road, fading architecture, a distant human presence, or another image that conveys the uncertainty of remembering a place. The poster should imply a story without literally illustrating every narrative detail. Required text: WHERE THE HOUSES END; A film by Mara Venn; Some places disappear twice.; In selected theatres this winter. The result should feel cinematic, emotionally restrained, and visually specific to this film. Avoid generic streaming thumbnails, actor-credit grids, fake review quotes, and conventional template treatments. Do not design a webpage, collection of panels, or informational interface. Create one unified theatrical poster composition.",78,"Two isolated lit houses beneath an enormous pale horizon create restrained distance and disappearance, though the scene is archetypal rather than film-specific.",80,"The title, moon, horizon, houses, and road form a lucid sequence of descending scale, though the near-perfect bilateral symmetry reduces tension.",84,"The widely tracked title has cinematic restraint, and all required lines form a delicate but legible lower sequence integrated with the road.",84,"The blue-gray twilight bands, warm window lights, and soft mist create a restrained melancholic atmosphere with clean tonal layering.",81,"The strongest evidence is in typography (84): The widely tracked title has cinematic restraint, and all required lines form a delicate but legible lower sequence integrated with the road. The principal limitation is concept (78): Two isolated lit houses beneath an enormous pale horizon create restrained distance and disappearance, though the scene is archetypal rather than film-specific. The remaining evidence is composition 80, concept 78, typography 84, and craft 84. Holistically, the typography strength helps, but the weaker concept dimension keeps the poster from fully resolving as one system."
PG05_I02,task_05,SELF,1,results_b200_3/poster_aesthetic5/qwen38/experiment/SELF/task_05/round_01/render.png,"Create an evocative theatrical poster for an independent film about memory, distance, and a slowly disappearing hometown. Develop a central visual suggesting a coastal town, an empty road, fading architecture, a distant human presence, or another image that conveys the uncertainty of remembering a place. The poster should imply a story without literally illustrating every narrative detail. Required text: WHERE THE HOUSES END; A film by Mara Venn; Some places disappear twice.; In selected theatres this winter. The result should feel cinematic, emotionally restrained, and visually specific to this film. Avoid generic streaming thumbnails, actor-credit grids, fake review quotes, and conventional template treatments. Do not design a webpage, collection of panels, or informational interface. Create one unified theatrical poster composition.",78,"Two isolated lit houses beneath an enormous pale horizon create restrained distance and disappearance, though the scene is archetypal rather than film-specific.",78,"The small offset houses and lamp break the broad horizontal bands gently, but the moon and title remain conventionally centered and dominant.",86,"Elegant title spacing and a centered lower hierarchy keep all required copy complete, atmospheric, and readable.",83,"The moonlit cyan-gray field and tiny amber windows are cohesive and polished, though the broad bands feel slightly schematic.",80,"The strongest evidence is in typography (86): Elegant title spacing and a centered lower hierarchy keep all required copy complete, atmospheric, and readable. The principal limitation is concept (78): Two isolated lit houses beneath an enormous pale horizon create restrained distance and disappearance, though the scene is archetypal rather than film-specific. The remaining evidence is composition 78, concept 78, typography 86, and craft 83. Holistically, the typography strength helps, but the weaker concept dimension keeps the poster from fully resolving as one system."
PG05_I03,task_05,FUSED,5,results_b200_3/poster_aesthetic5/qwen38/experiment/FUSED/task_05/round_05/render.png,"Create an evocative theatrical poster for an independent film about memory, distance, and a slowly disappearing hometown. Develop a central visual suggesting a coastal town, an empty road, fading architecture, a distant human presence, or another image that conveys the uncertainty of remembering a place. The poster should imply a story without literally illustrating every narrative detail. Required text: WHERE THE HOUSES END; A film by Mara Venn; Some places disappear twice.; In selected theatres this winter. The result should feel cinematic, emotionally restrained, and visually specific to this film. Avoid generic streaming thumbnails, actor-credit grids, fake review quotes, and conventional template treatments. Do not design a webpage, collection of panels, or informational interface. Create one unified theatrical poster composition.",84,A road dissolving into a small cluster of houses under fog gives memory a compelling spatial destination and suggests an untold return narrative.,88,"The looming central house cluster, narrowing road, and large turbulent sky create strong depth and a compelling axial pull from title into the town.",71,"The title is clear, but the byline and release line are faint and the copy sits as small overlays rather than fully participating in the image.",89,"The smoky turquoise sky, clustered black houses, and warm windows create exceptional cinematic isolation with nuanced fog and depth.",82,"The strongest evidence is in craft (89): The smoky turquoise sky, clustered black houses, and warm windows create exceptional cinematic isolation with nuanced fog and depth. The principal limitation is typography (71): The title is clear, but the byline and release line are faint and the copy sits as small overlays rather than fully participating in the image. The remaining evidence is composition 88, concept 84, typography 71, and craft 89. Holistically, the craft strength helps, but the weaker typography dimension keeps the poster from fully resolving as one system."
PG05_I04,task_05,FUSED,1,results_b200_3/poster_aesthetic5/qwen38/experiment/FUSED/task_05/round_01/render.png,"Create an evocative theatrical poster for an independent film about memory, distance, and a slowly disappearing hometown. Develop a central visual suggesting a coastal town, an empty road, fading architecture, a distant human presence, or another image that conveys the uncertainty of remembering a place. The poster should imply a story without literally illustrating every narrative detail. Required text: WHERE THE HOUSES END; A film by Mara Venn; Some places disappear twice.; In selected theatres this winter. The result should feel cinematic, emotionally restrained, and visually specific to this film. Avoid generic streaming thumbnails, actor-credit grids, fake review quotes, and conventional template treatments. Do not design a webpage, collection of panels, or informational interface. Create one unified theatrical poster composition.",79,"The paired houses and lone shoreline pole feel quietly abandoned, but the static symmetry makes the idea more emblematic than cinematic.",79,"Layered horizon bands and a central road guide the eye clearly, while the separated houses add rhythm; the overall arrangement remains rather symmetrical.",69,"The title has strong cinematic scale, yet the byline is tiny near the moon and the release line is too faint for reliable comprehension.",82,"The cool gradient and softened horizon feel cohesive, but low local contrast and simplified surfaces make the finish less vivid.",76,"The strongest evidence is in craft (82): The cool gradient and softened horizon feel cohesive, but low local contrast and simplified surfaces make the finish less vivid. The principal limitation is typography (69): The title has strong cinematic scale, yet the byline is tiny near the moon and the release line is too faint for reliable comprehension. The remaining evidence is composition 79, concept 79, typography 69, and craft 82. Holistically, the craft strength helps, but the weaker typography dimension keeps the poster from fully resolving as one system."
PG05_I05,task_05,MAD,4,results_b200_3/poster_aesthetic5/qwen38/experiment/MAD/task_05/round_04/render.png,"Create an evocative theatrical poster for an independent film about memory, distance, and a slowly disappearing hometown. Develop a central visual suggesting a coastal town, an empty road, fading architecture, a distant human presence, or another image that conveys the uncertainty of remembering a place. The poster should imply a story without literally illustrating every narrative detail. Required text: WHERE THE HOUSES END; A film by Mara Venn; Some places disappear twice.; In selected theatres this winter. The result should feel cinematic, emotionally restrained, and visually specific to this film. Avoid generic streaming thumbnails, actor-credit grids, fake review quotes, and conventional template treatments. Do not design a webpage, collection of panels, or informational interface. Create one unified theatrical poster composition.",85,Translucent duplicate houses at the road's end turn the hometown into a fading memory with an immediately legible cinematic metaphor.,84,"The bright road wedge expands toward the viewer and strongly anchors the low center, creating scale depth between tiny houses, horizon, and headline.",88,"The title and byline are precisely spaced, while the tagline and release line follow the road perspective in a complete, cohesive hierarchy.",85,"The desaturated road, ghosted houses, and cool haze create an emotionally specific fading effect with careful tonal transitions.",87,"The strongest evidence is in typography (88): The title and byline are precisely spaced, while the tagline and release line follow the road perspective in a complete, cohesive hierarchy. The principal limitation is composition (84): The bright road wedge expands toward the viewer and strongly anchors the low center, creating scale depth between tiny houses, horizon, and headline. The remaining evidence is composition 84, concept 85, typography 88, and craft 85. Holistically, the typography strength helps, but the weaker composition dimension keeps the poster from fully resolving as one system."
PG05_I06,task_05,SELF,3,results_b200_3/poster_aesthetic5/qwen38/experiment/SELF/task_05/round_03/render.png,"Create an evocative theatrical poster for an independent film about memory, distance, and a slowly disappearing hometown. Develop a central visual suggesting a coastal town, an empty road, fading architecture, a distant human presence, or another image that conveys the uncertainty of remembering a place. The poster should imply a story without literally illustrating every narrative detail. Required text: WHERE THE HOUSES END; A film by Mara Venn; Some places disappear twice.; In selected theatres this winter. The result should feel cinematic, emotionally restrained, and visually specific to this film. Avoid generic streaming thumbnails, actor-credit grids, fake review quotes, and conventional template treatments. Do not design a webpage, collection of panels, or informational interface. Create one unified theatrical poster composition.",78,"Two isolated lit houses beneath an enormous pale horizon create restrained distance and disappearance, though the scene is archetypal rather than film-specific.",76,"Generous sky and restrained houses create calm distance, but the small central elements and even bands leave the composition underarticulated.",84,A restrained title and lower message stack provide clear cinematic hierarchy; all required text is present though the release line is delicate.,84,"The blue-gray twilight bands, warm window lights, and soft mist create a restrained melancholic atmosphere with clean tonal layering.",80,"The strongest evidence is in typography (84): A restrained title and lower message stack provide clear cinematic hierarchy; all required text is present though the release line is delicate. The principal limitation is composition (76): Generous sky and restrained houses create calm distance, but the small central elements and even bands leave the composition underarticulated. The remaining evidence is composition 76, concept 78, typography 84, and craft 84. Holistically, the typography strength helps, but the weaker composition dimension keeps the poster from fully resolving as one system."
PG05_I07,task_05,FUSED,4,results_b200_3/poster_aesthetic5/qwen38/experiment/FUSED/task_05/round_04/render.png,"Create an evocative theatrical poster for an independent film about memory, distance, and a slowly disappearing hometown. Develop a central visual suggesting a coastal town, an empty road, fading architecture, a distant human presence, or another image that conveys the uncertainty of remembering a place. The poster should imply a story without literally illustrating every narrative detail. Required text: WHERE THE HOUSES END; A film by Mara Venn; Some places disappear twice.; In selected theatres this winter. The result should feel cinematic, emotionally restrained, and visually specific to this film. Avoid generic streaming thumbnails, actor-credit grids, fake review quotes, and conventional template treatments. Do not design a webpage, collection of panels, or informational interface. Create one unified theatrical poster composition.",83,"Fog swallowing a close, dark cluster of houses while the road approaches creates a strong sense of uncertain recollection and return.",88,"The looming central house cluster, narrowing road, and large turbulent sky create strong depth and a compelling axial pull from title into the town.",20,"The poster omits the required title, leaving only small supporting copy; message hierarchy therefore fails regardless of the tasteful styling.",89,"The smoky turquoise sky, clustered black houses, and warm windows create exceptional cinematic isolation with nuanced fog and depth.",48,"The strongest evidence is in craft (89): The smoky turquoise sky, clustered black houses, and warm windows create exceptional cinematic isolation with nuanced fog and depth. The principal limitation is typography (20): The poster omits the required title, leaving only small supporting copy; message hierarchy therefore fails regardless of the tasteful styling. The remaining evidence is composition 88, concept 83, typography 20, and craft 89. The typography failure is critical enough to cap the otherwise stronger poster."
PG05_I08,task_05,AXES,2,results_b200_3/poster_aesthetic5/qwen38/experiment/AXES/task_05/round_02/render.png,"Create an evocative theatrical poster for an independent film about memory, distance, and a slowly disappearing hometown. Develop a central visual suggesting a coastal town, an empty road, fading architecture, a distant human presence, or another image that conveys the uncertainty of remembering a place. The poster should imply a story without literally illustrating every narrative detail. Required text: WHERE THE HOUSES END; A film by Mara Venn; Some places disappear twice.; In selected theatres this winter. The result should feel cinematic, emotionally restrained, and visually specific to this film. Avoid generic streaming thumbnails, actor-credit grids, fake review quotes, and conventional template treatments. Do not design a webpage, collection of panels, or informational interface. Create one unified theatrical poster composition.",76,"Tiny houses and posts spread along the horizon convey remoteness, but the imagery lacks a decisive story or metaphor for memory.",77,"The off-center lamp and house spacing create a quiet lateral rhythm, though the broad centered bands and small focal scale feel overly passive.",67,"The headline is readable, but byline and release copy are compressed into a very faint bottom cluster that undermines required-text clarity.",81,"The misty blue-gray treatment is coherent, though the small structures and broad flat bands feel a little under-modeled.",74,"The strongest evidence is in craft (81): The misty blue-gray treatment is coherent, though the small structures and broad flat bands feel a little under-modeled. The principal limitation is typography (67): The headline is readable, but byline and release copy are compressed into a very faint bottom cluster that undermines required-text clarity. The remaining evidence is composition 77, concept 76, typography 67, and craft 81. Holistically, the craft strength helps, but the weaker typography dimension keeps the poster from fully resolving as one system."
PG05_I09,task_05,FUSED,3,results_b200_3/poster_aesthetic5/qwen38/experiment/FUSED/task_05/round_03/render.png,"Create an evocative theatrical poster for an independent film about memory, distance, and a slowly disappearing hometown. Develop a central visual suggesting a coastal town, an empty road, fading architecture, a distant human presence, or another image that conveys the uncertainty of remembering a place. The poster should imply a story without literally illustrating every narrative detail. Required text: WHERE THE HOUSES END; A film by Mara Venn; Some places disappear twice.; In selected theatres this winter. The result should feel cinematic, emotionally restrained, and visually specific to this film. Avoid generic streaming thumbnails, actor-credit grids, fake review quotes, and conventional template treatments. Do not design a webpage, collection of panels, or informational interface. Create one unified theatrical poster composition.",79,"The paired houses and lone shoreline pole feel quietly abandoned, but the static symmetry makes the idea more emblematic than cinematic.",82,"A dark road wedge and separated houses produce clear foreground-to-horizon depth, balanced by the high moon and expansive negative sky.",74,"The title is strong, while the byline is nearly lost beneath it and the release line is faint; the tagline remains readable.",83,"The narrow warm lights against steel-blue fog are effective and clean, with a strong sense of distance despite minimal texture.",79,"The strongest evidence is in craft (83): The narrow warm lights against steel-blue fog are effective and clean, with a strong sense of distance despite minimal texture. The principal limitation is typography (74): The title is strong, while the byline is nearly lost beneath it and the release line is faint; the tagline remains readable. The remaining evidence is composition 82, concept 79, typography 74, and craft 83. Holistically, the craft strength helps, but the weaker typography dimension keeps the poster from fully resolving as one system."
PG05_I10,task_05,CEN_MAD,5,results_b200_3/poster_aesthetic5/qwen38/experiment/CEN_MAD/task_05/round_05/render.png,"Create an evocative theatrical poster for an independent film about memory, distance, and a slowly disappearing hometown. Develop a central visual suggesting a coastal town, an empty road, fading architecture, a distant human presence, or another image that conveys the uncertainty of remembering a place. The poster should imply a story without literally illustrating every narrative detail. Required text: WHERE THE HOUSES END; A film by Mara Venn; Some places disappear twice.; In selected theatres this winter. The result should feel cinematic, emotionally restrained, and visually specific to this film. Avoid generic streaming thumbnails, actor-credit grids, fake review quotes, and conventional template treatments. Do not design a webpage, collection of panels, or informational interface. Create one unified theatrical poster composition.",82,The settlement nearly erased into horizontal blur offers a subtle and effective visual treatment of a hometown disappearing from memory.,83,The extreme smallness of the roadside figures and houses against the vast horizon gives negative space expressive weight and a deliberate sense of distance.,81,"The shifted lower text block gives the tagline meaningful presence, but the byline and release copy are too small for comfortable reading.",80,"The blurred roadside subject and muted horizon generate loneliness, but excessive softness makes the central surface feel unresolved.",83,"The strongest evidence is in composition (83): The extreme smallness of the roadside figures and houses against the vast horizon gives negative space expressive weight and a deliberate sense of distance. The principal limitation is craft (80): The blurred roadside subject and muted horizon generate loneliness, but excessive softness makes the central surface feel unresolved. The remaining evidence is composition 83, concept 82, typography 81, and craft 80. Holistically, the composition strength helps, but the weaker craft dimension keeps the poster from fully resolving as one system."
PG05_I11,task_05,CEN_MAD,2,results_b200_3/poster_aesthetic5/qwen38/experiment/CEN_MAD/task_05/round_02/render.png,"Create an evocative theatrical poster for an independent film about memory, distance, and a slowly disappearing hometown. Develop a central visual suggesting a coastal town, an empty road, fading architecture, a distant human presence, or another image that conveys the uncertainty of remembering a place. The poster should imply a story without literally illustrating every narrative detail. Required text: WHERE THE HOUSES END; A film by Mara Venn; Some places disappear twice.; In selected theatres this winter. The result should feel cinematic, emotionally restrained, and visually specific to this film. Avoid generic streaming thumbnails, actor-credit grids, fake review quotes, and conventional template treatments. Do not design a webpage, collection of panels, or informational interface. Create one unified theatrical poster composition.",80,"The houses appear partially submerged in atmospheric bands, making disappearance tangible, though the distant tableau remains emotionally cool.",79,"The offset houses and fragmented lower text create a more uneasy balance than most, but the weak road cue leaves the middle hierarchy slightly diffuse.",78,"The separated tagline and byline create an evocative asymmetry, though the release line is faint and the byline has weak contrast.",78,"The cool fog layers are attractive, yet the houses dissolve too much and the nearly empty palette feels under-finished.",78,"The strongest evidence is in concept (80): The houses appear partially submerged in atmospheric bands, making disappearance tangible, though the distant tableau remains emotionally cool. The principal limitation is typography (78): The separated tagline and byline create an evocative asymmetry, though the release line is faint and the byline has weak contrast. The remaining evidence is composition 79, concept 80, typography 78, and craft 78. Holistically, the concept strength helps, but the weaker typography dimension keeps the poster from fully resolving as one system."
PG05_I12,task_05,FUSED,2,results_b200_3/poster_aesthetic5/qwen38/experiment/FUSED/task_05/round_02/render.png,"Create an evocative theatrical poster for an independent film about memory, distance, and a slowly disappearing hometown. Develop a central visual suggesting a coastal town, an empty road, fading architecture, a distant human presence, or another image that conveys the uncertainty of remembering a place. The poster should imply a story without literally illustrating every narrative detail. Required text: WHERE THE HOUSES END; A film by Mara Venn; Some places disappear twice.; In selected theatres this winter. The result should feel cinematic, emotionally restrained, and visually specific to this film. Avoid generic streaming thumbnails, actor-credit grids, fake review quotes, and conventional template treatments. Do not design a webpage, collection of panels, or informational interface. Create one unified theatrical poster composition.",84,"A broad road leading between separated houses creates an evocative narrative of departure or return, with distance doing conceptual work.",81,"The central road, lamp, and house pair create a clean depth axis with well-scaled sky, though symmetry keeps the viewing path predictable.",78,"The title, tagline, byline, and release line are all present, but supporting copy is very low contrast and loosely integrated.",84,"The blue-gray twilight bands, warm window lights, and soft mist create a restrained melancholic atmosphere with clean tonal layering.",81,"The strongest evidence is in concept (84): A broad road leading between separated houses creates an evocative narrative of departure or return, with distance doing conceptual work. The principal limitation is typography (78): The title, tagline, byline, and release line are all present, but supporting copy is very low contrast and loosely integrated. The remaining evidence is composition 81, concept 84, typography 78, and craft 84. Holistically, the concept strength helps, but the weaker typography dimension keeps the poster from fully resolving as one system."
PG05_I13,task_05,MAD,3,results_b200_3/poster_aesthetic5/qwen38/experiment/MAD/task_05/round_03/render.png,"Create an evocative theatrical poster for an independent film about memory, distance, and a slowly disappearing hometown. Develop a central visual suggesting a coastal town, an empty road, fading architecture, a distant human presence, or another image that conveys the uncertainty of remembering a place. The poster should imply a story without literally illustrating every narrative detail. Required text: WHERE THE HOUSES END; A film by Mara Venn; Some places disappear twice.; In selected theatres this winter. The result should feel cinematic, emotionally restrained, and visually specific to this film. Avoid generic streaming thumbnails, actor-credit grids, fake review quotes, and conventional template treatments. Do not design a webpage, collection of panels, or informational interface. Create one unified theatrical poster composition.",83,The centered road ending at scattered homes clearly visualizes the boundary named by the title and implies a journey without overexplaining it.,85,"The broad road wedge pulls powerfully from the bottom edge to the houses, creating a strong cinematic perspective and clear headline-to-horizon descent.",80,"The large title and byline are elegant, with a legible tagline and complete release line; hierarchy is clear though conservative.",86,"The central road and warm windows deepen the cool dusk scene, with especially clean atmospheric perspective and restrained glow.",85,"The strongest evidence is in craft (86): The central road and warm windows deepen the cool dusk scene, with especially clean atmospheric perspective and restrained glow. The principal limitation is typography (80): The large title and byline are elegant, with a legible tagline and complete release line; hierarchy is clear though conservative. The remaining evidence is composition 85, concept 83, typography 80, and craft 86. Holistically, the craft strength helps, but the weaker typography dimension keeps the poster from fully resolving as one system."
PG05_I14,task_05,AXES,3,results_b200_3/poster_aesthetic5/qwen38/experiment/AXES/task_05/round_03/render.png,"Create an evocative theatrical poster for an independent film about memory, distance, and a slowly disappearing hometown. Develop a central visual suggesting a coastal town, an empty road, fading architecture, a distant human presence, or another image that conveys the uncertainty of remembering a place. The poster should imply a story without literally illustrating every narrative detail. Required text: WHERE THE HOUSES END; A film by Mara Venn; Some places disappear twice.; In selected theatres this winter. The result should feel cinematic, emotionally restrained, and visually specific to this film. Avoid generic streaming thumbnails, actor-credit grids, fake review quotes, and conventional template treatments. Do not design a webpage, collection of panels, or informational interface. Create one unified theatrical poster composition.",82,The broken road line vanishing into fog beneath distant houses neatly converts fading memory into a spatial interruption.,79,"The offset road and house group create useful asymmetry beneath the moon, but the lower information becomes visually compressed and weakens the endpoint.",58,"Atmospheric fading suits the concept but pushes the title, byline, and release line below practical readability, despite their presence.",84,"The blue-gray twilight bands, warm window lights, and soft mist create a restrained melancholic atmosphere with clean tonal layering.",69,"The strongest evidence is in craft (84): The blue-gray twilight bands, warm window lights, and soft mist create a restrained melancholic atmosphere with clean tonal layering. The principal limitation is typography (58): Atmospheric fading suits the concept but pushes the title, byline, and release line below practical readability, despite their presence. The remaining evidence is composition 79, concept 82, typography 58, and craft 84. The typography failure is critical enough to cap the otherwise stronger poster."
PG05_I15,task_05,CEN_MAD,1,results_b200_3/poster_aesthetic5/qwen38/experiment/CEN_MAD/task_05/round_01/render.png,"Create an evocative theatrical poster for an independent film about memory, distance, and a slowly disappearing hometown. Develop a central visual suggesting a coastal town, an empty road, fading architecture, a distant human presence, or another image that conveys the uncertainty of remembering a place. The poster should imply a story without literally illustrating every narrative detail. Required text: WHERE THE HOUSES END; A film by Mara Venn; Some places disappear twice.; In selected theatres this winter. The result should feel cinematic, emotionally restrained, and visually specific to this film. Avoid generic streaming thumbnails, actor-credit grids, fake review quotes, and conventional template treatments. Do not design a webpage, collection of panels, or informational interface. Create one unified theatrical poster composition.",80,"The off-center homes and empty road feel like fragments slipping out of view, creating restrained cinematic unease.",80,"The interrupted centerline produces a clear route into the distant houses, while ample sky supports scale; the axial structure is still fairly conventional.",72,"The offset tagline is expressive, but the very small byline near the title and faint release line weaken required-message hierarchy.",76,"The cool fog and small amber windows remain cohesive, but the vertically constrained framing and broad gradients diminish finish.",76,"The strongest evidence is in concept (80): The off-center homes and empty road feel like fragments slipping out of view, creating restrained cinematic unease. The principal limitation is typography (72): The offset tagline is expressive, but the very small byline near the title and faint release line weaken required-message hierarchy. The remaining evidence is composition 80, concept 80, typography 72, and craft 76. Holistically, the concept strength helps, but the weaker typography dimension keeps the poster from fully resolving as one system."
PG05_I16,task_05,MAD,2,results_b200_3/poster_aesthetic5/qwen38/experiment/MAD/task_05/round_02/render.png,"Create an evocative theatrical poster for an independent film about memory, distance, and a slowly disappearing hometown. Develop a central visual suggesting a coastal town, an empty road, fading architecture, a distant human presence, or another image that conveys the uncertainty of remembering a place. The poster should imply a story without literally illustrating every narrative detail. Required text: WHERE THE HOUSES END; A film by Mara Venn; Some places disappear twice.; In selected theatres this winter. The result should feel cinematic, emotionally restrained, and visually specific to this film. Avoid generic streaming thumbnails, actor-credit grids, fake review quotes, and conventional template treatments. Do not design a webpage, collection of panels, or informational interface. Create one unified theatrical poster composition.",79,"The paired houses and lone shoreline pole feel quietly abandoned, but the static symmetry makes the idea more emblematic than cinematic.",82,"The road aligns moon, headline, and houses into a coherent depth sequence, with the lamp adding a slight lateral counterweight.",84,"The wide title and centered lower type form a polished cinematic system, with all required wording present and mostly clear.",83,"The cool horizon bands and roadway are cleanly controlled, with warm points of light providing subtle emotional contrast.",82,"The strongest evidence is in typography (84): The wide title and centered lower type form a polished cinematic system, with all required wording present and mostly clear. The principal limitation is concept (79): The paired houses and lone shoreline pole feel quietly abandoned, but the static symmetry makes the idea more emblematic than cinematic. The remaining evidence is composition 82, concept 79, typography 84, and craft 83. Holistically, the typography strength helps, but the weaker concept dimension keeps the poster from fully resolving as one system."
PG05_I17,task_05,AXES,1,results_b200_3/poster_aesthetic5/qwen38/experiment/AXES/task_05/round_01/render.png,"Create an evocative theatrical poster for an independent film about memory, distance, and a slowly disappearing hometown. Develop a central visual suggesting a coastal town, an empty road, fading architecture, a distant human presence, or another image that conveys the uncertainty of remembering a place. The poster should imply a story without literally illustrating every narrative detail. Required text: WHERE THE HOUSES END; A film by Mara Venn; Some places disappear twice.; In selected theatres this winter. The result should feel cinematic, emotionally restrained, and visually specific to this film. Avoid generic streaming thumbnails, actor-credit grids, fake review quotes, and conventional template treatments. Do not design a webpage, collection of panels, or informational interface. Create one unified theatrical poster composition.",84,"The road's markings fracture as they approach distant homes, giving the loss of place a specific visual analogy to failing memory.",81,"The dashed centerline strengthens foreground depth and the two houses form a stable horizon anchor, though the overall field remains highly symmetrical.",75,"The title reads strongly and the road-centered tagline works well, but byline and release copy are cramped together at the bottom.",85,"The dark houses, thin road, and steel-blue haze create solid distance and consistency, though some bands remain overly smooth.",80,"The strongest evidence is in craft (85): The dark houses, thin road, and steel-blue haze create solid distance and consistency, though some bands remain overly smooth. The principal limitation is typography (75): The title reads strongly and the road-centered tagline works well, but byline and release copy are cramped together at the bottom. The remaining evidence is composition 81, concept 84, typography 75, and craft 85. Holistically, the craft strength helps, but the weaker typography dimension keeps the poster from fully resolving as one system."
PG05_I18,task_05,AXES,4,results_b200_3/poster_aesthetic5/qwen38/experiment/AXES/task_05/round_04/render.png,"Create an evocative theatrical poster for an independent film about memory, distance, and a slowly disappearing hometown. Develop a central visual suggesting a coastal town, an empty road, fading architecture, a distant human presence, or another image that conveys the uncertainty of remembering a place. The poster should imply a story without literally illustrating every narrative detail. Required text: WHERE THE HOUSES END; A film by Mara Venn; Some places disappear twice.; In selected theatres this winter. The result should feel cinematic, emotionally restrained, and visually specific to this film. Avoid generic streaming thumbnails, actor-credit grids, fake review quotes, and conventional template treatments. Do not design a webpage, collection of panels, or informational interface. Create one unified theatrical poster composition.",86,A road literally dissolving into wavering luminous traces creates the most direct and memorable metaphor for an uncertain remembered hometown.,78,"The faint houses and road exploit negative space for distance, but their low visual weight leaves the title and moon too dominant over the lower half.",61,The fading title and extremely subdued byline/release lines sacrifice too much comprehension to atmosphere.,83,"The cool gray palette and mist are coherent, but pale structures and thin foreground details lack decisive tonal separation.",75,"The strongest evidence is in concept (86): A road literally dissolving into wavering luminous traces creates the most direct and memorable metaphor for an uncertain remembered hometown. The principal limitation is typography (61): The fading title and extremely subdued byline/release lines sacrifice too much comprehension to atmosphere. The remaining evidence is composition 78, concept 86, typography 61, and craft 83. Holistically, the concept strength helps, but the weaker typography dimension keeps the poster from fully resolving as one system."
PG05_I19,task_05,SELF,2,results_b200_3/poster_aesthetic5/qwen38/experiment/SELF/task_05/round_02/render.png,"Create an evocative theatrical poster for an independent film about memory, distance, and a slowly disappearing hometown. Develop a central visual suggesting a coastal town, an empty road, fading architecture, a distant human presence, or another image that conveys the uncertainty of remembering a place. The poster should imply a story without literally illustrating every narrative detail. Required text: WHERE THE HOUSES END; A film by Mara Venn; Some places disappear twice.; In selected theatres this winter. The result should feel cinematic, emotionally restrained, and visually specific to this film. Avoid generic streaming thumbnails, actor-credit grids, fake review quotes, and conventional template treatments. Do not design a webpage, collection of panels, or informational interface. Create one unified theatrical poster composition.",77,"The tiny houses beneath a large moon communicate solitude well, but the image is a familiar melancholic landscape with limited narrative specificity.",78,"The small offset houses and lamp break the broad horizontal bands gently, but the moon and title remain conventionally centered and dominant.",85,"Excellent title scale and a complete, centered three-tier lower message create a refined cinematic reading sequence.",82,"The moonlit blue-gray field and tiny amber windows are cohesive and polished, though the broad bands feel slightly schematic.",80,"The strongest evidence is in typography (85): Excellent title scale and a complete, centered three-tier lower message create a refined cinematic reading sequence. The principal limitation is concept (77): The tiny houses beneath a large moon communicate solitude well, but the image is a familiar melancholic landscape with limited narrative specificity. The remaining evidence is composition 78, concept 77, typography 85, and craft 82. Holistically, the typography strength helps, but the weaker concept dimension keeps the poster from fully resolving as one system."
PG05_I20,task_05,R0,0,results_b200_3/poster_aesthetic5/qwen38/experiment/SELF/task_05/r0.png,"Create an evocative theatrical poster for an independent film about memory, distance, and a slowly disappearing hometown. Develop a central visual suggesting a coastal town, an empty road, fading architecture, a distant human presence, or another image that conveys the uncertainty of remembering a place. The poster should imply a story without literally illustrating every narrative detail. Required text: WHERE THE HOUSES END; A film by Mara Venn; Some places disappear twice.; In selected theatres this winter. The result should feel cinematic, emotionally restrained, and visually specific to this film. Avoid generic streaming thumbnails, actor-credit grids, fake review quotes, and conventional template treatments. Do not design a webpage, collection of panels, or informational interface. Create one unified theatrical poster composition.",79,"The paired houses and lone shoreline pole feel quietly abandoned, but the static symmetry makes the idea more emblematic than cinematic.",80,"The small clustered houses and lamp create a subtle lower focal point beneath the broad sky, but the viewer path is almost entirely a static vertical stack.",66,"The title is clear, but the byline near the moon and release line at the bottom are extremely faint, leaving the required copy fragile.",85,"The cool horizon bands and roadway are cleanly controlled, with warm points of light providing subtle emotional contrast.",76,"The strongest evidence is in craft (85): The cool horizon bands and roadway are cleanly controlled, with warm points of light providing subtle emotional contrast. The principal limitation is typography (66): The title is clear, but the byline near the moon and release line at the bottom are extremely faint, leaving the required copy fragile. The remaining evidence is composition 80, concept 79, typography 66, and craft 85. Holistically, the craft strength helps, but the weaker typography dimension keeps the poster from fully resolving as one system."
PG05_I21,task_05,SELF,5,results_b200_3/poster_aesthetic5/qwen38/experiment/SELF/task_05/round_05/render.png,"Create an evocative theatrical poster for an independent film about memory, distance, and a slowly disappearing hometown. Develop a central visual suggesting a coastal town, an empty road, fading architecture, a distant human presence, or another image that conveys the uncertainty of remembering a place. The poster should imply a story without literally illustrating every narrative detail. Required text: WHERE THE HOUSES END; A film by Mara Venn; Some places disappear twice.; In selected theatres this winter. The result should feel cinematic, emotionally restrained, and visually specific to this film. Avoid generic streaming thumbnails, actor-credit grids, fake review quotes, and conventional template treatments. Do not design a webpage, collection of panels, or informational interface. Create one unified theatrical poster composition.",78,"Two isolated lit houses beneath an enormous pale horizon create restrained distance and disappearance, though the scene is archetypal rather than film-specific.",80,"The paired houses and moon achieve clear distance hierarchy with generous breathing room, though the composition is calm to the point of predictability.",85,"A restrained, complete title and lower hierarchy preserve cinematic mood while keeping every required line readable.",82,"The moonlit cyan-gray field and tiny amber windows are cohesive and polished, though the broad bands feel slightly schematic.",80,"The strongest evidence is in typography (85): A restrained, complete title and lower hierarchy preserve cinematic mood while keeping every required line readable. The principal limitation is concept (78): Two isolated lit houses beneath an enormous pale horizon create restrained distance and disappearance, though the scene is archetypal rather than film-specific. The remaining evidence is composition 80, concept 78, typography 85, and craft 82. Holistically, the typography strength helps, but the weaker concept dimension keeps the poster from fully resolving as one system."
PG05_I22,task_05,CEN_MAD,4,results_b200_3/poster_aesthetic5/qwen38/experiment/CEN_MAD/task_05/round_04/render.png,"Create an evocative theatrical poster for an independent film about memory, distance, and a slowly disappearing hometown. Develop a central visual suggesting a coastal town, an empty road, fading architecture, a distant human presence, or another image that conveys the uncertainty of remembering a place. The poster should imply a story without literally illustrating every narrative detail. Required text: WHERE THE HOUSES END; A film by Mara Venn; Some places disappear twice.; In selected theatres this winter. The result should feel cinematic, emotionally restrained, and visually specific to this film. Avoid generic streaming thumbnails, actor-credit grids, fake review quotes, and conventional template treatments. Do not design a webpage, collection of panels, or informational interface. Create one unified theatrical poster composition.",81,"The low, stretched settlement and solitary pole recede into haze like a partial memory, though the narrative focus remains diffuse.",82,"A tall lamp and tiny lateral house group create effective asymmetry across the horizon, letting the empty center express distance while retaining a readable path.",82,The title and lower information are complete and well centered; wide tagline tracking adds atmosphere without seriously harming reading.,87,"The silhouetted roadside figures and lamp add emotional texture to the blue-gray haze, with strong distance and careful low-key contrast.",84,"The strongest evidence is in craft (87): The silhouetted roadside figures and lamp add emotional texture to the blue-gray haze, with strong distance and careful low-key contrast. The principal limitation is concept (81): The low, stretched settlement and solitary pole recede into haze like a partial memory, though the narrative focus remains diffuse. The remaining evidence is composition 82, concept 81, typography 82, and craft 87. Holistically, the craft strength helps, but the weaker concept dimension keeps the poster from fully resolving as one system."
PG05_I23,task_05,AXES,5,results_b200_3/poster_aesthetic5/qwen38/experiment/AXES/task_05/round_05/render.png,"Create an evocative theatrical poster for an independent film about memory, distance, and a slowly disappearing hometown. Develop a central visual suggesting a coastal town, an empty road, fading architecture, a distant human presence, or another image that conveys the uncertainty of remembering a place. The poster should imply a story without literally illustrating every narrative detail. Required text: WHERE THE HOUSES END; A film by Mara Venn; Some places disappear twice.; In selected theatres this winter. The result should feel cinematic, emotionally restrained, and visually specific to this film. Avoid generic streaming thumbnails, actor-credit grids, fake review quotes, and conventional template treatments. Do not design a webpage, collection of panels, or informational interface. Create one unified theatrical poster composition.",86,A road literally dissolving into wavering luminous traces creates the most direct and memorable metaphor for an uncertain remembered hometown.,81,"The road and dashed line pull into the faint houses with convincing depth, but the centered moon-title-road alignment remains compositionally familiar.",55,"Conceptual fading becomes excessive: title, byline, and release line nearly disappear, substantially weakening the required message.",79,"The ghosted houses and curling pale marks support disappearance, but the softness and stray effects feel less fully integrated.",69,"The strongest evidence is in concept (86): A road literally dissolving into wavering luminous traces creates the most direct and memorable metaphor for an uncertain remembered hometown. The principal limitation is typography (55): Conceptual fading becomes excessive: title, byline, and release line nearly disappear, substantially weakening the required message. The remaining evidence is composition 81, concept 86, typography 55, and craft 79. The typography failure is critical enough to cap the otherwise stronger poster."
PG05_I24,task_05,CEN_MAD,3,results_b200_3/poster_aesthetic5/qwen38/experiment/CEN_MAD/task_05/round_03/render.png,"Create an evocative theatrical poster for an independent film about memory, distance, and a slowly disappearing hometown. Develop a central visual suggesting a coastal town, an empty road, fading architecture, a distant human presence, or another image that conveys the uncertainty of remembering a place. The poster should imply a story without literally illustrating every narrative detail. Required text: WHERE THE HOUSES END; A film by Mara Venn; Some places disappear twice.; In selected theatres this winter. The result should feel cinematic, emotionally restrained, and visually specific to this film. Avoid generic streaming thumbnails, actor-credit grids, fake review quotes, and conventional template treatments. Do not design a webpage, collection of panels, or informational interface. Create one unified theatrical poster composition.",82,The settlement nearly erased into horizontal blur offers a subtle and effective visual treatment of a hometown disappearing from memory.,83,"The isolated lamp on the left counterbalances the compact house group, creating a deliberate horizontal tension across the otherwise quiet layered landscape.",79,"The title is readable and the centered lower stack is complete, though delicate tracking and low contrast make the byline and release line demanding.",81,"The cool fog layers are attractive, yet the houses dissolve too much and the nearly empty palette feels under-finished.",81,"The strongest evidence is in composition (83): The isolated lamp on the left counterbalances the compact house group, creating a deliberate horizontal tension across the otherwise quiet layered landscape. The principal limitation is typography (79): The title is readable and the centered lower stack is complete, though delicate tracking and low contrast make the byline and release line demanding. The remaining evidence is composition 83, concept 82, typography 79, and craft 81. Holistically, the composition strength helps, but the weaker typography dimension keeps the poster from fully resolving as one system."
PG05_I25,task_05,MAD,1,results_b200_3/poster_aesthetic5/qwen38/experiment/MAD/task_05/round_01/render.png,"Create an evocative theatrical poster for an independent film about memory, distance, and a slowly disappearing hometown. Develop a central visual suggesting a coastal town, an empty road, fading architecture, a distant human presence, or another image that conveys the uncertainty of remembering a place. The poster should imply a story without literally illustrating every narrative detail. Required text: WHERE THE HOUSES END; A film by Mara Venn; Some places disappear twice.; In selected theatres this winter. The result should feel cinematic, emotionally restrained, and visually specific to this film. Avoid generic streaming thumbnails, actor-credit grids, fake review quotes, and conventional template treatments. Do not design a webpage, collection of panels, or informational interface. Create one unified theatrical poster composition.",84,The road aimed at a small pair of houses creates a strong journey-and-distance image with restrained cinematic specificity.,81,"The slight asymmetry of lamp and houses animates the horizon, while the dark road creates a clear lower anchor; the broad bands remain somewhat rigid.",78,"The title has strong cinematic presence, but the byline is tiny under the moon and the release line remains faint at the trim.",85,"The clean steel-blue night, warm windows, and central road form a polished restrained atmosphere with convincing spatial fade.",81,"The strongest evidence is in craft (85): The clean steel-blue night, warm windows, and central road form a polished restrained atmosphere with convincing spatial fade. The principal limitation is typography (78): The title has strong cinematic presence, but the byline is tiny under the moon and the release line remains faint at the trim. The remaining evidence is composition 81, concept 84, typography 78, and craft 85. Holistically, the craft strength helps, but the weaker typography dimension keeps the poster from fully resolving as one system."
PG05_I26,task_05,MAD,5,results_b200_3/poster_aesthetic5/qwen38/experiment/MAD/task_05/round_05/render.png,"Create an evocative theatrical poster for an independent film about memory, distance, and a slowly disappearing hometown. Develop a central visual suggesting a coastal town, an empty road, fading architecture, a distant human presence, or another image that conveys the uncertainty of remembering a place. The poster should imply a story without literally illustrating every narrative detail. Required text: WHERE THE HOUSES END; A film by Mara Venn; Some places disappear twice.; In selected theatres this winter. The result should feel cinematic, emotionally restrained, and visually specific to this film. Avoid generic streaming thumbnails, actor-credit grids, fake review quotes, and conventional template treatments. Do not design a webpage, collection of panels, or informational interface. Create one unified theatrical poster composition.",83,"A dark road receding toward only two lit houses suggests both departure and fragile recollection in a clean, story-bearing image.",84,"The bright road wedge supplies strong foreground scale and pulls directly toward the separated houses, creating a clear cinematic depth hierarchy beneath the title.",72,"The title and tagline are clear, while the byline and release line are low contrast; the overall hierarchy remains coherent but restrained.",84,"The road glow and warm house lights are well balanced against cool layered dusk, creating a cohesive, finished melancholy.",80,"The strongest evidence is in composition (84): The bright road wedge supplies strong foreground scale and pulls directly toward the separated houses, creating a clear cinematic depth hierarchy beneath the title. The principal limitation is typography (72): The title and tagline are clear, while the byline and release line are low contrast; the overall hierarchy remains coherent but restrained. The remaining evidence is composition 84, concept 83, typography 72, and craft 84. Holistically, the composition strength helps, but the weaker typography dimension keeps the poster from fully resolving as one system."
